"Incident ID","Offence Code","CR Number","Dispatch Date / Time","Start_Date_Time","End_Date_Time","NIBRS Code","Victims","Crime Name1","Crime Name2","Crime Name3","Police District Name","Block Address","City","State","Zip Code","Agency","Place","Sector","Beat","PRA","Address Number","Street Prefix","Street Name","Street Suffix","Street Type","Latitude","Longitude","Police District Number","Location"
"201591675","2303","260041495",,"09/21/2026 10:13:00 PM",,"23C","1","Crime Against Property","Shoplifting","LARCENY - SHOPLIFTING","SILVER SPRING","12000 BLK  CHERRY HILL RD","SILVER SPRING","MD","20904","MCPD","Retail - Department/Discount Store","I","3I1","146","12000",,"CHERRY HILL",,"RD","39.05259","-76.9531","3D","    (39.0526, -76.9531)"
"201591656","9108","260041476",,"09/21/2026 07:51:00 PM",,"90Z","1","Crime Against Society","All Other Offenses","RECOVERED PROPERTY - MONT CO.","WHEATON",,"SILVER SPRING","MD","20902","MCPD","Street - Commercial","L","4L1","329",,,"SHOREFIELD",,"RD","39.05304","-77.0477","4D","    (39.053, -77.0477)"
"201591676","1399","260041487","09/21/2026 07:27:56 PM","09/21/2026 07:27:00 PM",,"13B","1","Crime Against Person","Simple Assault","ASSAULT - 2ND DEGREE","WHEATON","4400 BLK  RANDOLPH RD","SILVER SPRING","MD","20906","MCPD","Residence - Single Family","L","4L1","524","4400",,"RANDOLPH",,"RD","39.05539","-77.0836","4D","    (39.0554, -77.0836)"
"201591653","9101","260041484","09/21/2026 06:49:51 PM","09/21/2026 06:49:00 PM",,"90Z","1","Crime Against Society","All Other Offenses","SUDDEN DEATH","MONTGOMERY VILLAGE","8400 BLK  TOWNE CREST CT","GAITHERSBURG","MD","20877","MCPD","Residence -Townhouse/Duplex","P","6P3","767","8400",,"TOWNE CREST",,"CT","39.14584","-77.1727","6D","    (39.1458, -77.1727)"
"201591657","9021","260041478","09/21/2026 06:28:40 PM","09/21/2026 06:28:00 PM","09/21/2026 06:28:00 PM","90I","2","Crime Against Not a Crime","Runaway","JUVENILE - RUNAWAY","MONTGOMERY VILLAGE","15000 BLK  BROSCHART RD","ROCKVILLE","MD","20850","MCPD","School/College - DO NOT USE","P","6P1","721","15000",,"BROSCHART",,"RD","39.10179","-77.2003","6D","    (39.1018, -77.2003)"
"201591659","2399","260041472","09/21/2026 05:21:25 PM","09/21/2026 05:21:00 PM",,"23H","1","Crime Against Property","All other Larceny","LARCENY (DESCRIBE OFFENSE)","GERMANTOWN","20200 BLK  WATERSIDE DR","GERMANTOWN","MD","20874","MCPD","Bank - ATM","N","5N1","465","20200",,"WATERSIDE",,"DR","39.18744","-77.2777","5D","    (39.1874, -77.2777)"
"201591635","9199","260041437",,"09/21/2026 03:41:00 PM",,"90Z","1","Crime Against Society","All Other Offenses","POLICE INFORMATION","SILVER SPRING","1000 BLK  MILESTONE DR","SILVER SPRING","MD","20904","MCPD","Government Building","I","3I1","148","1000",,"MILESTONE",,"DR","39.04565","-76.992","3D","    (39.0457, -76.992)"
"201591631","1399","260041438","09/21/2026 03:28:23 PM","09/21/2026 03:28:00 PM",,"13B","1","Crime Against Person","Simple Assault","ASSAULT - 2ND DEGREE","MONTGOMERY VILLAGE","18300 BLK  STREAMSIDE DR","GAITHERSBURG","MD","20879","MCPD","Residence - Apartment/Condo","R","6R3","420","18300",,"STREAMSIDE",,"DR","39.15484","-77.1691","6D","    (39.1548, -77.1691)"
"201591669","9106","260041468","09/21/2026 03:16:50 PM","09/21/2026 03:16:00 PM",,"90Z","1","Crime Against Society","All Other Offenses","MENTAL ILLNESS","SILVER SPRING","15600 BLK  OLD COLUMBIA PIKE PIK","BURTONSVILLE","MD","20866","MCPD","Grocery/Supermarket","I","3I2","383","15600",,"OLD COLUMBIA PIKE",,"PIK","0.0","0.0","3D","    (0.0, 0.0)"
"201591649","9107","260041444","09/21/2026 03:09:17 PM","09/21/2026 03:09:00 PM",,"90Z","1","Crime Against Society","All Other Offenses","MISSING PERSON","GERMANTOWN","13700 BLK  PALMETTO CIR","GERMANTOWN","MD","20874","MCPD","Residence -Townhouse/Duplex","N","5N2","596","13700",,"PALMETTO",,"CIR","39.17414","-77.2855","5D","    (39.1741, -77.2855)"
"201591610","9107","260041407","09/21/2026 11:35:44 AM","09/21/2026 11:35:00 AM",,"90Z","1","Crime Against Society","All Other Offenses","MISSING PERSON","MONTGOMERY VILLAGE","9700 BLK  FIELDS RD","GAITHERSBURG","MD","20878","MCPD","Residence - Apartment/Condo","P","6P1","441","9700",,"FIELDS",,"RD","39.11309","-77.1994","6D","    (39.1131, -77.1994)"
"201591633","9113","260041404","09/21/2026 11:25:18 AM","09/21/2026 11:25:00 AM",,"90Z","1","Crime Against Society","All Other Offenses","MENTAL ILLNESS - EMERGENCY PETITION","ROCKVILLE","100 BLK  HALPINE RD","ROCKVILLE","MD","20852","RCPD","Residence - Apartment/Condo","A","1A2","269","100",,"HALPINE",,"RD","39.06184","-77.124","1D","    (39.0618, -77.124)"
"201591620","9105","260041421",,"09/21/2026 11:00:00 AM",,"90Z","1","Crime Against Society","All Other Offenses","LOST PROPERTY","MONTGOMERY VILLAGE","100 BLK  DUVALL LA","GAITHERSBURG","MD","20877","GPD","Residence - Other","P","6P1","434","100",,"DUVALL",,"LA","39.13036","-77.204","6D","    (39.1304, -77.204)"
"201591597","1212","260041373",,"09/21/2026 10:52:00 AM",,"120","1","Crime Against Property","Robbery","ROBBERY - CARJACKING - ARMED","ROCKVILLE",,"GERMANTOWN","MD","20874","MCPD","Street - Other","B","1B2","711",,,"GERMANTOWN",,"RD","39.174","-77.2741","1D","    (39.174, -77.2741)"
"201591629","2204","260041411","09/21/2026 10:47:56 AM","09/21/2026 10:47:00 AM",,"220","1","Crime Against Property","Burglary/Breaking and Entering","BURGLARY - NO FORCED ENTRY-RESIDENTIAL","WHEATON","1000 BLK  GADSDEN AVE","SILVER SPRING","MD","20905","MCPD","Residence - Single Family","K","4K2","389","1000",,"GADSDEN",,"AVE","39.13738","-76.9917","4D","    (39.1374, -76.9917)"
"201591616","1399","260041389","09/21/2026 10:31:21 AM","09/21/2026 10:31:00 AM",,"13B","1","Crime Against Person","Simple Assault","ASSAULT - 2ND DEGREE","WHEATON","3100 BLK  HEWITT AVE","SILVER SPRING","MD","20906","MCPD","School - Elementary/Secondary","K","4K1","348","3100",,"HEWITT",,"AVE","0.0","0.0","4D","    (0.0, 0.0)"
"201591609","5212","260041392","09/21/2026 08:53:57 AM","09/21/2026 10:30:00 AM","09/21/2026 12:00:00 PM","520","1","Crime Against Society","Weapon Law Violations","WEAPON - POSSESSION","BETHESDA","11600 BLK  NEBEL ST","ROCKVILLE","MD","20852","MCPD","Shelter-Mission/Homeless","D","2D1","187","11600",,"NEBEL",,"ST","0.0","0.0","2D","    (0.0, 0.0)"
"201591623","2999","260041382","09/21/2026 09:57:22 AM","09/21/2026 09:57:00 AM",,"290","1","Crime Against Property","Destruction/Damage/Vandalism of Property","DAMAGE PROPERTY (DESCRIBE OFFENSE)","BETHESDA","2500 BLK  SPENCER RD","SILVER SPRING","MD","20910","MCPD","Residence - Single Family","D","2D1","085","2500",,"SPENCER",,"RD","38.99612","-77.0518","2D","    (38.9961, -77.0518)"
"201591596","9199","260041368","09/21/2026 09:11:21 AM","09/21/2026 09:11:00 AM",,"90Z","1","Crime Against Society","All Other Offenses","POLICE INFORMATION","WHEATON","3000 BLK  HEWITT AVE","SILVER SPRING","MD","20906","MCPD","Parking Lot - Residential","K","4K1","348","3000",,"HEWITT",,"AVE","0.0","0.0","4D","    (0.0, 0.0)"
"201591593","3550","260041379","09/21/2026 09:03:42 AM","09/21/2026 09:03:00 AM",,"35B","1","Crime Against Society","Drug Equipment Violations","DRUGS - NARCOTIC EQUIP - POSSESS","MONTGOMERY VILLAGE","9700 BLK  HELLINGLY PL","MONTGOMERY VILLAGE","MD","20886","MCPD","Residence -Townhouse/Duplex","R","6R1","766","9700",,"HELLINGLY",,"PL","39.15966","-77.2046","6D","    (39.1597, -77.2046)"
"201591593","2204","260041379","09/21/2026 09:03:42 AM","09/21/2026 09:03:00 AM",,"220","1","Crime Against Property","Burglary/Breaking and Entering","BURGLARY - NO FORCED ENTRY-RESIDENTIAL","MONTGOMERY VILLAGE","9700 BLK  HELLINGLY PL","MONTGOMERY VILLAGE","MD","20886","MCPD","Residence -Townhouse/Duplex","R","6R1","766","9700",,"HELLINGLY",,"PL","39.15966","-77.2046","6D","    (39.1597, -77.2046)"
"201591652","1399","260041480",,"09/21/2026 09:00:00 AM",,"13B","1","Crime Against Person","Simple Assault","ASSAULT - 2ND DEGREE","MONTGOMERY VILLAGE","18900 BLK  PREMIERE CT","GAITHERSBURG","MD","20879","MCPD","Commercial - Industrial park","R","6R3","421","18900",,"PREMIERE",,"CT","39.16646","-77.1673","6D","    (39.1665, -77.1673)"
"201591619","9101","260041372","09/21/2026 08:47:44 AM","09/21/2026 08:47:00 AM",,"90Z","1","Crime Against Society","All Other Offenses","SUDDEN DEATH","WHEATON","1200 BLK  RAINBOW DR","SILVER SPRING","MD","20905","MCPD","Residence - Single Family","K","4K2","386","1200",,"RAINBOW",,"DR","39.10889","-76.9873","4D","    (39.1089, -76.9873)"
"201591637","9109","260041354","09/21/2026 07:48:48 AM","09/21/2026 07:48:00 AM",,"90Z","1","Crime Against Society","All Other Offenses","RECOVERED PROPERTY - OTHER","ROCKVILLE","1  BLK  MARYLAND AVE","ROCKVILLE","MD","20850","RCPD","Street - Commercial","A","1A1","277","1",,"MARYLAND",,"AVE","39.14486","-77.2027","1D","    (39.1449, -77.2027)"
"201591576","9199","260041353","09/21/2026 07:33:18 AM","09/21/2026 07:33:00 AM","09/21/2026 08:20:00 AM","90Z","1","Crime Against Society","All Other Offenses","POLICE INFORMATION","BETHESDA",,"BETHESDA","MD","20817","MCPD","Street - Other","E","2E2","218",,,"RIVER",,"RD","38.96789","-77.1079","2D","    (38.9679, -77.1079)"
"201591559","2404","260041339","09/21/2026 02:11:54 AM","09/21/2026 02:11:00 AM",,"240","1","Crime Against Property","Motor Vehicle Theft","AUTO THEFT - VEHICLE THEFT","BETHESDA","11900 BLK  ASHLEY DR","ROCKVILLE","MD","20852","MCPD","Residence - Single Family","D","2D1","308","11900",,"ASHLEY",,"DR","0.0","0.0","2D","    (0.0, 0.0)"
"201591561","4802","260041340","09/21/2026 01:18:18 AM","09/21/2026 01:18:00 AM",,"90Z","1","Crime Against Society","All Other Offenses","OBSTRUCT POLICE - OBSTRUCT CRIMINAL INVEST","MONTGOMERY VILLAGE","200 BLK N FREDERICK AVE","GAITHERSBURG","MD","20877","GPD","Parking Lot - Commercial","P","6P3","427","200","N","FREDERICK",,"AVE","39.09454","-77.1506","6D","    (39.0945, -77.1506)"
"201591556","2303","260041337","09/21/2026 12:47:04 AM","09/21/2026 12:47:00 AM",,"23C","1","Crime Against Property","Shoplifting","LARCENY - SHOPLIFTING","SILVER SPRING","2600 BLK  FOREST GLEN RD","SILVER SPRING","MD","20910","MCPD","Gas Station","G","3G2","175","2600",,"FOREST GLEN",,"RD","39.01464","-77.0542","3D","    (39.0146, -77.0542)"
"201591557","9107","260041336","09/21/2026 12:46:44 AM","09/21/2026 12:46:00 AM",,"90Z","1","Crime Against Society","All Other Offenses","MISSING PERSON","GERMANTOWN","21200 BLK  DELEVAN WAY","GERMANTOWN","MD","20876","MCPD","Residence - Other","M","5M3","474","21200",,"DELEVAN",,"WAY","0.0","0.0","5D","    (0.0, 0.0)"
"201591549","9021","260041334","09/20/2026 11:33:40 PM","09/20/2026 11:33:00 PM",,"90I","1","Crime Against Not a Crime","Runaway","JUVENILE - RUNAWAY","BETHESDA","6300 BLK  GREENTREE RD","BETHESDA","MD","20817","MCPD","Shelter-Mission/Homeless","E","2E1","068","6300",,"GREENTREE",,"RD","39.00172","-77.1278","2D","    (39.0017, -77.1278)"
"201591555","9021","260041329","09/20/2026 10:48:55 PM","09/20/2026 10:48:00 PM",,"90I","1","Crime Against Not a Crime","Runaway","JUVENILE - RUNAWAY","SILVER SPRING","500 BLK  SCHUYLER RD","SILVER SPRING","MD","20910","MCPD","Residence - Single Family","G","3G2","119","500",,"SCHUYLER",,"RD","39.00126","-77.0159","3D","    (39.0013, -77.0159)"
"201591543","2601","260041326","09/20/2026 10:08:35 PM","09/20/2026 10:08:00 PM",,"26A","1","Crime Against Property","False Pretenses/Swindle/Confidence Game","FRAUD - CONFIDENCE GAME","WHEATON","14200 BLK  AMBERLEIGH TER","SILVER SPRING","MD","20905","MCPD","Residence - Single Family","K","4K2","902","14200",,"AMBERLEIGH",,"TER","39.09029","-77.005","4D","    (39.0903, -77.005)"
"201591558","9113","260041325","09/20/2026 09:59:44 PM","09/20/2026 09:59:00 PM",,"90Z","1","Crime Against Society","All Other Offenses","MENTAL ILLNESS - EMERGENCY PETITION","MONTGOMERY VILLAGE","19200 BLK  WATKINS MILL RD","MONTGOMERY VILLAGE","MD","20886","MCPD","Convenience Store","R","6R2","546","19200",,"WATKINS MILL",,"RD","39.17057","-77.2089","6D","    (39.1706, -77.2089)"
"201591539","1399","260041323","09/20/2026 09:42:44 PM","09/20/2026 09:42:00 PM",,"13B","1","Crime Against Person","Simple Assault","ASSAULT - 2ND DEGREE","BETHESDA","10500 BLK  ENGLISHMAN DR","ROCKVILLE","MD","20852","MCPD","Residence - Apartment/Condo","E","2E1","190","10500",,"ENGLISHMAN",,"DR","39.0276","-77.1109","2D","    (39.0276, -77.1109)"
"201591550","2204","260041327","09/20/2026 10:37:53 PM","09/20/2026 09:40:00 PM","09/20/2026 09:46:00 PM","220","1","Crime Against Property","Burglary/Breaking and Entering","BURGLARY - NO FORCED ENTRY-RESIDENTIAL","GERMANTOWN","12900 BLK  CLIMBING IVY DR","GERMANTOWN","MD","20874","MCPD","Residence -Townhouse/Duplex","N","5N2","594","12900",,"CLIMBING IVY",,"DR","39.16499","-77.2673","5D","    (39.165, -77.2673)"
"201591537","9113","260041322","09/20/2026 09:08:50 PM","09/20/2026 09:08:00 PM",,"90Z","1","Crime Against Society","All Other Offenses","MENTAL ILLNESS - EMERGENCY PETITION","WHEATON","4100 BLK  RANDOLPH RD","SILVER SPRING","MD","20906","MCPD","Gas Station","L","4L3","525","4100",,"RANDOLPH",,"RD","39.05747","-77.08","4D","    (39.0575, -77.08)"
"201591534","9101","260041319","09/20/2026 09:01:57 PM","09/20/2026 09:01:00 PM",,"90Z","1","Crime Against Society","All Other Offenses","SUDDEN DEATH","WHEATON","3300 BLK N LEISURE WORLD BLV","SILVER SPRING","MD","20906","MCPD","Residence - Apartment/Condo","K","4K1","346","3300","N","LEISURE WORLD",,"BLV","39.10919","-77.0675","4D","    (39.1092, -77.0675)"
"201591533","9107","260041316","09/20/2026 08:46:40 PM","09/20/2026 08:46:00 PM",,"90Z","1","Crime Against Society","All Other Offenses","MISSING PERSON","SILVER SPRING","11200 BLK  LOCKWOOD DR","SILVER SPRING","MD","20901","MCPD","Residence - Apartment/Condo","I","3I1","518","11200",,"LOCKWOOD",,"DR","39.03877","-76.9925","3D","    (39.0388, -76.9925)"
"201591575","2305","260041358","09/21/2026 08:00:51 AM","09/20/2026 08:30:00 PM","09/21/2026 07:30:00 AM","23F","1","Crime Against Property","Theft From Motor Vehicle","LARCENY - FROM AUTO","ROCKVILLE","600 BLK  MONROE ST","ROCKVILLE","MD","20850","RCPD","Street - Residential","A","1A2","260","600",,"MONROE",,"ST","39.07793","-77.1516","1D","    (39.0779, -77.1516)"
"201591527","9199","260041308","09/20/2026 07:26:33 PM","09/20/2026 07:26:00 PM",,"90Z","1","Crime Against Society","All Other Offenses","POLICE INFORMATION","BETHESDA",,"BETHESDA","MD","20814","MCPD","Air/Bus/Train/Metro Terminal","D","2D2","048",,,"OLD GEORGETOWN",,"RD","38.99042","-77.1036","2D","    (38.9904, -77.1036)"
"201591529","9113","260041310","09/20/2026 07:13:54 PM","09/20/2026 07:13:00 PM",,"90Z","1","Crime Against Society","All Other Offenses","MENTAL ILLNESS - EMERGENCY PETITION","WHEATON","2800 BLK  BLUE SPRUCE LA","SILVER SPRING","MD","20906","MCPD","Residence - Single Family","K","4K1","348","2800",,"BLUE SPRUCE",,"LA","39.0811","-77.0569","4D","    (39.0811, -77.0569)"
"201591526","2303","260041302","09/20/2026 06:09:52 PM","09/20/2026 06:09:00 PM",,"23C","1","Crime Against Property","Shoplifting","LARCENY - SHOPLIFTING","SILVER SPRING","12000 BLK  CHERRY HILL RD","SILVER SPRING","MD","20904","MCPD","Retail - Department/Discount Store","I","3I1","146","12000",,"CHERRY HILL",,"RD","39.05259","-76.9531","3D","    (39.0526, -76.9531)"
"201591532","2903","260041303","09/20/2026 06:00:18 PM","09/20/2026 06:00:00 PM",,"290","1","Crime Against Property","Destruction/Damage/Vandalism of Property","DAMAGE PROPERTY - PUBLIC","SILVER SPRING","900 BLK  NAVAHOE DR","SILVER SPRING","MD","20903","MCPD","Street - Residential","G","3G3","132","900",,"NAVAHOE",,"DR","38.99339","-76.992","3D","    (38.9934, -76.992)"
"201591519","5016","260041298","09/20/2026 04:47:13 PM","09/20/2026 04:47:00 PM",,"90Z","1","Crime Against Society","All Other Offenses","OBSTRUCT GOVT - VIOLATION OF A COURT ORDER","MONTGOMERY VILLAGE","9000 BLK  CENTERWAY RD","GAITHERSBURG","MD","20879","MCPD","Residence -Townhouse/Duplex","R","6R1","503","9000",,"CENTERWAY",,"RD","39.16971","-77.1874","6D","    (39.1697, -77.1874)"
"201591518","2205","260041300","09/20/2026 04:40:23 PM","09/20/2026 04:40:00 PM",,"220","1","Crime Against Property","Burglary/Breaking and Entering","BURGLARY - NO FORCED ENTRY-NONRESIDENTIAL","MONTGOMERY VILLAGE","12200 BLK  MCDONALD CHAPEL DR","GAITHERSBURG","MD","20878","MCPD","School - Elementary/Secondary","P","6P2","591","12200",,"MCDONALD CHAPEL",,"DR","39.12216","-77.2555","6D","    (39.1222, -77.2555)"
"201591516","2303","260041297","09/20/2026 04:00:33 PM","09/20/2026 04:00:00 PM",,"23C","1","Crime Against Property","Shoplifting","LARCENY - SHOPLIFTING","BETHESDA","7100 BLK  DEMOCRACY BLV","BETHESDA","MD","20817","MCPD","Retail - Mall","E","2E2","204","7100",,"DEMOCRACY",,"BLV","39.02202","-77.1473","2D","    (39.022, -77.1473)"
"201591517","5016","260041291","09/20/2026 03:40:26 PM","09/20/2026 04:00:00 PM","09/20/2026 06:00:00 PM","90Z","1","Crime Against Society","All Other Offenses","OBSTRUCT GOVT - VIOLATION OF A COURT ORDER","MONTGOMERY VILLAGE","15600 BLK  MARATHON CIR","GAITHERSBURG","MD","20878","MCPD","Residence - Apartment/Condo","P","6P1","752","15600",,"MARATHON",,"CIR","39.11318","-77.1977","6D","    (39.1132, -77.1977)"
"201591507","9101","260041288","09/20/2026 02:46:24 PM","09/20/2026 02:46:00 PM",,"90Z","1","Crime Against Society","All Other Offenses","SUDDEN DEATH","SILVER SPRING","11600 BLK  LOCKWOOD DR","SILVER SPRING","MD","20904","MCPD","Residence - Apartment/Condo","I","3I1","145","11600",,"LOCKWOOD",,"DR","39.04129","-76.9851","3D","    (39.0413, -76.9851)"
"201591505","9113","260041283","09/20/2026 02:04:07 PM","09/20/2026 02:04:00 PM","09/20/2026 02:50:00 PM","90Z","1","Crime Against Society","All Other Offenses","MENTAL ILLNESS - EMERGENCY PETITION","ROCKVILLE","900 BLK  KING FARM BLV","ROCKVILLE","MD","20850","RCPD","Hotel/Motel/Etc.","A","1A1","439","900",,"KING FARM",,"BLV","39.11049","-77.1824","1D","    (39.1105, -77.1824)"
"201591536","2399","260041320","09/20/2026 07:45:43 PM","09/20/2026 02:00:00 PM",,"23H","1","Crime Against Property","All other Larceny","LARCENY (DESCRIBE OFFENSE)","GERMANTOWN","12600 BLK  GREY EAGLE CT","GERMANTOWN","MD","20874","MCPD","Residence - Apartment/Condo","N","5N1","447","12600",,"GREY EAGLE",,"CT","39.16638","-77.2622","5D","    (39.1664, -77.2622)"
"201591494","1399","260041273","09/20/2026 12:53:21 PM","09/20/2026 12:53:00 PM",,"13B","3","Crime Against Person","Simple Assault","ASSAULT - 2ND DEGREE","ROCKVILLE","10000 BLK  DARNESTOWN RD","ROCKVILLE","MD","20850","MCPD","Restaurant","B","1B1","237","10000",,"DARNESTOWN",,"RD","39.09689","-77.2062","1D","    (39.0969, -77.2062)"
"201591501","1399","260041270","09/20/2026 12:11:16 PM","09/20/2026 12:11:00 PM",,"13B","2","Crime Against Person","Simple Assault","ASSAULT - 2ND DEGREE","GERMANTOWN","12900 BLK  BOGGY TRAIL WAY","GERMANTOWN","MD","20876","MCPD","Residence -Townhouse/Duplex","M","5M3","474","12900",,"BOGGY TRAIL",,"WAY","39.20556","-77.267","5D","    (39.2056, -77.267)"
"201591499","2303","260041267","09/20/2026 12:05:07 PM","09/20/2026 12:05:00 PM",,"23C","1","Crime Against Property","Shoplifting","LARCENY - SHOPLIFTING","WHEATON","14000 BLK  GEORGIA AVE","SILVER SPRING","MD","20906","MCPD","Retail - Hardware","K","4K1","342","14000",,"GEORGIA",,"AVE","0.0","0.0","4D","    (0.0, 0.0)"
"201591509","9199","260041265","09/20/2026 11:31:21 AM","09/20/2026 11:31:00 AM",,"90Z","1","Crime Against Society","All Other Offenses","POLICE INFORMATION","GERMANTOWN","18900 BLK  KINGSVIEW RD","GERMANTOWN","MD","20874","MCPD","School - Elementary/Secondary","N","5N2","596","18900",,"KINGSVIEW",,"RD","39.16482","-77.2872","5D","    (39.1648, -77.2872)"
"201591542","2399","260041311","09/20/2026 08:05:22 PM","09/20/2026 11:00:00 AM","09/20/2026 12:00:00 PM","23H","1","Crime Against Property","All other Larceny","LARCENY (DESCRIBE OFFENSE)","ROCKVILLE","1  BLK  ADCLARE RD","ROCKVILLE","MD","20850","RCPD","Restaurant","A","1A2","250","1",,"ADCLARE",,"RD","39.08572","-77.1693","1D","    (39.0857, -77.1693)"
"201591485","2303","260041262","09/20/2026 10:45:57 AM","09/20/2026 10:45:00 AM",,"23C","1","Crime Against Property","Shoplifting","LARCENY - SHOPLIFTING","WHEATON","11100 BLK  VEIRS MILL RD","SILVER SPRING","MD","20902","MCPD","Retail - Mall","L","4L2","321","11100",,"VEIRS MILL",,"RD","39.03756","-77.0519","4D","    (39.0376, -77.0519)"
"201591506","2303","260041258","09/20/2026 10:20:38 AM","09/20/2026 10:18:00 AM",,"23C","1","Crime Against Property","Shoplifting","LARCENY - SHOPLIFTING","GERMANTOWN","13000 BLK  MIDDLEBROOK RD","GERMANTOWN","MD","20874","MCPD","Retail - Department/Discount Store","N","5N1","702","13000",,"MIDDLEBROOK",,"RD","39.18138","-77.2695","5D","    (39.1814, -77.2695)"
"201591490","2699","260041259",,"09/20/2026 10:10:00 AM",,"26A","1","Crime Against Property","False Pretenses/Swindle/Confidence Game","FRAUD (DESCRIBE OFFENSE)","TAKOMA PARK","7500 BLK  MAPLE AVE","TAKOMA PARK","MD","20912","TPPD","Government Building","T","8T2","804","7500",,"MAPLE",,"AVE","0.0","0.0","TPPD","    (0.0, 0.0)"
"201591477","1399","260041254","09/20/2026 08:58:13 AM","09/20/2026 08:20:00 AM",,"13B","1","Crime Against Person","Simple Assault","ASSAULT - 2ND DEGREE","BETHESDA","5700 BLK  MARINELLI RD","ROCKVILLE","MD","20852","MCPD","Hotel/Motel/Etc.","E","2E1","188","5700",,"MARINELLI",,"RD","39.04654","-77.1147","2D","    (39.0465, -77.1147)"
"201591477","2303","260041254","09/20/2026 08:58:13 AM","09/20/2026 08:20:00 AM",,"23C","1","Crime Against Property","Shoplifting","LARCENY - SHOPLIFTING","BETHESDA","5700 BLK  MARINELLI RD","ROCKVILLE","MD","20852","MCPD","Hotel/Motel/Etc.","E","2E1","188","5700",,"MARINELLI",,"RD","39.04654","-77.1147","2D","    (39.0465, -77.1147)"
"201591471","9201","260041251","09/20/2026 07:13:51 AM","09/20/2026 07:13:00 AM","09/20/2026 07:45:00 AM","90Z","1","Crime Against Society","All Other Offenses","OVERDOSE","ROCKVILLE","300 BLK N STONESTREET AVE","ROCKVILLE","MD","20850","RCPD","Air/Bus/Train/Metro Terminal","A","1A1","283","300","N","STONESTREET",,"AVE","39.08542","-77.145","1D","    (39.0854, -77.145)"
"201591470","9106","260041248","09/20/2026 06:55:18 AM","09/20/2026 06:55:00 AM",,"90Z","1","Crime Against Society","All Other Offenses","MENTAL ILLNESS","ROCKVILLE","6000 BLK  CALIFORNIA CIR","ROCKVILLE","MD","20852","MCPD","Residence - Apartment/Condo","A","1A2","270","6000",,"CALIFORNIA",,"CIR","39.05586","-77.1209","1D","    (39.0559, -77.1209)"
"201591487","1314","260041250","09/20/2026 05:40:36 AM","09/20/2026 05:40:00 AM",,"13A","1","Crime Against Person","Aggravated Assault","ASSAULT - AGGRAVATED - GUN","SILVER SPRING","1500 BLK  FOREST GLEN RD","SILVER SPRING","MD","20910","MCPD","Street - Other","G","3G2","169","1500",,"FOREST GLEN",,"RD","39.01613","-77.0329","3D","    (39.0161, -77.0329)"
"201591541","9113","260041244","09/20/2026 05:19:53 AM","09/20/2026 05:19:00 AM",,"90Z","1","Crime Against Society","All Other Offenses","MENTAL ILLNESS - EMERGENCY PETITION","MONTGOMERY VILLAGE","17700 BLK  LARCHMONT TER","GAITHERSBURG","MD","20877","MCPD","Street - Residential","P","6P3","767","17700",,"LARCHMONT",,"TER","39.14686","-77.1724","6D","    (39.1469, -77.1724)"
"201591528","5311","260041242","09/20/2026 04:43:02 AM","09/20/2026 04:43:00 AM",,"90C","1","Crime Against Society","Disorderly Conduct","PUBLIC PEACE - DISORDERLY CONDUCT","SILVER SPRING","8100 BLK  FENTON ST","SILVER SPRING","MD","20910","MCPD","Parking Lot - Other","G","3G1","111","8100",,"FENTON",,"ST","38.99021","-77.0239","3D","    (38.9902, -77.0239)"
"201591458","9199","260041239","09/20/2026 04:02:36 AM","09/20/2026 04:02:00 AM",,"90Z","1","Crime Against Society","All Other Offenses","POLICE INFORMATION","SILVER SPRING","900 BLK  BONIFANT ST","SILVER SPRING","MD","20910","MCPD","Bar/Night Club","G","3G1","670","900",,"BONIFANT",,"ST","38.99437","-77.0241","3D","    (38.9944, -77.0241)"
"201591461","9199","260041233","09/20/2026 02:07:51 AM","09/20/2026 02:07:00 AM",,"90Z","1","Crime Against Society","All Other Offenses","POLICE INFORMATION","GERMANTOWN","19800 BLK  CENTURY BLV","GERMANTOWN","MD","20874","MCPD","Street - Commercial","N","5N1","702","19800",,"CENTURY",,"BLV","0.0","0.0","5D","    (0.0, 0.0)"
"201591454","2203","260041234","09/20/2026 02:08:01 AM","09/20/2026 01:50:00 AM","09/20/2026 02:07:00 AM","220","1","Crime Against Property","Burglary/Breaking and Entering","BURGLARY - FORCED ENTRY-NONRESIDENTIAL","ROCKVILLE","2200 BLK  VEIRS MILL RD","ROCKVILLE","MD","20851","RCPD","Gas Station","A","1A2","521","2200",,"VEIRS MILL",,"RD","39.07498","-77.1155","1D","    (39.075, -77.1155)"
"201591538","2404","260041230","09/20/2026 01:17:19 AM","09/20/2026 01:15:00 AM","09/20/2026 01:20:00 AM","240","1","Crime Against Property","Motor Vehicle Theft","AUTO THEFT - VEHICLE THEFT","ROCKVILLE","1000 BLK  ROCKVILLE PIK","ROCKVILLE","MD","20852","RCPD","Parking Lot - Residential","A","1A2","265","1000",,"ROCKVILLE",,"PIK","39.07357","-77.1345","1D","    (39.0736, -77.1345)"
"201591450","2902","260041227","09/20/2026 01:08:25 AM","09/20/2026 01:08:00 AM",,"290","1","Crime Against Property","Destruction/Damage/Vandalism of Property","DAMAGE PROPERTY - PRIVATE","MONTGOMERY VILLAGE","1  BLK  MONTGOMERY VILLAGE AVE","GAITHERSBURG","MD","20879","GPD","Street - In vehicle","R","6R1","426","1",,"MONTGOMERY VILLAGE",,"AVE","39.15256","-77.212","6D","    (39.1526, -77.212)"
"201591452","9031","260041229","09/20/2026 01:03:42 AM","09/20/2026 01:03:00 AM",,"90Z","1","Crime Against Society","All Other Offenses","DRUNKENNESS","BETHESDA","4700 BLK  CHEVY CHASE DR","CHEVY CHASE","MD","20815","MCPD","Residence - Apartment/Condo","D","2D2","015","4700",,"CHEVY CHASE",,"DR","38.97722","-77.0915","2D","    (38.9772, -77.0915)"
"201591460","9199","260041240","09/20/2026 03:22:25 AM","09/20/2026 12:00:00 AM","09/20/2026 04:00:00 AM","90Z","1","Crime Against Society","All Other Offenses","POLICE INFORMATION","WHEATON","13100 BLK  CABINWOOD DR","SILVER SPRING","MD","20904","MCPD","Residence - Single Family","L","4L3","375","13100",,"CABINWOOD",,"DR","39.07083","-76.9862","4D","    (39.0708, -76.9862)"
"201591455","9113","260041226","09/19/2026 11:40:10 PM","09/19/2026 11:30:00 PM",,"90Z","1","Crime Against Society","All Other Offenses","MENTAL ILLNESS - EMERGENCY PETITION","ROCKVILLE","600 BLK  ASTER BLV","ROCKVILLE","MD","20850","RCPD","Residence - Single Family","A","1A1","243","600",,"ASTER",,"BLV","0.0","0.0","1D","    (0.0, 0.0)"
"201591448","1209","260041218","09/19/2026 11:16:58 PM","09/19/2026 11:16:00 PM","09/19/2026 11:16:00 PM","120","1","Crime Against Property","Robbery","ROBBERY - RESIDENTIAL-STRONG-ARM","SILVER SPRING","14100 BLK  CASTLE BLV","SILVER SPRING","MD","20904","MCPD","Residence - Apartment/Condo","I","3I2","380","14100",,"CASTLE",,"BLV","0.0","0.0","3D","    (0.0, 0.0)"
"201591449","2303","260041214","09/19/2026 10:30:47 PM","09/19/2026 10:16:00 PM",,"23C","1","Crime Against Property","Shoplifting","LARCENY - SHOPLIFTING","GERMANTOWN","12800 BLK  WISTERIA DR","GERMANTOWN","MD","20874","MCPD","Retail - Drug Store/Pharmacy","N","5N1","447","12800",,"WISTERIA",,"DR","39.1761","-77.2687","5D","    (39.1761, -77.2687)"
"201591453","1399","260041212","09/19/2026 09:38:36 PM","09/19/2026 09:30:00 PM","09/19/2026 09:38:00 PM","13B","1","Crime Against Person","Simple Assault","ASSAULT - 2ND DEGREE","ROCKVILLE","100 BLK  ROLLINS AVE","ROCKVILLE","MD","20852","RCPD","Parking Lot - Commercial","A","1A2","269","100",,"ROLLINS",,"AVE","39.05883","-77.1213","1D","    (39.0588, -77.1213)"
"201591432","9101","260041202","09/19/2026 07:29:22 PM","09/19/2026 08:17:00 PM",,"90Z","1","Crime Against Society","All Other Offenses","SUDDEN DEATH","BETHESDA","4700 BLK  DOVER RD","BETHESDA","MD","20816","MCPD","Residence - Single Family","E","2E2","004","4700",,"DOVER",,"RD","0.0","0.0","2D","    (0.0, 0.0)"
"201591434","1216","260041200","09/19/2026 07:44:46 PM","09/19/2026 07:44:00 PM",,"120","1","Crime Against Property","Robbery","ROBBERY - STRONG ARM","MONTGOMERY VILLAGE","18600 BLK  GROSBEAK TER","GAITHERSBURG","MD","20879","MCPD","Park","R","6R1","503","18600",,"GROSBEAK",,"TER","39.16165","-77.1858","6D","    (39.1617, -77.1858)"
"201591483","9199","260041195","09/19/2026 07:27:34 PM","09/19/2026 07:27:00 PM",,"90Z","1","Crime Against Society","All Other Offenses","POLICE INFORMATION","SILVER SPRING","13600 BLK  ROBEY RD","SILVER SPRING","MD","20904","MCPD","School - Elementary/Secondary","I","3I2","380","13600",,"ROBEY",,"RD","0.0","0.0","3D","    (0.0, 0.0)"
"201591446","9199","260041198","09/19/2026 07:22:15 PM","09/19/2026 07:22:00 PM","09/19/2026 07:49:00 PM","90Z","1","Crime Against Society","All Other Offenses","POLICE INFORMATION","ROCKVILLE","2100 BLK  VEIRS MILL RD","ROCKVILLE","MD","20851","RCPD","Restaurant","A","1A2","522","2100",,"VEIRS MILL",,"RD","39.07529","-77.1163","1D","    (39.0753, -77.1163)"
"201591651","2610","260041431",,"09/19/2026 07:22:00 PM",,"26F","1","Crime Against Property","Identity Theft","IDENTITY THEFT","WHEATON","16900 BLK  MACDUFF AVE","OLNEY","MD","20832","MCPD","Residence - Single Family","K","4K3","539","16900",,"MACDUFF",,"AVE","0.0","0.0","4D","    (0.0, 0.0)"
"201591425","2303","260041185","09/19/2026 06:33:17 PM","09/19/2026 06:33:00 PM",,"23C","1","Crime Against Property","Shoplifting","LARCENY - SHOPLIFTING","WHEATON","11100 BLK  VEIRS MILL RD","SILVER SPRING","MD","20902","MCPD","Retail - Mall","L","4L2","321","11100",,"VEIRS MILL",,"RD","39.03756","-77.0519","4D","    (39.0376, -77.0519)"
"201591493","9113","260041192","09/19/2026 06:11:30 PM","09/19/2026 06:11:00 PM",,"90Z","1","Crime Against Society","All Other Offenses","MENTAL ILLNESS - EMERGENCY PETITION","ROCKVILLE","12800 BLK  TALLEY LA","GAITHERSBURG","MD","20878","MCPD","Residence - Single Family","B","1B2","592","12800",,"TALLEY",,"LA","0.0","0.0","1D","    (0.0, 0.0)"
"201591431","5404","260041189","09/19/2026 06:07:02 PM","09/19/2026 06:07:00 PM",,"90D","1","Crime Against Society","Driving Under the Influence","DRIVING UNDER THE INFLUENCE LIQUOR","GERMANTOWN","19700 BLK  BARNESVILLE RD","DICKERSON","MD","20842","MCPD","Street - In vehicle","N","5N3","491","19700",,"BARNESVILLE",,"RD","39.22878","-77.4126","5D","    (39.2288, -77.4126)"
"201591433","9101","260041173","09/19/2026 04:25:12 PM","09/19/2026 04:25:00 PM",,"90Z","1","Crime Against Society","All Other Offenses","SUDDEN DEATH","ROCKVILLE","1  BLK W GUDE DR","ROCKVILLE","MD","20850","MCPD","Residence - Nursing Home","A","1A1","242","1","W","GUDE",,"DR","39.10656","-77.1584","1D","    (39.1066, -77.1584)"
"201591413","9113","260041168","09/19/2026 03:50:51 PM","09/19/2026 03:50:00 PM",,"90Z","1","Crime Against Society","All Other Offenses","MENTAL ILLNESS - EMERGENCY PETITION","WHEATON","1  BLK  PINEBROOK CT","SILVER SPRING","MD","20905","MCPD","Residence - Single Family","K","4K2","389","1",,"PINEBROOK",,"CT","39.14195","-76.9942","4D","    (39.142, -76.9942)"
"201591412","9199","260041170","09/19/2026 03:45:45 PM","09/19/2026 03:45:00 PM",,"90Z","1","Crime Against Society","All Other Offenses","POLICE INFORMATION","WHEATON","11100 BLK  VEIRS MILL RD","SILVER SPRING","MD","20902","MCPD","Retail - Mall","L","4L2","321","11100",,"VEIRS MILL",,"RD","39.03756","-77.0519","4D","    (39.0376, -77.0519)"
"201591478","9108","260041256",,"09/19/2026 03:00:00 PM",,"90Z","1","Crime Against Society","All Other Offenses","RECOVERED PROPERTY - MONT CO.","SILVER SPRING","900 BLK  SLIGO AVE","SILVER SPRING","MD","20910","MCPD","Street - Commercial","G","3G1","093","900",,"SLIGO",,"AVE","0.0","0.0","3D","    (0.0, 0.0)"
"201591418","2399","260041167","09/19/2026 03:22:15 PM","09/19/2026 03:00:00 PM","09/19/2026 04:00:00 PM","23H","1","Crime Against Property","All other Larceny","LARCENY (DESCRIBE OFFENSE)","ROCKVILLE","200 BLK E MIDDLE LA","ROCKVILLE","MD","20850","RCPD","Restaurant","A","1A1","276","200","E","MIDDLE",,"LA","39.08507","-77.1509","1D","    (39.0851, -77.1509)"
"201591410","2399","260041162","09/19/2026 02:40:55 PM","09/19/2026 02:40:00 PM",,"23H","1","Crime Against Property","All other Larceny","LARCENY (DESCRIBE OFFENSE)","GERMANTOWN","13600 BLK  HARTSBOURNE DR","GERMANTOWN","MD","20874","MCPD","Residence - Single Family","N","5N1","465","13600",,"HARTSBOURNE",,"DR","39.19352","-77.2817","5D","    (39.1935, -77.2817)"
"201591481","2303","260041159","09/19/2026 02:32:56 PM","09/19/2026 02:32:00 PM",,"23C","1","Crime Against Property","Shoplifting","LARCENY - SHOPLIFTING","WHEATON","11100 BLK  VEIRS MILL RD","SILVER SPRING","MD","20902","MCPD","Retail - Mall","L","4L2","321","11100",,"VEIRS MILL",,"RD","39.03756","-77.0519","4D","    (39.0376, -77.0519)"
"201591404","2308","260041156","09/19/2026 02:26:28 PM","09/19/2026 02:21:00 PM",,"23D","1","Crime Against Property","Theft from Building","LARCENY - FROM BLDG","GERMANTOWN","20000 BLK  AIRCRAFT DR","GERMANTOWN","MD","20874","MCPD","Residence -Townhouse/Duplex","N","5N1","702","20000",,"AIRCRAFT",,"DR","39.18396","-77.2617","5D","    (39.184, -77.2617)"
"201591511","2399","260041166","09/19/2026 03:19:45 PM","09/19/2026 02:21:00 PM",,"23H","1","Crime Against Property","All other Larceny","LARCENY (DESCRIBE OFFENSE)","SILVER SPRING","8500 BLK  GEORGIA AVE","SILVER SPRING","MD","20910","MCPD","Restaurant","G","3G1","109","8500",,"GEORGIA",,"AVE","38.99454","-77.0268","3D","    (38.9945, -77.0268)"
"201591414","2308","260041161","09/19/2026 01:58:32 PM","09/19/2026 01:58:00 PM",,"23D","1","Crime Against Property","Theft from Building","LARCENY - FROM BLDG","SILVER SPRING","1100 BLK  RIPLEY ST","SILVER SPRING","MD","20910","MCPD","Residence - Garage","G","3G1","094","1100",,"RIPLEY",,"ST","38.99279","-77.0294","3D","    (38.9928, -77.0294)"
"201591504","9113","260041282","09/20/2026 01:52:40 PM","09/19/2026 01:52:00 PM","09/20/2026 03:30:00 PM","90Z","1","Crime Against Society","All Other Offenses","MENTAL ILLNESS - EMERGENCY PETITION","ROCKVILLE","1300 BLK  PICCARD DR","ROCKVILLE","MD","20850","RCPD","Street - Commercial","A","1A1","242","1300",,"PICCARD",,"DR","39.10186","-77.1771","1D","    (39.1019, -77.1771)"
"201591398","9041","260041152","09/19/2026 01:23:04 PM","09/19/2026 01:23:00 PM",,"90Z","1","Crime Against Society","All Other Offenses","SUICIDE - COMPLETED","WHEATON","4900 BLK  ARBUTUS AVE","ROCKVILLE","MD","20853","MCPD","Residence - Single Family","K","4K1","339","4900",,"ARBUTUS",,"AVE","39.06873","-77.0984","4D","    (39.0687, -77.0984)"
"201591403","1206","260041151","09/19/2026 01:20:41 PM","09/19/2026 01:20:00 PM",,"120","1","Crime Against Property","Robbery","ROBBERY - STREET-STRONG-ARM","WHEATON","2300 BLK  UNIVERSITY BLV W","SILVER SPRING","MD","20902","MCPD","Retail - Other","L","4L2","355","2300",,"UNIVERSITY","W","BLV","39.04144","-77.0493","4D","    (39.0414, -77.0493)"
"201591424","9199","260041142","09/19/2026 01:07:49 PM","09/19/2026 01:07:00 PM",,"90Z","1","Crime Against Society","All Other Offenses","POLICE INFORMATION","WHEATON",,"SILVER SPRING","MD","20906","MCPD","Street - Other","L","4L3","334",,,"CONNECTICUT",,"AVE","39.0633","-77.0736","4D","    (39.0633, -77.0736)"
"201591399","9106","260041138","09/19/2026 12:45:19 PM","09/19/2026 12:45:00 PM",,"90Z","1","Crime Against Society","All Other Offenses","MENTAL ILLNESS","GERMANTOWN","20400 BLK  SUMMERSONG LA","GERMANTOWN","MD","20874","MCPD","Residence -Townhouse/Duplex","N","5N1","465","20400",,"SUMMERSONG",,"LA","39.19106","-77.2758","5D","    (39.1911, -77.2758)"
"201591406","1399","260041144","09/19/2026 12:38:19 PM","09/19/2026 12:38:00 PM",,"13B","1","Crime Against Person","Simple Assault","ASSAULT - 2ND DEGREE","GERMANTOWN","20600 BLK  BOLAND FARM RD","GERMANTOWN","MD","20876","MCPD","Hospital/Emergency Care Center","M","5M1","468","20600",,"BOLAND FARM",,"RD","39.1934","-77.2485","5D","    (39.1934, -77.2485)"
"201591402","1103","260041141","09/19/2026 12:35:21 PM","09/19/2026 12:35:00 PM",,"11A","1","Crime Against Person","Forcible Rape","RAPE - STRONG-ARM","BETHESDA","4200 BLK  EAST WEST HWY","CHEVY CHASE","MD","20815","MCPD","Residence - Apartment/Condo","D","2D2","034","4200",,"EAST WEST",,"HWY","38.98751","-77.0835","2D","    (38.9875, -77.0835)"
"201591466","9105","260041135","09/19/2026 11:56:01 AM","09/19/2026 11:56:00 AM",,"90Z","1","Crime Against Society","All Other Offenses","LOST PROPERTY",,,"WASHINGTON DC","DC","20002","MCPD","Other/Unknown","w","own","Unknown",,,,,,"0.0","0.0","Unknown","    (0.0, 0.0)"
"201591416","9021","260041164","09/19/2026 02:58:01 PM","09/19/2026 11:30:00 AM","09/19/2026 02:30:00 PM","90I","1","Crime Against Not a Crime","Runaway","JUVENILE - RUNAWAY","ROCKVILLE","700 BLK  MONROE ST","ROCKVILLE","MD","20850","RCPD","Residence - Apartment/Condo","A","1A2","258","700",,"MONROE",,"ST","39.07537","-77.153","1D","    (39.0754, -77.153)"
"201591382","1399","260041134","09/19/2026 11:21:20 AM","09/19/2026 11:21:00 AM",,"13B","1","Crime Against Person","Simple Assault","ASSAULT - 2ND DEGREE","WHEATON","4500 BLK  OLNEY LAYTONSVILLE RD","OLNEY","MD","20832","MCPD","Recreation Center","K","4K3","541","4500",,"OLNEY LAYTONSVILLE",,"RD","39.16893","-77.0879","4D","    (39.1689, -77.0879)"
"201591383","2303","260041131","09/19/2026 11:27:04 AM","09/19/2026 11:20:00 AM",,"23C","1","Crime Against Property","Shoplifting","LARCENY - SHOPLIFTING","ROCKVILLE","1700 BLK E JEFFERSON ST","ROCKVILLE","MD","20852","MCPD","Retail - Appliances/Electronics","A","1A2","270","1700","E","JEFFERSON",,"ST","39.05848","-77.1264","1D","    (39.0585, -77.1264)"
"201591456","9021","260041231","09/20/2026 01:34:11 AM","09/19/2026 11:00:00 AM",,"90I","1","Crime Against Not a Crime","Runaway","JUVENILE - RUNAWAY","SILVER SPRING","4300 BLK  LEATHERWOOD TER","BURTONSVILLE","MD","20866","MCPD","Residence -Townhouse/Duplex","I","3I2","381","4300",,"LEATHERWOOD",,"TER","39.09813","-76.9213","3D","    (39.0981, -76.9213)"
"201591380","2204","260041125","09/19/2026 10:44:20 AM","09/19/2026 10:44:00 AM",,"220","1","Crime Against Property","Burglary/Breaking and Entering","BURGLARY - NO FORCED ENTRY-RESIDENTIAL","MONTGOMERY VILLAGE","9700 BLK  HELLINGLY PL","MONTGOMERY VILLAGE","MD","20886","MCPD","Residence - Apartment/Condo","R","6R1","766","9700",,"HELLINGLY",,"PL","39.15966","-77.2046","6D","    (39.1597, -77.2046)"
"201591395","2305","260041147","09/19/2026 01:05:16 PM","09/19/2026 10:10:00 AM","09/19/2026 10:20:00 AM","23F","1","Crime Against Property","Theft From Motor Vehicle","LARCENY - FROM AUTO","WHEATON","13400 BLK  NEW HAMPSHIRE AVE","SILVER SPRING","MD","20904","MCPD","Parking Lot - Commercial","L","4L3","678","13400",,"NEW HAMPSHIRE",,"AVE","39.07574","-77.0019","4D","    (39.0757, -77.0019)"
"201591373","9113","260041121","09/19/2026 10:04:21 AM","09/19/2026 10:04:00 AM","09/19/2026 10:55:00 AM","90Z","1","Crime Against Society","All Other Offenses","MENTAL ILLNESS - EMERGENCY PETITION","ROCKVILLE","11500 BLK  FREDERICK RD","DERWOOD","MD","20855","RCPD","Parking Lot - Commercial","A","1A1","242","11500",,"FREDERICK",,"RD","0.0","0.0","1D","    (0.0, 0.0)"
"201591411","2589","260041146","09/19/2026 01:11:31 PM","09/19/2026 10:00:00 AM","09/19/2026 12:16:00 PM","250","1","Crime Against Property","Counterfeiting/Forgery","FORGERY (DESCRIBE OFFENSE)","BETHESDA","11800 BLK  OLD GEORGETOWN RD","ROCKVILLE","MD","20852","RCPD","Bank - ATM","D","2D1","187","11800",,"OLD GEORGETOWN",,"RD","39.04982","-77.1111","2D","    (39.0498, -77.1111)"
"201591437","9107","260041191","09/19/2026 06:42:37 PM","09/19/2026 09:58:00 AM","09/19/2026 06:38:00 PM","90Z","1","Crime Against Society","All Other Offenses","MISSING PERSON","GERMANTOWN","19800 BLK  CENTURY BLV","GERMANTOWN","MD","20874","MCPD","Street - Commercial","N","5N1","702","19800",,"CENTURY",,"BLV","0.0","0.0","5D","    (0.0, 0.0)"
"201591388","5707","260041119","09/19/2026 09:49:18 AM","09/19/2026 09:49:00 AM",,"90J","1","Crime Against Society","Trespass of Real Property","TRESPASSING","MONTGOMERY VILLAGE","12100 BLK  DARNESTOWN RD","GAITHERSBURG","MD","20878","GPD","Restaurant","P","6P2","762","12100",,"DARNESTOWN",,"RD","39.11693","-77.2499","6D","    (39.1169, -77.2499)"
"201591377","9101","260041116","09/19/2026 09:45:25 AM","09/19/2026 09:45:00 AM","09/19/2026 09:45:00 AM","90Z","1","Crime Against Society","All Other Offenses","SUDDEN DEATH","ROCKVILLE","13100 BLK  LUVIE LA","POTOMAC","MD","20854","MCPD","Residence - Single Family","B","1B2","455","13100",,"LUVIE",,"LA","0.0","0.0","1D","    (0.0, 0.0)"
"201591371","2902","260041111","09/19/2026 09:44:04 AM","09/19/2026 09:44:00 AM",,"290","1","Crime Against Property","Destruction/Damage/Vandalism of Property","DAMAGE PROPERTY - PRIVATE","WHEATON","2200 BLK  GLENALLAN AVE","SILVER SPRING","MD","20906","MCPD","Parking Lot - Residential","L","4L3","368","2200",,"GLENALLAN",,"AVE","39.06168","-77.0461","4D","    (39.0617, -77.0461)"
"201591566","2303","260041115","09/19/2026 09:32:23 AM","09/19/2026 09:32:00 AM",,"23C","1","Crime Against Property","Shoplifting","LARCENY - SHOPLIFTING","MONTGOMERY VILLAGE","1  BLK  GRAND CORNER AVE","GAITHERSBURG","MD","20878","GPD","Retail - Sporting Goods","P","6P1","549","1",,"GRAND CORNER",,"AVE","39.11801","-77.2004","6D","    (39.118, -77.2004)"
"201591369","2501","260041106","09/19/2026 07:53:26 AM","09/19/2026 07:53:00 AM",,"250","1","Crime Against Property","Counterfeiting/Forgery","FORGERY OF CHECKS","WHEATON","13400 BLK  NEW HAMPSHIRE AVE","SILVER SPRING","MD","20904","MCPD","Restaurant","L","4L3","675","13400",,"NEW HAMPSHIRE",,"AVE","39.07574","-77.0019","4D","    (39.0757, -77.0019)"
"201591503","1399","260041105","09/19/2026 07:49:44 AM","09/19/2026 07:49:00 AM",,"13B","1","Crime Against Person","Simple Assault","ASSAULT - 2ND DEGREE","SILVER SPRING","2500 BLK  MUSGROVE RD","SILVER SPRING","MD","20904","MCPD","Nursery","I","3I1","377","2500",,"MUSGROVE",,"RD","39.0678","-76.9593","3D","    (39.0678, -76.9593)"
"201591396","2305","260041148","09/19/2026 01:24:58 PM","09/19/2026 04:15:00 AM",,"23F","1","Crime Against Property","Theft From Motor Vehicle","LARCENY - FROM AUTO","GERMANTOWN","13300 BLK  WATERFORD HILLS BLV","GERMANTOWN","MD","20874","MCPD","Residence - Driveway","N","5N1","702","13300",,"WATERFORD HILLS",,"BLV","39.17724","-77.2743","5D","    (39.1772, -77.2743)"
"201591359","1399","260041097","09/19/2026 03:38:53 AM","09/19/2026 03:38:00 AM",,"13B","2","Crime Against Person","Simple Assault","ASSAULT - 2ND DEGREE","MONTGOMERY VILLAGE","9300 BLK  CHADBURN PL","MONTGOMERY VILLAGE","MD","20886","MCPD","Residence -Townhouse/Duplex","R","6R2","508","9300",,"CHADBURN",,"PL","39.19472","-77.1909","6D","    (39.1947, -77.1909)"
"201591554","1399","260041096","09/19/2026 03:12:17 AM","09/19/2026 03:12:00 AM",,"13B","2","Crime Against Person","Simple Assault","ASSAULT - 2ND DEGREE","BETHESDA","5100 BLK  POOKS HILL RD","BETHESDA","MD","20814","MCPD","Residence - Apartment/Condo","E","2E1","071","5100",,"POOKS HILL",,"RD","39.01599","-77.1019","2D","    (39.016, -77.1019)"
"201591353","2902","260041094","09/19/2026 02:23:27 AM","09/19/2026 02:23:00 AM",,"290","1","Crime Against Property","Destruction/Damage/Vandalism of Property","DAMAGE PROPERTY - PRIVATE","SILVER SPRING","8100 BLK  FENTON ST","SILVER SPRING","MD","20910","MCPD","Parking Garage - County","G","3G1","093","8100",,"FENTON",,"ST","38.99021","-77.0239","3D","    (38.9902, -77.0239)"
"201591378","2308","260041129","09/19/2026 10:57:15 AM","09/19/2026 01:52:00 AM","09/19/2026 02:07:00 AM","23D","1","Crime Against Property","Theft from Building","LARCENY - FROM BLDG","ROCKVILLE","12800 BLK  TWINBROOK PKW","ROCKVILLE","MD","20851","MCPD","Residence - Apartment/Condo","A","1A2","301","12800",,"TWINBROOK",,"PKW","39.06671","-77.1145","1D","    (39.0667, -77.1145)"
"201591345","1399","260041088","09/19/2026 01:05:25 AM","09/19/2026 01:05:00 AM",,"13B","1","Crime Against Person","Simple Assault","ASSAULT - 2ND DEGREE","MONTGOMERY VILLAGE","9100 BLK  ROTHBURY DR","MONTGOMERY VILLAGE","MD","20886","MCPD","Restaurant","R","6R2","504","9100",,"ROTHBURY",,"DR","39.18526","-77.1874","6D","    (39.1853, -77.1874)"
"201591360","3532","260041083","09/19/2026 12:41:36 AM","09/19/2026 12:41:00 AM",,"35A","1","Crime Against Society","Drug/Narcotic Violations","DRUGS - COCAINE - POSSESS","BETHESDA",,"BETHESDA","MD","20814","MCPD","Street - In vehicle","D","2D1","072",,,"ROCKVILLE",,"PIK","39.01964","-77.102","2D","    (39.0196, -77.102)"
"201591360","5404","260041083","09/19/2026 12:41:36 AM","09/19/2026 12:41:00 AM",,"90D","1","Crime Against Society","Driving Under the Influence","DRIVING UNDER THE INFLUENCE LIQUOR","BETHESDA",,"BETHESDA","MD","20814","MCPD","Street - In vehicle","D","2D1","072",,,"ROCKVILLE",,"PIK","39.01964","-77.102","2D","    (39.0196, -77.102)"
"201591351","1399","260041092","09/19/2026 02:13:14 AM","09/19/2026 12:30:00 AM","09/19/2026 12:30:00 AM","13B","1","Crime Against Person","Simple Assault","ASSAULT - 2ND DEGREE","SILVER SPRING","500 BLK  BURNT MILLS AVE","SILVER SPRING","MD","20901","MCPD","Residence - Single Family","I","3I3","144","500",,"BURNT MILLS",,"AVE","39.03627","-77.0001","3D","    (39.0363, -77.0001)"
"201591439","9101","260041186","09/19/2026 05:21:55 PM","09/19/2026 12:00:00 AM",,"90Z","1","Crime Against Society","All Other Offenses","SUDDEN DEATH","BETHESDA","10000 BLK  HURST ST","BETHESDA","MD","20814","MCPD","Residence - Single Family","E","2E1","192","10000",,"HURST",,"ST","0.0","0.0","2D","    (0.0, 0.0)"
"201591444","1399","260041086","09/19/2026 12:00:33 AM","09/18/2026 11:53:00 PM",,"13B","1","Crime Against Person","Simple Assault","ASSAULT - 2ND DEGREE","BETHESDA","8100 BLK  WISCONSIN AVE","BETHESDA","MD","20814","MCPD","Hotel/Motel/Etc.","D","2D2","049","8100",,"WISCONSIN",,"AVE","38.99123","-77.0956","2D","    (38.9912, -77.0956)"
"201591394","2999","260041110","09/19/2026 08:49:28 AM","09/18/2026 11:30:00 PM","09/19/2026 08:30:00 AM","290","1","Crime Against Property","Destruction/Damage/Vandalism of Property","DAMAGE PROPERTY (DESCRIBE OFFENSE)","TAKOMA PARK",,"TAKOMA PARK","MD","20912","TPPD","Street - Residential","T","8T1","800",,,"PHILADELPHIA",,"AVE","38.98245","-77.0139","TPPD","    (38.9825, -77.0139)"
"201591334","5309","260041075",,"09/18/2026 11:16:00 PM",,"90Z","1","Crime Against Society","All Other Offenses","PUBLIC PEACE - HARASSING COMMUNICATION","MONTGOMERY VILLAGE","18600 BLK  CROSS COUNTRY LA","GAITHERSBURG","MD","20879","MCPD","Residence -Townhouse/Duplex","R","6R3","420","18600",,"CROSS COUNTRY",,"LA","39.16266","-77.1834","6D","    (39.1627, -77.1834)"
"201591350","2902","260041078","09/18/2026 11:13:57 PM","09/18/2026 11:13:00 PM",,"290","1","Crime Against Property","Destruction/Damage/Vandalism of Property","DAMAGE PROPERTY - PRIVATE","SILVER SPRING","900 BLK  PATTON DR","SILVER SPRING","MD","20901","MCPD","Residence - Driveway","G","3G3","133","900",,"PATTON",,"DR","39.00375","-76.9932","3D","    (39.0037, -76.9932)"
"201591344","1399","260041081","09/18/2026 11:04:12 PM","09/18/2026 11:04:00 PM",,"13B","1","Crime Against Person","Simple Assault","ASSAULT - 2ND DEGREE","MONTGOMERY VILLAGE","9600 BLK  LOST KNIFE RD","GAITHERSBURG","MD","20877","GPD","Air/Bus/Train/Metro Terminal","R","6R1","505","9600",,"LOST KNIFE",,"RD","39.15237","-77.1983","6D","    (39.1524, -77.1983)"
"201591352","5404","260041079","09/18/2026 10:56:13 PM","09/18/2026 10:51:00 PM","09/18/2026 11:18:00 PM","90D","1","Crime Against Society","Driving Under the Influence","DRIVING UNDER THE INFLUENCE LIQUOR","ROCKVILLE",,"ROCKVILLE","MD","20851","RCPD","Street - In vehicle","A","1A2","295",,,"EDMONSTON",,"DR","39.07457","-77.1354","1D","    (39.0746, -77.1354)"
"201591337","1399","260041080","09/18/2026 10:39:25 PM","09/18/2026 10:39:00 PM",,"13B","1","Crime Against Person","Simple Assault","ASSAULT - 2ND DEGREE","MONTGOMERY VILLAGE","9300 BLK  TAVERNEY TER","GAITHERSBURG","MD","20879","MCPD","Parking Lot - Residential","R","6R2","715","9300",,"TAVERNEY",,"TER","39.17599","-77.1926","6D","    (39.176, -77.1926)"
"201591465","2399","260041100","09/19/2026 06:11:57 AM","09/18/2026 10:30:00 PM","09/19/2026 01:00:00 AM","23H","1","Crime Against Property","All other Larceny","LARCENY (DESCRIBE OFFENSE)","GERMANTOWN","26200 BLK  RIDGE RD","DAMASCUS","MD","20872","MCPD","Gas Station","M","5M2","615","26200",,"RIDGE",,"RD","0.0","0.0","5D","    (0.0, 0.0)"
"201591349","9113","260041070","09/18/2026 10:22:27 PM","09/18/2026 10:22:00 PM",,"90Z","1","Crime Against Society","All Other Offenses","MENTAL ILLNESS - EMERGENCY PETITION","GERMANTOWN","21200 BLK  WATERCRESS CIR","GERMANTOWN","MD","20876","MCPD","Residence - Single Family","M","5M3","474","21200",,"WATERCRESS",,"CIR","39.20544","-77.2483","5D","    (39.2054, -77.2483)"
"201591341","9199","260041066","09/18/2026 09:35:48 PM","09/18/2026 09:35:00 PM",,"90Z","1","Crime Against Society","All Other Offenses","POLICE INFORMATION","WHEATON",,"SILVER SPRING","MD","20906","MCPD","Residence - Single Family","L","4L1","310",,,"RANDOLPH",,"RD","39.05501","-77.0844","4D","    (39.055, -77.0844)"
"201591328","9113","260041059","09/18/2026 09:19:42 PM","09/18/2026 09:19:00 PM",,"90Z","1","Crime Against Society","All Other Offenses","MENTAL ILLNESS - EMERGENCY PETITION","SILVER SPRING","1000 BLK  MILESTONE DR","SILVER SPRING","MD","20904","MCPD","Government Building","I","3I1","148","1000",,"MILESTONE",,"DR","39.04565","-76.992","3D","    (39.0457, -76.992)"
"201591321","9101","260041063","09/18/2026 09:05:23 PM","09/18/2026 09:05:00 PM",,"90Z","1","Crime Against Society","All Other Offenses","SUDDEN DEATH","ROCKVILLE","7200 BLK  NEEDWOOD RD","DERWOOD","MD","20855","MCPD","Residence - Single Family","A","1A1","413","7200",,"NEEDWOOD",,"RD","39.12249","-77.147","1D","    (39.1225, -77.147)"
"201591358","9199","260041057","09/18/2026 09:01:10 PM","09/18/2026 09:01:00 PM",,"90Z","1","Crime Against Society","All Other Offenses","POLICE INFORMATION","MONTGOMERY VILLAGE","400 BLK E DIAMOND AVE","GAITHERSBURG","MD","20877","GPD","Gas Station","P","6P3","432","400","E","DIAMOND",,"AVE","39.14046","-77.2095","6D","    (39.1405, -77.2095)"
"201591362","9109","260041099",,"09/18/2026 07:39:00 PM",,"90Z","1","Crime Against Society","All Other Offenses","RECOVERED PROPERTY - OTHER","MONTGOMERY VILLAGE","1  BLK S SUMMIT AVE","GAITHERSBURG","MD","20877","GPD","Parking Lot - Other","P","6P3","431","1","S","SUMMIT",,"AVE","39.14219","-77.1933","6D","    (39.1422, -77.1933)"
"201591316","1305","260041047","09/18/2026 07:13:40 PM","09/18/2026 07:13:00 PM",,"13A","1","Crime Against Person","Aggravated Assault","ASSAULT - AGGRAVATED - NON-FAMILY-OTHER WEAPON","SILVER SPRING","12000 BLK  CHERRY HILL RD","SILVER SPRING","MD","20904","MCPD","Parking Lot - Commercial","I","3I1","146","12000",,"CHERRY HILL",,"RD","39.05259","-76.9531","3D","    (39.0526, -76.9531)"
"201591323","9108","260041035","09/18/2026 09:22:32 PM","09/18/2026 07:00:00 PM","09/18/2026 09:00:00 PM","90Z","1","Crime Against Society","All Other Offenses","RECOVERED PROPERTY - MONT CO.","BETHESDA","7100 BLK  DEMOCRACY BLV","BETHESDA","MD","20817","MCPD","Parking Lot - Other","E","2E2","204","7100",,"DEMOCRACY",,"BLV","39.02202","-77.1473","2D","    (39.022, -77.1473)"
"201591648","2303","260041048","09/18/2026 08:15:23 PM","09/18/2026 07:00:00 PM",,"23C","1","Crime Against Property","Shoplifting","LARCENY - SHOPLIFTING","WHEATON","3300 BLK  SPARTAN RD","OLNEY","MD","20832","MCPD","Grocery/Supermarket","K","4K3","642","3300",,"SPARTAN",,"RD","39.14991","-77.0633","4D","    (39.1499, -77.0633)"
"201591335","9108","260041050","09/18/2026 06:52:20 PM","09/18/2026 06:52:00 PM",,"90Z","1","Crime Against Society","All Other Offenses","RECOVERED PROPERTY - MONT CO.","SILVER SPRING","2700 BLK  CORNET CT","SILVER SPRING","MD","20904","MCPD","Residence - Yard","I","3I2","378","2700",,"CORNET",,"CT","39.07331","-76.9542","3D","    (39.0733, -76.9542)"
"201591312","1399","260041044","09/18/2026 06:42:32 PM","09/18/2026 06:42:00 PM",,"13B","1","Crime Against Person","Simple Assault","ASSAULT - 2ND DEGREE","MONTGOMERY VILLAGE","15000 BLK  BROSCHART RD","ROCKVILLE","MD","20850","MCPD","School - Elementary/Secondary","P","6P1","721","15000",,"BROSCHART",,"RD","39.10179","-77.2003","6D","    (39.1018, -77.2003)"
"201591310","9199","260041036","09/18/2026 06:34:32 PM","09/18/2026 06:34:00 PM",,"90Z","1","Crime Against Society","All Other Offenses","POLICE INFORMATION","SILVER SPRING","13600 BLK  ROBEY RD","SILVER SPRING","MD","20904","MCPD","Residence - Apartment/Condo","I","3I2","380","13600",,"ROBEY",,"RD","0.0","0.0","3D","    (0.0, 0.0)"
"201591305","9199","260041027","09/18/2026 06:23:25 PM","09/18/2026 06:23:00 PM",,"90Z","1","Crime Against Society","All Other Offenses","POLICE INFORMATION","GERMANTOWN","20900 BLK  FREDERICK RD","GERMANTOWN","MD","20876","MCPD","Retail - Video Store","M","5M1","701","20900",,"FREDERICK",,"RD","39.19829","-77.2448","5D","    (39.1983, -77.2448)"
"201591420","5707","260041028","09/18/2026 06:20:02 PM","09/18/2026 06:20:00 PM",,"90J","1","Crime Against Society","Trespass of Real Property","TRESPASSING","MONTGOMERY VILLAGE","200 BLK N FREDERICK AVE","GAITHERSBURG","MD","20877","GPD","Parking Lot - Commercial","P","6P2","428","200","N","FREDERICK",,"AVE","39.09454","-77.1506","6D","    (39.0945, -77.1506)"
"201591307","2303","260041024","09/18/2026 06:10:28 PM","09/18/2026 06:10:00 PM",,"23C","1","Crime Against Property","Shoplifting","LARCENY - SHOPLIFTING","SILVER SPRING","800 BLK  WAYNE AVE","SILVER SPRING","MD","20910","MCPD","Retail - Drug Store/Pharmacy","G","3G1","671","800",,"WAYNE",,"AVE","0.0","0.0","3D","    (0.0, 0.0)"
"201591297","2303","260041007",,"09/18/2026 06:07:00 PM",,"23C","1","Crime Against Property","Shoplifting","LARCENY - SHOPLIFTING","WHEATON","11100 BLK  VEIRS MILL RD","SILVER SPRING","MD","20902","MCPD","Retail - Mall","L","4L2","321","11100",,"VEIRS MILL",,"RD","39.03756","-77.0519","4D","    (39.0376, -77.0519)"
"201591338","9041","260041030","09/18/2026 06:07:29 PM","09/18/2026 06:07:00 PM",,"90Z","1","Crime Against Society","All Other Offenses","SUICIDE - COMPLETED","GERMANTOWN",,"DICKERSON","MD","20842","MCPD","Field/ Open Space","N","5N3","577",,,"OLD HUNDRED",,"RD","39.27976","-77.3195","5D","    (39.2798, -77.3195)"
"201591585","9199","260041360","09/21/2026 08:20:01 AM","09/18/2026 06:03:00 PM","09/18/2026 06:15:00 PM","90Z","1","Crime Against Society","All Other Offenses","POLICE INFORMATION","BETHESDA","6500 BLK  ROCK SPRING DR","BETHESDA","MD","20817","MCPD","Doctor/Dentist/Vet Office","E","2E1","197","6500",,"ROCK SPRING",,"DR","39.027","-77.1323","2D","    (39.027, -77.1323)"
"201591314","1399","260041037","09/18/2026 06:15:14 PM","09/18/2026 06:00:00 PM","09/18/2026 10:02:00 PM","13B","1","Crime Against Person","Simple Assault","ASSAULT - 2ND DEGREE","ROCKVILLE","1  BLK  GRAVENHURST CT","GAITHERSBURG","MD","20878","MCPD","Residence - Single Family","B","1B2","457","1",,"GRAVENHURST",,"CT","39.10474","-77.2586","1D","    (39.1047, -77.2586)"
"201591314","9021","260041037","09/18/2026 06:15:14 PM","09/18/2026 06:00:00 PM","09/18/2026 10:02:00 PM","90I","1","Crime Against Not a Crime","Runaway","JUVENILE - RUNAWAY","ROCKVILLE","1  BLK  GRAVENHURST CT","GAITHERSBURG","MD","20878","MCPD","Residence -Townhouse/Duplex","B","1B2","457","1",,"GRAVENHURST",,"CT","39.10474","-77.2586","1D","    (39.1047, -77.2586)"
"201591354","9199","260041064","09/18/2026 09:08:14 PM","09/18/2026 06:00:00 PM","09/18/2026 09:00:00 PM","90Z","1","Crime Against Society","All Other Offenses","POLICE INFORMATION","ROCKVILLE","2100 BLK  WOOTTON PKW","ROCKVILLE","MD","20850","RCPD","School - Elementary/Secondary","B","1B1","238","2100",,"WOOTTON",,"PKW","39.07499","-77.1822","1D","    (39.075, -77.1822)"
"201591303","4801","260041040","09/18/2026 05:55:45 PM","09/18/2026 05:55:00 PM",,"90Z","1","Crime Against Society","All Other Offenses","OBSTRUCT POLICE - RESISTING OFFICER","BETHESDA","6900 BLK  ARLINGTON RD","BETHESDA","MD","20814","MCPD","Retail - Drug Store/Pharmacy","D","2D2","031","6900",,"ARLINGTON",,"RD","38.978","-77.0987","2D","    (38.978, -77.0987)"
"201591303","2308","260041040","09/18/2026 05:55:45 PM","09/18/2026 05:55:00 PM",,"23D","1","Crime Against Property","Theft from Building","LARCENY - FROM BLDG","BETHESDA","6900 BLK  ARLINGTON RD","BETHESDA","MD","20814","MCPD","Retail - Drug Store/Pharmacy","D","2D2","031","6900",,"ARLINGTON",,"RD","38.978","-77.0987","2D","    (38.978, -77.0987)"
"201591309","1215","260041033","09/18/2026 06:31:20 PM","09/18/2026 05:50:00 PM",,"120","1","Crime Against Property","Robbery","ROBBERY - OTHER WEAPON","SILVER SPRING","9900 BLK  SUTHERLAND RD","SILVER SPRING","MD","20901","MCPD","Street - In vehicle","I","3I3","161","9900",,"SUTHERLAND",,"RD","39.01718","-77.0172","3D","    (39.0172, -77.0172)"
"201591298","9021","260041021","09/18/2026 05:41:47 PM","09/18/2026 05:41:00 PM",,"90I","1","Crime Against Not a Crime","Runaway","JUVENILE - RUNAWAY","BETHESDA","6300 BLK  GREENTREE RD","BETHESDA","MD","20817","MCPD","Residence - Other","E","2E1","068","6300",,"GREENTREE",,"RD","39.00172","-77.1278","2D","    (39.0017, -77.1278)"
"201591332","5404","260041022","09/18/2026 05:25:23 PM","09/18/2026 05:25:00 PM",,"90D","1","Crime Against Society","Driving Under the Influence","DRIVING UNDER THE INFLUENCE LIQUOR","WHEATON","13600 BLK  GEORGIA AVE","SILVER SPRING","MD","20906","MCPD","Parking Lot - Commercial","K","4K1","348","13600",,"GEORGIA",,"AVE","0.0","0.0","4D","    (0.0, 0.0)"
"201591295","2589","260041013","09/18/2026 05:17:51 PM","09/18/2026 05:17:00 PM",,"250","1","Crime Against Property","Counterfeiting/Forgery","FORGERY (DESCRIBE OFFENSE)","SILVER SPRING","2500 BLK  COUNTRYSIDE DR","SILVER SPRING","MD","20905","MCPD","Residence - Single Family","I","3I2","379","2500",,"COUNTRYSIDE",,"DR","39.08304","-76.9596","3D","    (39.083, -76.9596)"
"201591405","9021","260041017","09/18/2026 05:07:37 PM","09/18/2026 05:07:00 PM",,"90I","1","Crime Against Not a Crime","Runaway","JUVENILE - RUNAWAY","MONTGOMERY VILLAGE","400 BLK  CHRISTOPHER AVE","GAITHERSBURG","MD","20879","GPD","Residence - Apartment/Condo","R","6R1","426","400",,"CHRISTOPHER",,"AVE","39.1589","-77.2118","6D","    (39.1589, -77.2118)"
"201591299","2303","260041019","09/18/2026 05:16:06 PM","09/18/2026 05:03:00 PM","09/18/2026 05:08:00 PM","23C","1","Crime Against Property","Shoplifting","LARCENY - SHOPLIFTING","ROCKVILLE","5700 BLK  BOU AVE","ROCKVILLE","MD","20852","MCPD","Retail - Department/Discount Store","A","1A2","735","5700",,"BOU",,"AVE","0.0","0.0","1D","    (0.0, 0.0)"
"201591327","1399","260041012","09/18/2026 04:58:13 PM","09/18/2026 04:58:00 PM",,"13B","2","Crime Against Person","Simple Assault","ASSAULT - 2ND DEGREE","SILVER SPRING","1500 BLK  EAST WEST HWY","SILVER SPRING","MD","20910","MCPD","Residence - Apartment/Condo","G","3G1","667","1500",,"EAST WEST",,"HWY","38.99434","-77.0335","3D","    (38.9943, -77.0335)"
"201591401","2203","260041002","09/18/2026 04:23:52 PM","09/18/2026 04:23:00 PM",,"220","1","Crime Against Property","Burglary/Breaking and Entering","BURGLARY - FORCED ENTRY-NONRESIDENTIAL","MONTGOMERY VILLAGE","800 BLK S FREDERICK AVE","GAITHERSBURG","MD","20877","GPD","Commercial - Office Building","P","6P3","435","800","S","FREDERICK",,"AVE","39.12603","-77.1828","6D","    (39.126, -77.1828)"
"201591580","9062","260040995",,"09/18/2026 04:09:00 PM",,"90Z","1","Crime Against Society","All Other Offenses","FUGITIVE FROM JUSTICE (OUT OF STATE)","ROCKVILLE","1300 BLK  SEVEN LOCKS RD","POTOMAC","MD","20854","MCPD","Jail/Prison","B","1B1","228","1300",,"SEVEN LOCKS",,"RD","39.06691","-77.1616","1D","    (39.0669, -77.1616)"
"201591291","1399","260040994","09/18/2026 03:47:03 PM","09/18/2026 03:47:00 PM",,"13B","1","Crime Against Person","Simple Assault","ASSAULT - 2ND DEGREE","ROCKVILLE","16000 BLK  SHADY GROVE RD","ROCKVILLE","MD","20850","MCPD","Hotel/Motel/Etc.","A","1A1","439","16000",,"SHADY GROVE",,"RD","39.11891","-77.1826","1D","    (39.1189, -77.1826)"
"201591319","9113","260040997","09/18/2026 03:32:12 PM","09/18/2026 03:32:00 PM",,"90Z","1","Crime Against Society","All Other Offenses","MENTAL ILLNESS - EMERGENCY PETITION","BETHESDA","5400 BLK  MCGRATH BLV","ROCKVILLE","MD","20852","MCPD","Residence - Apartment/Condo","D","2D1","187","5400",,"MCGRATH",,"BLV","39.04863","-77.1082","2D","    (39.0486, -77.1082)"
"201591336","1399","260040992","09/18/2026 03:23:16 PM","09/18/2026 03:23:00 PM","09/18/2026 05:06:00 PM","13B","2","Crime Against Person","Simple Assault","ASSAULT - 2ND DEGREE","ROCKVILLE","1  BLK  DERWOOD CIR","ROCKVILLE","MD","20850","MCPD","Parking Lot - Commercial","A","1A1","282","1",,"DERWOOD",,"CIR","39.10465","-77.1547","1D","    (39.1046, -77.1547)"
"201591329","9199","260040989","09/18/2026 03:19:22 PM","09/18/2026 03:19:00 PM",,"90Z","1","Crime Against Society","All Other Offenses","POLICE INFORMATION","MONTGOMERY VILLAGE","7800 BLK  BEECHCRAFT AVE","GAITHERSBURG","MD","20879","MCPD","Retail - Other","R","6R3","421","7800",,"BEECHCRAFT",,"AVE","39.16207","-77.1606","6D","    (39.1621, -77.1606)"
"201591290","2999","260040998","09/18/2026 03:13:22 PM","09/18/2026 03:13:00 PM",,"290","1","Crime Against Property","Destruction/Damage/Vandalism of Property","DAMAGE PROPERTY (DESCRIBE OFFENSE)","SILVER SPRING","15700 BLK  OLD COLUMBIA PIKE PIK","BURTONSVILLE","MD","20866","MCPD","Parking Lot - Commercial","I","3I2","382","15700",,"OLD COLUMBIA PIKE",,"PIK","0.0","0.0","3D","    (0.0, 0.0)"
"201591296","1213","260040986","09/18/2026 02:42:07 PM","09/18/2026 02:41:00 PM","09/18/2026 12:00:00 AM","120","1","Crime Against Property","Robbery","ROBBERY - GUN","TAKOMA PARK","7400 BLK  NEW HAMPSHIRE AVE","TAKOMA PARK","MD","20912","TPPD","Hotel/Motel/Etc.","T","8T3","807","7400",,"NEW HAMPSHIRE",,"AVE","38.98337","-76.9883","TPPD","    (38.9834, -76.9883)"
"201591287","9199","260040996","09/18/2026 03:30:00 PM","09/18/2026 02:30:00 PM","09/18/2026 02:42:00 PM","90Z","1","Crime Against Society","All Other Offenses","POLICE INFORMATION","ROCKVILLE","100 BLK  HALPINE RD","ROCKVILLE","MD","20852","RCPD","Residence - Apartment/Condo","A","1A2","269","100",,"HALPINE",,"RD","39.06184","-77.124","1D","    (39.0618, -77.124)"
"201591326","9107","260041062",,"09/18/2026 02:00:00 PM","09/18/2026 10:45:00 PM","90Z","1","Crime Against Society","All Other Offenses","MISSING PERSON","WHEATON","3500 BLK  HARGO ST","SILVER SPRING","MD","20906","MCPD","Residence - Single Family","L","4L3","334","3500",,"HARGO",,"ST","0.0","0.0","4D","    (0.0, 0.0)"
"201591363","2305","260040980","09/18/2026 01:48:28 PM","09/18/2026 01:48:00 PM",,"23F","1","Crime Against Property","Theft From Motor Vehicle","LARCENY - FROM AUTO","MONTGOMERY VILLAGE","800 BLK  RUSSELL AVE","GAITHERSBURG","MD","20879","GPD","Hotel/Motel/Etc.","R","6R1","426","800",,"RUSSELL",,"AVE","39.1547","-77.2097","6D","    (39.1547, -77.2097)"
"201591293","9199","260040978",,"09/18/2026 01:32:00 PM",,"90Z","1","Crime Against Society","All Other Offenses","POLICE INFORMATION","MONTGOMERY VILLAGE","1000 BLK  TRAVIS LA","GAITHERSBURG","MD","20879","GPD","Parking Lot - Residential","R","6R2","545","1000",,"TRAVIS",,"LA","39.16074","-77.2157","6D","    (39.1607, -77.2157)"
"201591311","2303","260040972","09/18/2026 01:21:42 PM","09/18/2026 01:21:00 PM",,"23C","1","Crime Against Property","Shoplifting","LARCENY - SHOPLIFTING","SILVER SPRING","900 BLK  ELLSWORTH DR","SILVER SPRING","MD","20910","MCPD","Retail - Clothing","G","3G1","109","900",,"ELLSWORTH",,"DR","38.99686","-77.0254","3D","    (38.9969, -77.0254)"
"201591274","1399","260040971","09/18/2026 12:55:36 PM","09/18/2026 12:55:00 PM",,"13B","1","Crime Against Person","Simple Assault","ASSAULT - 2ND DEGREE","WHEATON",,"SILVER SPRING","MD","20906","MCPD","Street - Bus Stop","K","4K1","531",,,"HOMECREST",,"RD","39.09879","-77.0605","4D","    (39.0988, -77.0605)"
"201591288","5309","260040988","09/18/2026 12:52:27 PM","09/18/2026 12:52:00 PM",,"90Z","1","Crime Against Society","All Other Offenses","PUBLIC PEACE - HARASSING COMMUNICATION","SILVER SPRING","1300 BLK  FENWICK LA","SILVER SPRING","MD","20910","MCPD","Residence - Apartment/Condo","G","3G1","095","1300",,"FENWICK",,"LA","38.99829","-77.0306","3D","    (38.9983, -77.0306)"
"201591278","1399","260040975","09/18/2026 01:38:22 PM","09/18/2026 12:50:00 PM","09/18/2026 12:58:00 PM","13B","1","Crime Against Person","Simple Assault","ASSAULT - 2ND DEGREE","WHEATON",,"SILVER SPRING","MD","20902","MCPD","Street - Residential","L","4L2","167",,,"HUNTLEY",,"PL","39.03109","-77.0374","4D","    (39.0311, -77.0374)"
"201591273","1399","260040960","09/18/2026 12:01:25 PM","09/18/2026 11:50:00 AM","09/18/2026 12:10:00 PM","13B","1","Crime Against Person","Simple Assault","ASSAULT - 2ND DEGREE","MONTGOMERY VILLAGE","18700 BLK  WALKERS CHOICE RD","MONTGOMERY VILLAGE","MD","20886","MCPD","Residence - Apartment/Condo","R","6R1","766","18700",,"WALKERS CHOICE",,"RD","39.16202","-77.2047","6D","    (39.162, -77.2047)"
"201591281","9108","260040955","09/18/2026 11:35:17 AM","09/18/2026 11:32:00 AM","09/18/2026 11:40:00 AM","90Z","1","Crime Against Society","All Other Offenses","RECOVERED PROPERTY - MONT CO.","WHEATON","2300 BLK  RANDOLPH RD","SILVER SPRING","MD","20902","MCPD","Parking Lot - County","L","4L1","366","2300",,"RANDOLPH",,"RD","39.05861","-77.0485","4D","    (39.0586, -77.0485)"
"201591325","9107","260041058","09/18/2026 08:54:19 PM","09/18/2026 11:30:00 AM","09/18/2026 10:30:00 PM","90Z","1","Crime Against Society","All Other Offenses","MISSING PERSON","ROCKVILLE","600 BLK  MARYLAND AVE","ROCKVILLE","MD","20850","RCPD","Residence - Single Family","A","1A2","257","600",,"MARYLAND",,"AVE","39.07755","-77.159","1D","    (39.0776, -77.159)"
"201591357","9021","260041098","09/18/2026 08:54:19 PM","09/18/2026 11:30:00 AM","09/18/2026 08:30:00 PM","90I","1","Crime Against Not a Crime","Runaway","JUVENILE - RUNAWAY","ROCKVILLE","600 BLK  MARYLAND AVE","ROCKVILLE","MD","20850","RCPD","Shelter-Mission/Homeless","A","1A2","257","600",,"MARYLAND",,"AVE","39.07755","-77.159","1D","    (39.0776, -77.159)"
"201591304","9105","260041042","09/18/2026 06:33:39 PM","09/18/2026 11:15:00 AM","09/18/2026 06:32:00 PM","90Z","1","Crime Against Society","All Other Offenses","LOST PROPERTY","ROCKVILLE","1100 BLK  CARNATION DR","ROCKVILLE","MD","20850","RCPD","Recreation Center","A","1A1","243","1100",,"CARNATION",,"DR","39.10054","-77.1747","1D","    (39.1005, -77.1747)"
"201591581","2305","260040950","09/18/2026 11:04:54 AM","09/18/2026 11:04:00 AM",,"23F","1","Crime Against Property","Theft From Motor Vehicle","LARCENY - FROM AUTO","GERMANTOWN","20900 BLK  FREDERICK RD","GERMANTOWN","MD","20876","MCPD","Grocery/Supermarket","M","5M1","701","20900",,"FREDERICK",,"RD","39.19829","-77.2448","5D","    (39.1983, -77.2448)"
"201591272","5707","260040949","09/18/2026 10:52:26 AM","09/18/2026 10:52:00 AM",,"90J","1","Crime Against Society","Trespass of Real Property","TRESPASSING","ROCKVILLE","1100 BLK  CARNATION DR","ROCKVILLE","MD","20850","RCPD","Community Center","A","1A1","243","1100",,"CARNATION",,"DR","39.10054","-77.1747","1D","    (39.1005, -77.1747)"
"201591583","2303","260040952","09/18/2026 11:07:36 AM","09/18/2026 10:30:00 AM","09/18/2026 11:25:00 AM","23C","1","Crime Against Property","Shoplifting","LARCENY - SHOPLIFTING","GERMANTOWN","20900 BLK  FREDERICK RD","GERMANTOWN","MD","20876","MCPD","Grocery/Supermarket","M","5M1","701","20900",,"FREDERICK",,"RD","39.19829","-77.2448","5D","    (39.1983, -77.2448)"
"201591285","9101","260040947","09/18/2026 10:18:02 AM","09/18/2026 10:18:00 AM",,"90Z","1","Crime Against Society","All Other Offenses","SUDDEN DEATH","MONTGOMERY VILLAGE","1  BLK  CULLINAN CT","GAITHERSBURG","MD","20878","GPD","Residence - Single Family","P","6P2","449","1",,"CULLINAN",,"CT","39.13401","-77.2403","6D","    (39.134, -77.2403)"
"201591267","2399","260040946","09/18/2026 10:11:31 AM","09/18/2026 10:11:00 AM",,"23H","1","Crime Against Property","All other Larceny","LARCENY (DESCRIBE OFFENSE)","ROCKVILLE","15700 BLK  CRABBS BRANCH WAY","DERWOOD","MD","20855","MCPD","Commercial - Office Building","A","1A1","281","15700",,"CRABBS BRANCH",,"WAY","39.11158","-77.1557","1D","    (39.1116, -77.1557)"
"201591381","9107","260041133","09/19/2026 11:10:50 AM","09/18/2026 10:00:00 AM",,"90Z","1","Crime Against Society","All Other Offenses","MISSING PERSON","BETHESDA","6000 BLK  SOUTHPORT DR","BETHESDA","MD","20814","MCPD","Residence - Other","E","2E1","192","6000",,"SOUTHPORT",,"DR","39.02184","-77.1187","2D","    (39.0218, -77.1187)"
"201591271","1399","260040941","09/18/2026 09:52:18 AM","09/18/2026 09:52:00 AM",,"13B","1","Crime Against Person","Simple Assault","ASSAULT - 2ND DEGREE","WHEATON","2300 BLK  GLENALLAN AVE","SILVER SPRING","MD","20906","MCPD","Parking Lot - Residential","L","4L3","368","2300",,"GLENALLAN",,"AVE","39.06236","-77.0479","4D","    (39.0624, -77.0479)"
"201591271","2902","260040941","09/18/2026 09:52:18 AM","09/18/2026 09:52:00 AM",,"290","1","Crime Against Property","Destruction/Damage/Vandalism of Property","DAMAGE PROPERTY - PRIVATE","WHEATON","2300 BLK  GLENALLAN AVE","SILVER SPRING","MD","20906","MCPD","Parking Lot - Residential","L","4L3","368","2300",,"GLENALLAN",,"AVE","39.06236","-77.0479","4D","    (39.0624, -77.0479)"
"201591264","1315","260040948","09/18/2026 09:20:30 AM","09/18/2026 09:20:00 AM",,"13A","1","Crime Against Person","Aggravated Assault","ASSAULT - AGGRAVATED - OTHER","GERMANTOWN",,"GERMANTOWN","MD","20876","MCPD","Street - Residential","M","5M1","470",,,"MIDDLEBROOK",,"RD","39.17514","-77.2537","5D","    (39.1751, -77.2537)"
"201591264","1399","260040948","09/18/2026 09:20:30 AM","09/18/2026 09:20:00 AM",,"13B","1","Crime Against Person","Simple Assault","ASSAULT - 2ND DEGREE","GERMANTOWN",,"GERMANTOWN","MD","20876","MCPD","Government Building","M","5M1","470",,,"MIDDLEBROOK",,"RD","39.17514","-77.2537","5D","    (39.1751, -77.2537)"
"201591249","2399","260040935","09/18/2026 09:15:05 AM","09/18/2026 09:07:00 AM","09/18/2026 09:11:00 AM","23H","1","Crime Against Property","All other Larceny","LARCENY (DESCRIBE OFFENSE)","ROCKVILLE","1500 BLK  ROCKVILLE PIK","ROCKVILLE","MD","20852","RCPD","Retail - Drug Store/Pharmacy","A","1A2","273","1500",,"ROCKVILLE",,"PIK","39.06511","-77.1266","1D","    (39.0651, -77.1266)"
"201591577","2602","260040936","09/18/2026 09:06:04 AM","09/18/2026 09:06:00 AM","09/18/2026 09:30:00 AM","26A","1","Crime Against Property","False Pretenses/Swindle/Confidence Game","FRAUD - SWINDLE","GERMANTOWN","13300 BLK  RUSHING WATER WAY","GERMANTOWN","MD","20874","MCPD","Other/Unknown","N","5N2","594","13300",,"RUSHING WATER",,"WAY","39.15837","-77.2722","5D","    (39.1584, -77.2722)"
"201591238","9199","260040930","09/18/2026 06:25:26 AM","09/18/2026 06:25:00 AM",,"90Z","1","Crime Against Society","All Other Offenses","POLICE INFORMATION","WHEATON","5000 BLK  ASPEN HILL RD","ROCKVILLE","MD","20853","MCPD","Street - Residential","K","4K1","339","5000",,"ASPEN HILL",,"RD","39.071","-77.1018","4D","    (39.071, -77.1018)"
"201591228","2404","260040925","09/18/2026 04:54:33 AM","09/18/2026 04:54:00 AM",,"240","1","Crime Against Property","Motor Vehicle Theft","AUTO THEFT - VEHICLE THEFT","WHEATON","2100 BLK  ARCOLA AVE","SILVER SPRING","MD","20902","MCPD","Residence - Single Family","L","4L1","359","2100",,"ARCOLA",,"AVE","0.0","0.0","4D","    (0.0, 0.0)"
"201591229","9101","260040924","09/18/2026 04:29:13 AM","09/18/2026 04:20:00 AM",,"90Z","1","Crime Against Society","All Other Offenses","SUDDEN DEATH","ROCKVILLE","1700 BLK E JEFFERSON ST","ROCKVILLE","MD","20852","RCPD","Residence - Nursing Home","A","1A2","268","1700","E","JEFFERSON",,"ST","39.05848","-77.1264","1D","    (39.0585, -77.1264)"
"201591224","2305","260040921",,"09/18/2026 03:42:00 AM",,"23F","1","Crime Against Property","Theft From Motor Vehicle","LARCENY - FROM AUTO","TAKOMA PARK","900 BLK  UNIVERSITY BLV E","TAKOMA PARK","MD","20912","TPPD","Parking Lot - Commercial","T","8T3","806","900",,"UNIVERSITY","E","BLV","38.99418","-76.9925","TPPD","    (38.9942, -76.9925)"
"201591224","2999","260040921",,"09/18/2026 03:42:00 AM",,"290","1","Crime Against Property","Destruction/Damage/Vandalism of Property","DAMAGE PROPERTY (DESCRIBE OFFENSE)","TAKOMA PARK","900 BLK  UNIVERSITY BLV E","TAKOMA PARK","MD","20912","TPPD","Parking Lot - Commercial","T","8T3","806","900",,"UNIVERSITY","E","BLV","38.99418","-76.9925","TPPD","    (38.9942, -76.9925)"
"201591324","1399","260041016","09/18/2026 05:12:21 PM","09/18/2026 03:00:00 AM",,"13B","1","Crime Against Person","Simple Assault","ASSAULT - 2ND DEGREE","WHEATON","400 BLK  EDNOR RD","ASHTON","MD","20861","MCPD","Residence - Single Family","K","4K2","390","400",,"EDNOR",,"RD","39.13329","-77.0072","4D","    (39.1333, -77.0072)"
"201591222","9199","260040920","09/18/2026 02:25:48 AM","09/18/2026 02:25:00 AM","09/18/2026 02:25:00 AM","90Z","1","Crime Against Society","All Other Offenses","POLICE INFORMATION","SILVER SPRING","11300 BLK  LOCKWOOD DR","SILVER SPRING","MD","20904","MCPD","Street - Bus Stop","I","3I1","145","11300",,"LOCKWOOD",,"DR","39.03998","-76.9901","3D","    (39.04, -76.9901)"
"201591223","1399","260040918","09/18/2026 01:23:14 AM","09/18/2026 02:16:00 AM","09/18/2026 02:30:00 AM","13B","1","Crime Against Person","Simple Assault","ASSAULT - 2ND DEGREE","ROCKVILLE","200 BLK N WASHINGTON ST","ROCKVILLE","MD","20850","RCPD","Bar/Night Club","A","1A1","277","200","N","WASHINGTON",,"ST","39.08583","-77.1529","1D","    (39.0858, -77.1529)"
"201591223","5311","260040918","09/18/2026 01:23:14 AM","09/18/2026 02:16:00 AM","09/18/2026 02:30:00 AM","90C","1","Crime Against Society","Disorderly Conduct","PUBLIC PEACE - DISORDERLY CONDUCT","ROCKVILLE","200 BLK N WASHINGTON ST","ROCKVILLE","MD","20850","RCPD","Bar/Night Club","A","1A1","277","200","N","WASHINGTON",,"ST","39.08583","-77.1529","1D","    (39.0858, -77.1529)"
"201591225","2901","260040919","09/18/2026 02:06:17 AM","09/18/2026 01:55:00 AM","09/18/2026 02:05:00 AM","290","1","Crime Against Property","Destruction/Damage/Vandalism of Property","DAMAGE PROPERTY - BUSINESS","MONTGOMERY VILLAGE","500 BLK  QUINCE ORCHARD RD","GAITHERSBURG","MD","20878","GPD","Liquor Store - Beer & Wine","P","6P2","445","500",,"QUINCE ORCHARD",,"RD","39.14581","-77.2198","6D","    (39.1458, -77.2198)"
"201591375","2999","260041112","09/19/2026 10:01:29 AM","09/18/2026 01:00:00 AM","09/19/2026 09:47:00 AM","290","1","Crime Against Property","Destruction/Damage/Vandalism of Property","DAMAGE PROPERTY (DESCRIBE OFFENSE)","TAKOMA PARK","6400 BLK  EASTERN AVE","TAKOMA PARK","DC","20912","TPPD","Street - Residential","T","8T1","802","6400",,"EASTERN",,"AVE","38.96739","-77.0046","TPPD","    (38.9674, -77.0046)"
"201591220","2399","260040917","09/18/2026 12:59:39 AM","09/18/2026 12:59:00 AM",,"23H","1","Crime Against Property","All other Larceny","LARCENY (DESCRIBE OFFENSE)","BETHESDA","4700 BLK  ELM ST","BETHESDA","MD","20814","MCPD","Bar/Night Club","D","2D2","033","4700",,"ELM",,"ST","0.0","0.0","2D","    (0.0, 0.0)"
"201591220","2999","260040917","09/18/2026 12:59:39 AM","09/18/2026 12:59:00 AM",,"290","1","Crime Against Property","Destruction/Damage/Vandalism of Property","DAMAGE PROPERTY (DESCRIBE OFFENSE)","BETHESDA","4700 BLK  ELM ST","BETHESDA","MD","20814","MCPD","Bar/Night Club","D","2D2","033","4700",,"ELM",,"ST","0.0","0.0","2D","    (0.0, 0.0)"
"201591220","1399","260040917","09/18/2026 12:59:39 AM","09/18/2026 12:59:00 AM",,"13B","2","Crime Against Person","Simple Assault","ASSAULT - 2ND DEGREE","BETHESDA","4700 BLK  ELM ST","BETHESDA","MD","20814","MCPD","Bar/Night Club","D","2D2","033","4700",,"ELM",,"ST","0.0","0.0","2D","    (0.0, 0.0)"
"201591219","5404","260040915","09/18/2026 12:33:59 AM","09/18/2026 12:33:00 AM",,"90D","1","Crime Against Society","Driving Under the Influence","DRIVING UNDER THE INFLUENCE LIQUOR","WHEATON","11600 BLK  BROADVIEW RD","SILVER SPRING","MD","20902","MCPD","Street - In vehicle","L","4L2","325","11600",,"BROADVIEW",,"RD","39.04655","-77.0617","4D","    (39.0466, -77.0617)"
"201591235","2304","260040928","09/18/2026 07:24:15 AM","09/17/2026 11:35:00 PM","09/18/2026 06:35:00 AM","23G","1","Crime Against Property","Theft of Motor Vehicle Parts or Accessories","LARCENY - AUTO PARTS","SILVER SPRING","11600 BLK  LOCKWOOD DR","SILVER SPRING","MD","20904","MCPD","Parking Lot - Residential","I","3I1","145","11600",,"LOCKWOOD",,"DR","39.04129","-76.9851","3D","    (39.0413, -76.9851)"
"201591218","1399","260040914","09/17/2026 11:21:45 PM","09/17/2026 11:21:00 PM",,"13B","2","Crime Against Person","Simple Assault","ASSAULT - 2ND DEGREE","GERMANTOWN","18300 BLK  TIMKO LA","GERMANTOWN","MD","20874","MCPD","Residence -Townhouse/Duplex","N","5N2","448","18300",,"TIMKO",,"LA","0.0","0.0","5D","    (0.0, 0.0)"
"201591251","2304","260040945","09/18/2026 10:13:19 AM","09/17/2026 11:00:00 PM","09/18/2026 09:00:00 AM","23G","1","Crime Against Property","Theft of Motor Vehicle Parts or Accessories","LARCENY - AUTO PARTS","SILVER SPRING","11600 BLK  LOCKWOOD DR","SILVER SPRING","MD","20904","MCPD","Street - Residential","I","3I1","145","11600",,"LOCKWOOD",,"DR","39.04129","-76.9851","3D","    (39.0413, -76.9851)"
"201591217","1399","260040910","09/17/2026 10:55:19 PM","09/17/2026 10:55:00 PM",,"13B","1","Crime Against Person","Simple Assault","ASSAULT - 2ND DEGREE","GERMANTOWN","12800 BLK  FAIRCHILD DR","GERMANTOWN","MD","20874","MCPD","Residence - Apartment/Condo","N","5N1","702","12800",,"FAIRCHILD",,"DR","39.19293","-77.2626","5D","    (39.1929, -77.2626)"
"201591339","1399","260040911","09/17/2026 10:41:01 PM","09/17/2026 10:41:00 PM",,"13B","1","Crime Against Person","Simple Assault","ASSAULT - 2ND DEGREE","GERMANTOWN","13100 BLK  WINGED FOOT LA","GERMANTOWN","MD","20874","MCPD","Residence - Apartment/Condo","N","5N1","465","13100",,"WINGED FOOT",,"LA","39.19972","-77.273","5D","    (39.1997, -77.273)"
"201591212","9113","260040904","09/17/2026 09:50:53 PM","09/17/2026 09:50:00 PM",,"90Z","1","Crime Against Society","All Other Offenses","MENTAL ILLNESS - EMERGENCY PETITION","MONTGOMERY VILLAGE","8900 BLK  BRINK RD","GAITHERSBURG","MD","20882","MCPD","Residence - Single Family","R","6R2","543","8900",,"BRINK",,"RD","0.0","0.0","6D","    (0.0, 0.0)"
"201591207","5404","260040900","09/17/2026 09:18:01 PM","09/17/2026 09:18:00 PM","09/17/2026 10:10:00 PM","90D","1","Crime Against Society","Driving Under the Influence","DRIVING UNDER THE INFLUENCE LIQUOR","SILVER SPRING",,"SILVER SPRING","MD","20902","MCPD","Street - Residential","G","3G2","169",,,"FOREST GROVE",,"DR","39.01962","-77.0389","3D","    (39.0196, -77.0389)"
"201591263","9105","260040964","09/18/2026 12:28:51 PM","09/17/2026 09:00:00 PM","09/18/2026 07:00:00 AM","90Z","1","Crime Against Society","All Other Offenses","LOST PROPERTY","SILVER SPRING","14100 BLK  CASTLE BLV","SILVER SPRING","MD","20904","MCPD","Other/Unknown","I","3I2","380","14100",,"CASTLE",,"BLV","0.0","0.0","3D","    (0.0, 0.0)"
"201591209","9107","260040896","09/17/2026 08:48:34 PM","09/17/2026 08:48:00 PM",,"90Z","1","Crime Against Society","All Other Offenses","MISSING PERSON","MONTGOMERY VILLAGE","10200 BLK  RIDGELINE DR","MONTGOMERY VILLAGE","MD","20886","MCPD","Residence -Townhouse/Duplex","R","6R2","546","10200",,"RIDGELINE",,"DR","39.17475","-77.2068","6D","    (39.1748, -77.2068)"
"201591210","9199","260040890","09/17/2026 08:07:27 PM","09/17/2026 08:07:00 PM",,"90Z","1","Crime Against Society","All Other Offenses","POLICE INFORMATION","MONTGOMERY VILLAGE","20300 BLK  PLEASANT RIDGE DR","MONTGOMERY VILLAGE","MD","20886","MCPD","School - Elementary/Secondary","R","6R2","508","20300",,"PLEASANT RIDGE",,"DR","39.19071","-77.192","6D","    (39.1907, -77.192)"
"201591203","2404","260040885","09/17/2026 07:22:59 PM","09/17/2026 07:22:00 PM",,"240","1","Crime Against Property","Motor Vehicle Theft","AUTO THEFT - VEHICLE THEFT","TAKOMA PARK","7600 BLK  MAPLE AVE","TAKOMA PARK","MD","20912","TPPD","Parking Lot - Residential","T","8T2","804","7600",,"MAPLE",,"AVE","0.0","0.0","TPPD","    (0.0, 0.0)"
"201591195","1303","260040881","09/17/2026 06:53:08 PM","09/17/2026 06:53:00 PM",,"13A","1","Crime Against Person","Aggravated Assault","ASSAULT - AGGRAVATED - FAMILY-STRONG-ARM","MONTGOMERY VILLAGE","9400 BLK  GENTLE CIR","MONTGOMERY VILLAGE","MD","20886","MCPD","Residence -Townhouse/Duplex","R","6R2","504","9400",,"GENTLE",,"CIR","0.0","0.0","6D","    (0.0, 0.0)"
"201591196","3532","260040872","09/17/2026 06:33:36 PM","09/17/2026 06:20:00 PM","09/17/2026 06:25:00 PM","35A","1","Crime Against Society","Drug/Narcotic Violations","DRUGS - COCAINE - POSSESS","ROCKVILLE","200 BLK  MEADOW HALL DR","ROCKVILLE","MD","20851","RCPD","Street - In vehicle","A","1A2","293","200",,"MEADOW HALL",,"DR","39.07443","-77.1136","1D","    (39.0744, -77.1136)"
"201591191","9113","260040876","09/17/2026 06:13:27 PM","09/17/2026 06:13:00 PM",,"90Z","1","Crime Against Society","All Other Offenses","MENTAL ILLNESS - EMERGENCY PETITION","WHEATON","12100 BLK  BLUHILL RD","SILVER SPRING","MD","20902","MCPD","Residence -Townhouse/Duplex","L","4L1","331","12100",,"BLUHILL",,"RD","39.05405","-77.0686","4D","    (39.054, -77.0686)"
"201591189","2399","260040870","09/17/2026 06:09:25 PM","09/17/2026 06:09:00 PM",,"23H","1","Crime Against Property","All other Larceny","LARCENY (DESCRIBE OFFENSE)","ROCKVILLE","200 BLK  ROCKVILLE PIK","ROCKVILLE","MD","20850","RCPD","Street - Bus Stop","A","1A1","275","200",,"ROCKVILLE",,"PIK","39.08519","-77.1482","1D","    (39.0852, -77.1482)"
"201591245","9062","260040864",,"09/17/2026 05:53:00 PM",,"90Z","1","Crime Against Society","All Other Offenses","FUGITIVE FROM JUSTICE (OUT OF STATE)","ROCKVILLE","1300 BLK  SEVEN LOCKS RD","POTOMAC","MD","20854","MCPD","Jail/Prison","B","1B1","228","1300",,"SEVEN LOCKS",,"RD","39.06691","-77.1616","1D","    (39.0669, -77.1616)"
"201591181","5707","260040869","09/17/2026 05:39:55 PM","09/17/2026 05:39:00 PM",,"90J","1","Crime Against Society","Trespass of Real Property","TRESPASSING","WHEATON","13600 BLK  GEORGIA AVE","SILVER SPRING","MD","20906","MCPD","Parking Lot - Commercial","K","4K1","348","13600",,"GEORGIA",,"AVE","0.0","0.0","4D","    (0.0, 0.0)"
"201591211","9101","260040866","09/17/2026 05:37:23 PM","09/17/2026 05:37:00 PM",,"90Z","1","Crime Against Society","All Other Offenses","SUDDEN DEATH","MONTGOMERY VILLAGE",,"GAITHERSBURG","MD","20877","MCPD","Street - In vehicle","P","6P3","754",,,"COMPRINT",,"CT","39.12016","-77.1842","6D","    (39.1202, -77.1842)"
"201591243","9062","260040852",,"09/17/2026 05:18:00 PM",,"90Z","1","Crime Against Society","All Other Offenses","FUGITIVE FROM JUSTICE (OUT OF STATE)","ROCKVILLE","1300 BLK  SEVEN LOCKS RD","POTOMAC","MD","20854","MCPD","Jail/Prison","B","1B1","228","1300",,"SEVEN LOCKS",,"RD","39.06691","-77.1616","1D","    (39.0669, -77.1616)"
"201591186","2303","260040859","09/17/2026 05:16:02 PM","09/17/2026 05:16:00 PM","09/17/2026 05:16:00 PM","23C","1","Crime Against Property","Shoplifting","LARCENY - SHOPLIFTING","WHEATON","11100 BLK  VEIRS MILL RD","SILVER SPRING","MD","20902","MCPD","Retail - Mall","L","4L2","321","11100",,"VEIRS MILL",,"RD","39.03756","-77.0519","4D","    (39.0376, -77.0519)"
"201591199","1399","260040853","09/17/2026 04:34:23 PM","09/17/2026 04:34:00 PM",,"13B","1","Crime Against Person","Simple Assault","ASSAULT - 2ND DEGREE","GERMANTOWN","22600 BLK  NEWCUT RD","CLARKSBURG","MD","20871","MCPD","Street - Commercial","M","5M3","476","22600",,"NEWCUT",,"RD","0.0","0.0","5D","    (0.0, 0.0)"
"201591175","2399","260040851","09/17/2026 04:13:06 PM","09/17/2026 04:13:00 PM",,"23H","1","Crime Against Property","All other Larceny","LARCENY (DESCRIBE OFFENSE)","BETHESDA","5400 BLK  WISCONSIN AVE","CHEVY CHASE","MD","20815","MCPD","Air/Bus/Train/Metro Terminal","D","2D2","006","5400",,"WISCONSIN",,"AVE","38.96079","-77.0857","2D","    (38.9608, -77.0857)"
"201591197","1399","260040844","09/17/2026 04:09:57 PM","09/17/2026 04:09:00 PM",,"13B","2","Crime Against Person","Simple Assault","ASSAULT - 2ND DEGREE","WHEATON","11500 BLK  TABER ST","SILVER SPRING","MD","20902","MCPD","Residence - Single Family","L","4L1","359","11500",,"TABER",,"ST","0.0","0.0","4D","    (0.0, 0.0)"
"201591167","9199","260040841",,"09/17/2026 04:08:00 PM",,"90Z","1","Crime Against Society","All Other Offenses","POLICE INFORMATION","WHEATON","11200 BLK  AMHERST AVE","SILVER SPRING","MD","20902","MCPD","Street - Other","L","4L2","354","11200",,"AMHERST",,"AVE","0.0","0.0","4D","    (0.0, 0.0)"
"201591168","2303","260040840","09/17/2026 03:59:09 PM","09/17/2026 03:59:00 PM",,"23C","1","Crime Against Property","Shoplifting","LARCENY - SHOPLIFTING","WHEATON","13300 BLK  NEW HAMPSHIRE AVE","SILVER SPRING","MD","20904","MCPD","Convenience Store","L","4L3","677","13300",,"NEW HAMPSHIRE",,"AVE","39.07322","-77.0027","4D","    (39.0732, -77.0027)"
"201591201","1399","260040838","09/17/2026 03:46:19 PM","09/17/2026 03:46:00 PM",,"13B","1","Crime Against Person","Simple Assault","ASSAULT - 2ND DEGREE","WHEATON","1400 BLK  DENNIS AVE","SILVER SPRING","MD","20902","MCPD","School - Elementary/Secondary","L","4L2","165","1400",,"DENNIS",,"AVE","0.0","0.0","4D","    (0.0, 0.0)"
"201591170","5707","260040836","09/17/2026 03:35:55 PM","09/17/2026 03:35:00 PM",,"90J","1","Crime Against Society","Trespass of Real Property","TRESPASSING","ROCKVILLE","400 BLK  CASEY LA","ROCKVILLE","MD","20850","RCPD","Community Center","B","1B1","241","400",,"CASEY",,"LA","39.09533","-77.1915","1D","    (39.0953, -77.1915)"
"201591166","9199","260040842","09/17/2026 03:29:21 PM","09/17/2026 03:29:00 PM",,"90Z","1","Crime Against Society","All Other Offenses","POLICE INFORMATION","ROCKVILLE","1300 BLK E GUDE DR","ROCKVILLE","MD","20850","RCPD","Restaurant","A","1A1","287","1300","E","GUDE",,"DR","0.0","0.0","1D","    (0.0, 0.0)"
"201591163","2602","260040830","09/17/2026 03:03:27 PM","09/17/2026 03:03:00 PM",,"26A","1","Crime Against Property","False Pretenses/Swindle/Confidence Game","FRAUD - SWINDLE","MONTGOMERY VILLAGE","18700 BLK  HILLSIDE TER","DERWOOD","MD","20855","MCPD","Residence - Single Family","R","6R3","716","18700",,"HILLSIDE",,"TER","39.16383","-77.123","6D","    (39.1638, -77.123)"
"201591190","9199","260040863",,"09/17/2026 03:00:00 PM",,"90Z","1","Crime Against Society","All Other Offenses","POLICE INFORMATION","WHEATON","1700 BLK  WINDHAM LA","SILVER SPRING","MD","20902","MCPD","Street - Residential","L","4L2","167","1700",,"WINDHAM",,"LA","39.03215","-77.0373","4D","    (39.0322, -77.0373)"
"201591233","9199","260040821","09/17/2026 02:10:22 PM","09/17/2026 02:10:00 PM",,"90Z","1","Crime Against Society","All Other Offenses","POLICE INFORMATION","BETHESDA","4800 BLK  RUGBY AVE","BETHESDA","MD","20814","MCPD","Residence - Single Family","D","2D2","049","4800",,"RUGBY",,"AVE","0.0","0.0","2D","    (0.0, 0.0)"
"201591142","2610","260040813","09/17/2026 02:01:01 PM","09/17/2026 02:01:00 PM",,"26F","1","Crime Against Property","Identity Theft","IDENTITY THEFT","SILVER SPRING","9500 BLK  2ND AVE","SILVER SPRING","MD","20910","MCPD","Other/Unknown","G","3G2","081","9500",,"2ND",,"AVE","0.0","0.0","3D","    (0.0, 0.0)"
"201591151","2303","260040820","09/17/2026 01:51:53 PM","09/17/2026 01:47:00 PM","09/17/2026 01:49:00 PM","23C","1","Crime Against Property","Shoplifting","LARCENY - SHOPLIFTING","ROCKVILLE","1000 BLK  SEVEN LOCKS RD","POTOMAC","MD","20854","RCPD","Convenience Store","B","1B1","228","1000",,"SEVEN LOCKS",,"RD","39.06147","-77.1609","1D","    (39.0615, -77.1609)"
"201591169","9199","260040814","09/17/2026 01:47:22 PM","09/17/2026 01:47:00 PM","09/17/2026 01:47:00 PM","90Z","1","Crime Against Society","All Other Offenses","POLICE INFORMATION","WHEATON","11100 BLK  VEIRS MILL RD","SILVER SPRING","MD","20902","MCPD","Retail - Mall","L","4L2","321","11100",,"VEIRS MILL",,"RD","39.03756","-77.0519","4D","    (39.0376, -77.0519)"
"201591148","9199","260040822","09/17/2026 02:39:17 PM","09/17/2026 01:40:00 PM","09/17/2026 02:40:00 PM","90Z","1","Crime Against Society","All Other Offenses","POLICE INFORMATION","MONTGOMERY VILLAGE","10300 BLK  APPLE RIDGE RD","MONTGOMERY VILLAGE","MD","20886","MCPD","School - Elementary/Secondary","R","6R2","547","10300",,"APPLE RIDGE",,"RD","39.18344","-77.2137","6D","    (39.1834, -77.2137)"
"201591134","9199","260040767",,"09/17/2026 01:14:00 PM",,"90Z","1","Crime Against Society","All Other Offenses","POLICE INFORMATION","GERMANTOWN","20000 BLK  AIRCRAFT DR","GERMANTOWN","MD","20874","MCPD","Other/Unknown","N","5N1","702","20000",,"AIRCRAFT",,"DR","39.18396","-77.2617","5D","    (39.184, -77.2617)"
"201591440","9021","260041205","09/19/2026 08:30:48 PM","09/17/2026 01:00:00 PM","09/19/2026 08:21:00 PM","90I","1","Crime Against Not a Crime","Runaway","JUVENILE - RUNAWAY","MONTGOMERY VILLAGE","15000 BLK  BROSCHART RD","ROCKVILLE","MD","20850","MCPD","School - Elementary/Secondary","P","6P1","721","15000",,"BROSCHART",,"RD","39.10179","-77.2003","6D","    (39.1018, -77.2003)"
"201591130","3562","260040784",,"09/17/2026 12:57:00 PM",,"35A","1","Crime Against Society","Drug/Narcotic Violations","DRUGS - MARIJUANA - POSSESS","TAKOMA PARK","7600 BLK  NEW HAMPSHIRE AVE","TAKOMA PARK","MD","20912","TPPD","Parking Lot - Commercial","T","8T3","807","7600",,"NEW HAMPSHIRE",,"AVE","38.9859","-76.9881","TPPD","    (38.9859, -76.9881)"
"201591161","9101","260040807","09/17/2026 12:47:55 PM","09/17/2026 12:47:00 PM",,"90Z","1","Crime Against Society","All Other Offenses","SUDDEN DEATH","ROCKVILLE","600 BLK  MARCIA LA","ROCKVILLE","MD","20851","RCPD","Residence - Single Family","A","1A2","294","600",,"MARCIA",,"LA","39.07884","-77.1093","1D","    (39.0788, -77.1093)"
"201591141","2308","260040793","09/17/2026 12:41:48 PM","09/17/2026 12:41:00 PM",,"23D","1","Crime Against Property","Theft from Building","LARCENY - FROM BLDG","MONTGOMERY VILLAGE","700 BLK  SUFFIELD DR","GAITHERSBURG","MD","20878","GPD","Residence -Townhouse/Duplex","P","6P1","552","700",,"SUFFIELD",,"DR","39.11502","-77.2217","6D","    (39.115, -77.2217)"
"201591133","1399","260040795","09/17/2026 12:35:54 PM","09/17/2026 12:35:00 PM",,"13B","1","Crime Against Person","Simple Assault","ASSAULT - 2ND DEGREE","SILVER SPRING","8100 BLK  GEORGIA AVE","SILVER SPRING","MD","20910","MCPD","Shelter-Mission/Homeless","G","3G1","094","8100",,"GEORGIA",,"AVE","38.99065","-77.0267","3D","    (38.9907, -77.0267)"
"201591615","9199","260041394","09/21/2026 10:55:03 AM","09/17/2026 12:00:00 PM","09/21/2026 10:55:00 AM","90Z","1","Crime Against Society","All Other Offenses","POLICE INFORMATION","SILVER SPRING","10200 BLK  GREEN FOREST DR","SILVER SPRING","MD","20903","MCPD","Residence - Driveway","I","3I3","140","10200",,"GREEN FOREST",,"DR","39.02154","-76.9704","3D","    (39.0215, -76.9704)"
"201591129","2308","260040779","09/17/2026 11:55:05 AM","09/17/2026 11:55:00 AM",,"23D","1","Crime Against Property","Theft from Building","LARCENY - FROM BLDG","MONTGOMERY VILLAGE","19300 BLK  MONTGOMERY VILLAGE AVE","MONTGOMERY VILLAGE","MD","20886","MCPD","Retail - Appliances/Electronics","R","6R2","546","19300",,"MONTGOMERY VILLAGE",,"AVE","39.17262","-77.2036","6D","    (39.1726, -77.2036)"
"201591129","1314","260040779","09/17/2026 11:55:05 AM","09/17/2026 11:55:00 AM",,"13A","1","Crime Against Person","Aggravated Assault","ASSAULT - AGGRAVATED - GUN","MONTGOMERY VILLAGE","19300 BLK  MONTGOMERY VILLAGE AVE","MONTGOMERY VILLAGE","MD","20886","MCPD","Retail - Department/Discount Store","R","6R2","546","19300",,"MONTGOMERY VILLAGE",,"AVE","39.17262","-77.2036","6D","    (39.1726, -77.2036)"
"201591115","9199","260040743",,"09/17/2026 11:45:00 AM",,"90Z","1","Crime Against Society","All Other Offenses","POLICE INFORMATION","GERMANTOWN","22500 BLK  WIMS RD","CLARKSBURG","MD","20871","MCPD","School - Elementary/Secondary","M","5M3","598","22500",,"WIMS",,"RD","0.0","0.0","5D","    (0.0, 0.0)"
"201591143","9101","260040790","09/17/2026 11:41:23 AM","09/17/2026 11:41:00 AM",,"90Z","1","Crime Against Society","All Other Offenses","SUDDEN DEATH","WHEATON","1  BLK  SILVER MOON DR","SILVER SPRING","MD","20904","MCPD","Residence -Townhouse/Duplex","L","4L3","675","1",,"SILVER MOON",,"DR","39.07816","-77.0038","4D","    (39.0782, -77.0038)"
"201591236","3562","260040777",,"09/17/2026 11:30:00 AM",,"35A","1","Crime Against Society","Drug/Narcotic Violations","DRUGS - MARIJUANA - POSSESS","WHEATON","11100 BLK  NEWPORT MILL RD","KENSINGTON","MD","20895","MCPD","School - Elementary/Secondary","L","4L2","318","11100",,"NEWPORT MILL",,"RD","39.03711","-77.0724","4D","    (39.0371, -77.0724)"
"201591128","9113","260040776","09/17/2026 11:17:17 AM","09/17/2026 11:17:00 AM",,"90Z","1","Crime Against Society","All Other Offenses","MENTAL ILLNESS - EMERGENCY PETITION","MONTGOMERY VILLAGE","16800 BLK  CRABBS BRANCH WAY","DERWOOD","MD","20855","MCPD","Retail - Beauty/Barber Shop","P","6P3","551","16800",,"CRABBS BRANCH",,"WAY","39.13147","-77.1697","6D","    (39.1315, -77.1697)"
"201591114","3550","260040757","09/17/2026 10:37:09 AM","09/17/2026 10:37:00 AM",,"35B","1","Crime Against Society","Drug Equipment Violations","DRUGS - NARCOTIC EQUIP - POSSESS","GERMANTOWN","22500 BLK  WIMS RD","CLARKSBURG","MD","20871","MCPD","School - Elementary/Secondary","M","5M3","598","22500",,"WIMS",,"RD","0.0","0.0","5D","    (0.0, 0.0)"
"201591165","9021","260040763","09/17/2026 10:43:35 AM","09/17/2026 10:22:00 AM",,"90I","1","Crime Against Not a Crime","Runaway","JUVENILE - RUNAWAY","MONTGOMERY VILLAGE","15000 BLK  BROSCHART RD","ROCKVILLE","MD","20850","MCPD","School - Elementary/Secondary","P","6P1","721","15000",,"BROSCHART",,"RD","39.10179","-77.2003","6D","    (39.1018, -77.2003)"
"201591234","9199","260040761","09/17/2026 10:22:53 AM","09/17/2026 10:22:00 AM",,"90Z","1","Crime Against Society","All Other Offenses","POLICE INFORMATION","MONTGOMERY VILLAGE","400 BLK  GIRARD ST","GAITHERSBURG","MD","20877","GPD","Residence - Apartment/Condo","P","6P3","419","400",,"GIRARD",,"ST","39.14648","-77.1849","6D","    (39.1465, -77.1849)"
"201591101","2303","260040725",,"09/17/2026 10:15:00 AM",,"23C","1","Crime Against Property","Shoplifting","LARCENY - SHOPLIFTING","SILVER SPRING","900 BLK  THAYER AVE","SILVER SPRING","MD","20910","MCPD","Grocery/Supermarket","G","3G1","670","900",,"THAYER",,"AVE","38.99304","-77.024","3D","    (38.993, -77.024)"
"201591108","1399","260040752","09/17/2026 09:55:34 AM","09/17/2026 09:55:00 AM",,"13B","1","Crime Against Person","Simple Assault","ASSAULT - 2ND DEGREE","MONTGOMERY VILLAGE","9400 BLK  GENTLE CIR","MONTGOMERY VILLAGE","MD","20886","MCPD","Residence -Townhouse/Duplex","R","6R2","504","9400",,"GENTLE",,"CIR","0.0","0.0","6D","    (0.0, 0.0)"
"201591179","9113","260040755","09/17/2026 09:44:04 AM","09/17/2026 09:44:00 AM",,"90Z","1","Crime Against Society","All Other Offenses","MENTAL ILLNESS - EMERGENCY PETITION","ROCKVILLE","12200 BLK  VILLAGE SQUARE TER","ROCKVILLE","MD","20852","MCPD","Residence - Apartment/Condo","A","1A2","303","12200",,"VILLAGE SQUARE",,"TER","39.05662","-77.1079","1D","    (39.0566, -77.1079)"
"201591098","9062","260040676",,"09/17/2026 09:41:00 AM",,"90Z","1","Crime Against Society","All Other Offenses","FUGITIVE FROM JUSTICE (OUT OF STATE)","ROCKVILLE","1300 BLK  SEVEN LOCKS RD","POTOMAC","MD","20854","MCPD","Jail/Prison","B","1B1","228","1300",,"SEVEN LOCKS",,"RD","39.06691","-77.1616","1D","    (39.0669, -77.1616)"
"201591221","2404","260040916","09/18/2026 12:42:51 AM","09/17/2026 09:30:00 AM","09/17/2026 10:00:00 PM","240","1","Crime Against Property","Motor Vehicle Theft","AUTO THEFT - VEHICLE THEFT","BETHESDA","3200 BLK  UNIVERSITY BLV W","KENSINGTON","MD","20895","MCPD","Parking Lot - Residential","D","2D1","317","3200",,"UNIVERSITY","W","BLV","39.03573","-77.0647","2D","    (39.0357, -77.0647)"
"201591342","2399","260040660",,"09/17/2026 09:00:00 AM","09/17/2026 05:00:00 PM","23H","1","Crime Against Property","All other Larceny","LARCENY (DESCRIBE OFFENSE)","ROCKVILLE",,"ROCKVILLE","MD","20852","RCPD","Street - Commercial","A","1A2","273",,,"HALPINE",,"RD","39.06126","-77.125","1D","    (39.0613, -77.125)"
"201591112","2399","260040739","09/17/2026 08:23:01 AM","09/17/2026 08:23:00 AM",,"23H","1","Crime Against Property","All other Larceny","LARCENY (DESCRIBE OFFENSE)","GERMANTOWN","22700 BLK  WOODFIELD RD","GAITHERSBURG","MD","20882","MCPD","Residence - Single Family","M","5M2","621","22700",,"WOODFIELD",,"RD","39.22905","-77.1778","5D","    (39.2291, -77.1778)"
"201591112","1399","260040739","09/17/2026 08:23:01 AM","09/17/2026 08:23:00 AM",,"13B","1","Crime Against Person","Simple Assault","ASSAULT - 2ND DEGREE","GERMANTOWN","22700 BLK  WOODFIELD RD","GAITHERSBURG","MD","20882","MCPD","Residence - Single Family","M","5M2","621","22700",,"WOODFIELD",,"RD","39.22905","-77.1778","5D","    (39.2291, -77.1778)"
"201591260","2303","260040735",,"09/17/2026 08:07:00 AM",,"23C","1","Crime Against Property","Shoplifting","LARCENY - SHOPLIFTING","SILVER SPRING","900 BLK  THAYER AVE","SILVER SPRING","MD","20910","MCPD","Grocery/Supermarket","G","3G1","670","900",,"THAYER",,"AVE","38.99304","-77.024","3D","    (38.993, -77.024)"
"201591095","2902","260040730","09/17/2026 08:04:27 AM","09/17/2026 08:04:00 AM",,"290","1","Crime Against Property","Destruction/Damage/Vandalism of Property","DAMAGE PROPERTY - PRIVATE","WHEATON",,"SILVER SPRING","MD","20902","MCPD","Street - In vehicle","L","4L2","356",,,"UNIVERSITY",,"BLV","38.98874","-76.9875","4D","    (38.9887, -76.9875)"
"201591429","1399","260041178","09/19/2026 05:00:29 PM","09/17/2026 08:00:00 AM","09/18/2026 05:45:00 PM","13B","1","Crime Against Person","Simple Assault","ASSAULT - 2ND DEGREE","MONTGOMERY VILLAGE","9700 BLK  KEY WEST AVE","ROCKVILLE","MD","20850","MCPD","Residence - Apartment/Condo","P","6P1","751","9700",,"KEY WEST",,"AVE","39.1043","-77.2034","6D","    (39.1043, -77.2034)"
"201591177","2404","260040802","09/17/2026 12:18:58 PM","09/17/2026 07:00:00 AM",,"240","1","Crime Against Property","Motor Vehicle Theft","AUTO THEFT - VEHICLE THEFT","MONTGOMERY VILLAGE","8100 BLK  CHELABERRY CT","GAITHERSBURG","MD","20879","MCPD","Street - Residential","R","6R3","420","8100",,"CHELABERRY",,"CT","39.16","-77.1647","6D","    (39.16, -77.1647)"
"201591242","1399","260040718","09/17/2026 06:11:34 AM","09/17/2026 06:11:00 AM",,"13B","1","Crime Against Person","Simple Assault","ASSAULT - 2ND DEGREE","GERMANTOWN","18000 BLK  CHALET DR","GERMANTOWN","MD","20874","MCPD","Residence - Apartment/Condo","N","5N2","448","18000",,"CHALET",,"DR","0.0","0.0","5D","    (0.0, 0.0)"
"201591109","1399","260040719","09/17/2026 06:11:34 AM","09/17/2026 06:11:00 AM",,"13B","2","Crime Against Person","Simple Assault","ASSAULT - 2ND DEGREE","GERMANTOWN","18000 BLK  CHALET DR","GERMANTOWN","MD","20874","MCPD","Residence - Apartment/Condo","N","5N2","448","18000",,"CHALET",,"DR","0.0","0.0","5D","    (0.0, 0.0)"
"201591104","2303","260040749","09/17/2026 09:54:39 AM","09/17/2026 06:00:00 AM",,"23C","1","Crime Against Property","Shoplifting","LARCENY - SHOPLIFTING","TAKOMA PARK","6900 BLK  NEW HAMPSHIRE AVE","TAKOMA PARK","MD","20912","TPPD","Commercial - Office Building","T","8T3","808","6900",,"NEW HAMPSHIRE",,"AVE","38.97561","-76.994","TPPD","    (38.9756, -76.994)"
"201591083","2999","260040717","09/17/2026 05:27:30 AM","09/17/2026 05:27:00 AM",,"290","1","Crime Against Property","Destruction/Damage/Vandalism of Property","DAMAGE PROPERTY (DESCRIBE OFFENSE)","TAKOMA PARK","1200 BLK  MYRTLE AVE","TAKOMA PARK","MD","20912","TPPD","Parking Lot - Residential","T","8T3","808","1200",,"MYRTLE",,"AVE","0.0","0.0","TPPD","    (0.0, 0.0)"
"201591082","9101","260040716","09/17/2026 04:21:36 AM","09/17/2026 04:21:00 AM","09/17/2026 05:00:00 AM","90Z","1","Crime Against Society","All Other Offenses","SUDDEN DEATH","ROCKVILLE","1000 BLK  BRICE RD","ROCKVILLE","MD","20852","RCPD","Residence - Single Family","A","1A2","263","1000",,"BRICE",,"RD","0.0","0.0","1D","    (0.0, 0.0)"
"201591081","2202","260040714","09/17/2026 03:25:37 AM","09/17/2026 03:25:00 AM",,"220","1","Crime Against Property","Burglary/Breaking and Entering","BURGLARY - FORCED ENTRY-RESIDENTIAL","SILVER SPRING","10500 BLK  ROYAL RD","SILVER SPRING","MD","20903","MCPD","Residence - Single Family","I","3I3","143","10500",,"ROYAL",,"RD","0.0","0.0","3D","    (0.0, 0.0)"
"201591077","9199","260040712",,"09/17/2026 02:58:00 AM",,"90Z","1","Crime Against Society","All Other Offenses","POLICE INFORMATION","WHEATON","2300 BLK  PRICE AVE","SILVER SPRING","MD","20902","MCPD","Bar/Night Club","L","4L2","354","2300",,"PRICE",,"AVE","0.0","0.0","4D","    (0.0, 0.0)"
"201591072","9107","260040709","09/17/2026 12:39:11 AM","09/17/2026 12:39:00 AM",,"90Z","1","Crime Against Society","All Other Offenses","MISSING PERSON","GERMANTOWN","21100 BLK  ARCHSTONE WAY","GERMANTOWN","MD","20876","MCPD","Residence - Apartment/Condo","M","5M3","474","21100",,"ARCHSTONE",,"WAY","39.20136","-77.2587","5D","    (39.2014, -77.2587)"
"201591076","9113","260040710","09/17/2026 12:02:35 AM","09/17/2026 12:02:00 AM",,"90Z","1","Crime Against Society","All Other Offenses","MENTAL ILLNESS - EMERGENCY PETITION","BETHESDA","5100 BLK  POOKS HILL RD","BETHESDA","MD","20814","MCPD","Residence - Apartment/Condo","E","2E1","071","5100",,"POOKS HILL",,"RD","39.01599","-77.1019","2D","    (39.016, -77.1019)"
"201591582","9199","260041369",,"09/17/2026 12:00:00 AM",,"90Z","1","Crime Against Society","All Other Offenses","POLICE INFORMATION","ROCKVILLE","100 BLK  EDISON PARK DR","GAITHERSBURG","MD","20878","MCPD","Government Building","B","1B2","725","100",,"EDISON PARK",,"DR","39.11173","-77.2352","1D","    (39.1117, -77.2352)"
"201591071","9101","260040707","09/16/2026 11:12:52 PM","09/16/2026 11:12:00 PM",,"90Z","1","Crime Against Society","All Other Offenses","SUDDEN DEATH","BETHESDA","3600 BLK  LITTLEDALE RD","KENSINGTON","MD","20895","MCPD","Residence - Nursing Home","D","2D1","697","3600",,"LITTLEDALE",,"RD","39.01832","-77.071","2D","    (39.0183, -77.071)"
"201591154","3550","260040704",,"09/16/2026 11:03:00 PM",,"35B","1","Crime Against Society","Drug Equipment Violations","DRUGS - NARCOTIC EQUIP - POSSESS","ROCKVILLE",,"ROCKVILLE","MD","20850","MCPD","Street - In vehicle","A","1A1","278",,,"ROCKVILLE",,"PIK","39.01964","-77.102","1D","    (39.0196, -77.102)"
"201591154","3512","260040704",,"09/16/2026 11:03:00 PM",,"35A","1","Crime Against Society","Drug/Narcotic Violations","DRUGS - HEROIN - POSSESS","ROCKVILLE",,"ROCKVILLE","MD","20850","MCPD","Street - In vehicle","A","1A1","278",,,"ROCKVILLE",,"PIK","39.01964","-77.102","1D","    (39.0196, -77.102)"
"201591110","2304","260040759","09/17/2026 10:23:32 AM","09/16/2026 11:00:00 PM","09/17/2026 08:00:00 AM","23G","1","Crime Against Property","Theft of Motor Vehicle Parts or Accessories","LARCENY - AUTO PARTS","SILVER SPRING","1700 BLK  JANUARY DR","SILVER SPRING","MD","20904","MCPD","Parking Lot - Residential","I","3I1","145","1700",,"JANUARY",,"DR","39.0471","-76.9764","3D","    (39.0471, -76.9764)"
"201591074","2399","260040706","09/16/2026 11:03:43 PM","09/16/2026 10:38:00 PM",,"23H","1","Crime Against Property","All other Larceny","LARCENY (DESCRIBE OFFENSE)","SILVER SPRING","11700 BLK  OLD COLUMBIA PIKE PIK","SILVER SPRING","MD","20904","MCPD","Residence - Apartment/Condo","I","3I1","145","11700",,"OLD COLUMBIA PIKE",,"PIK","0.0","0.0","3D","    (0.0, 0.0)"
"201591068","2399","260040703","09/16/2026 10:37:25 PM","09/16/2026 10:37:00 PM",,"23H","1","Crime Against Property","All other Larceny","LARCENY (DESCRIBE OFFENSE)","ROCKVILLE","1  BLK  MANNAKEE ST","ROCKVILLE","MD","20850","MCPD","School - College/University","A","1A1","245","1",,"MANNAKEE",,"ST","39.08558","-77.1676","1D","    (39.0856, -77.1676)"
"201591155","5208","260040700","09/16/2026 10:10:11 PM","09/16/2026 10:10:00 PM","09/17/2026 12:30:00 AM","520","1","Crime Against Society","Weapon Law Violations","WEAPON - INCENDIARY DEVICE - USING","ROCKVILLE",,"ROCKVILLE","MD","20850","RCPD","Street - Commercial","A","1A1","251",,,"FREDERICK",,"AVE","39.05909","-77.1152","1D","    (39.0591, -77.1152)"
"201591155","1399","260040700","09/16/2026 10:10:11 PM","09/16/2026 10:10:00 PM","09/17/2026 12:30:00 AM","13B","1","Crime Against Person","Simple Assault","ASSAULT - 2ND DEGREE","ROCKVILLE",,"ROCKVILLE","MD","20850","RCPD","Street - Bus Stop","A","1A1","251",,,"FREDERICK",,"AVE","39.05909","-77.1152","1D","    (39.0591, -77.1152)"
"201591347","9021","260041041","09/18/2026 06:47:25 PM","09/16/2026 10:00:00 PM",,"90I","1","Crime Against Not a Crime","Runaway","JUVENILE - RUNAWAY","ROCKVILLE","100 BLK  ELMCROFT SQ","ROCKVILLE","MD","20850","RCPD","Residence -Townhouse/Duplex","A","1A1","439","100",,"ELMCROFT",,"SQ","39.11525","-77.1685","1D","    (39.1153, -77.1685)"
"201591090","2404","260040727","09/17/2026 07:39:31 AM","09/16/2026 10:00:00 PM","09/17/2026 06:00:00 AM","240","1","Crime Against Property","Motor Vehicle Theft","AUTO THEFT - VEHICLE THEFT","MONTGOMERY VILLAGE","7800 BLK  MINERAL SPRINGS DR","GAITHERSBURG","MD","20877","MCPD","Street - Residential","R","6R3","542","7800",,"MINERAL SPRINGS",,"DR","39.15342","-77.1601","6D","    (39.1534, -77.1601)"
"201591078","9021","260040713","09/17/2026 02:38:53 AM","09/16/2026 09:30:00 PM","09/17/2026 01:00:00 AM","90I","1","Crime Against Not a Crime","Runaway","JUVENILE - RUNAWAY","SILVER SPRING","9900 BLK  MOSS AVE","SILVER SPRING","MD","20901","MCPD","Residence - Single Family","G","3G2","125","9900",,"MOSS",,"AVE","0.0","0.0","3D","    (0.0, 0.0)"
"201591080","9021","260040702","09/16/2026 10:10:18 PM","09/16/2026 09:15:00 PM",,"90I","1","Crime Against Not a Crime","Runaway","JUVENILE - RUNAWAY","MONTGOMERY VILLAGE","400 BLK  CHRISTOPHER AVE","GAITHERSBURG","MD","20879","GPD","Residence - Apartment/Condo","R","6R1","426","400",,"CHRISTOPHER",,"AVE","39.1589","-77.2118","6D","    (39.1589, -77.2118)"
"201591059","9107","260040695","09/16/2026 09:01:30 PM","09/16/2026 09:01:00 PM",,"90Z","1","Crime Against Society","All Other Offenses","MISSING PERSON","MONTGOMERY VILLAGE","20500 BLK  STERNCROFT CT","MONTGOMERY VILLAGE","MD","20886","MCPD","Residence -Townhouse/Duplex","R","6R2","508","20500",,"STERNCROFT",,"CT","39.19193","-77.192","6D","    (39.1919, -77.192)"
"201591138","2304","260040808","09/17/2026 01:32:39 PM","09/16/2026 09:00:00 PM","09/17/2026 06:00:00 AM","23G","1","Crime Against Property","Theft of Motor Vehicle Parts or Accessories","LARCENY - AUTO PARTS","SILVER SPRING","1500 BLK  NOVEMBER CIR","SILVER SPRING","MD","20904","MCPD","Parking Lot - Residential","I","3I1","145","1500",,"NOVEMBER",,"CIR","39.04498","-76.981","3D","    (39.045, -76.981)"
"201591055","9061","260040692","09/16/2026 08:59:36 PM","09/16/2026 08:59:00 PM","09/16/2026 08:59:00 PM","90Z","1","Crime Against Society","All Other Offenses","FUGITIVE FROM MD JURISDICTION","ROCKVILLE","800 BLK  WADE AVE","ROCKVILLE","MD","20851","RCPD","Street - Residential","A","1A2","295","800",,"WADE",,"AVE","0.0","0.0","1D","    (0.0, 0.0)"
"201591105","9105","260040756","09/17/2026 10:16:29 AM","09/16/2026 08:50:00 PM","09/17/2026 09:10:00 AM","90Z","1","Crime Against Society","All Other Offenses","LOST PROPERTY","ROCKVILLE","600 BLK  HARRINGTON RD","ROCKVILLE","MD","20852","RCPD","Park","A","1A2","260","600",,"HARRINGTON",,"RD","39.0757","-77.1488","1D","    (39.0757, -77.1488)"
"201591062","2399","260040696","09/16/2026 08:02:47 PM","09/16/2026 08:02:00 PM",,"23H","1","Crime Against Property","All other Larceny","LARCENY (DESCRIBE OFFENSE)","GERMANTOWN","19700 BLK  BUCKLODGE RD","BOYDS","MD","20841","MCPD","Residence - Driveway","N","5N3","490","19700",,"BUCKLODGE",,"RD","39.17878","-77.3569","5D","    (39.1788, -77.3569)"
"201591092","2304","260040732","09/17/2026 08:28:03 AM","09/16/2026 08:00:00 PM","09/17/2026 07:10:00 AM","23G","1","Crime Against Property","Theft of Motor Vehicle Parts or Accessories","LARCENY - AUTO PARTS","SILVER SPRING","11700 BLK  OLD COLUMBIA PIKE PIK","SILVER SPRING","MD","20904","MCPD","Street - Residential","I","3I1","145","11700",,"OLD COLUMBIA PIKE",,"PIK","0.0","0.0","3D","    (0.0, 0.0)"
"201591144","9105","260040698","09/16/2026 10:04:46 PM","09/16/2026 08:00:00 PM","09/16/2026 10:10:00 PM","90Z","1","Crime Against Society","All Other Offenses","LOST PROPERTY","SILVER SPRING","8100 BLK  FENTON ST","SILVER SPRING","MD","20910","MCPD","Convenience Store","G","3G1","111","8100",,"FENTON",,"ST","38.99021","-77.0239","3D","    (38.9902, -77.0239)"
"201591116","2308","260040770","09/17/2026 11:35:08 AM","09/16/2026 08:00:00 PM","09/17/2026 08:20:00 AM","23D","1","Crime Against Property","Theft from Building","LARCENY - FROM BLDG","SILVER SPRING","11300 BLK  BAROQUE RD","SILVER SPRING","MD","20901","MCPD","Residence - Other","I","3I3","152","11300",,"BAROQUE",,"RD","39.04238","-76.9971","3D","    (39.0424, -76.9971)"
"201591091","2605","260040731","09/17/2026 08:14:24 AM","09/16/2026 08:00:00 PM","09/17/2026 07:00:00 AM","26B","1","Crime Against Property","Credit Card/Automatic Teller Machine Fraud","FRAUD - ILLEGAL USE CREDIT CARDS","MONTGOMERY VILLAGE","8000 BLK  CRABTREE PL","GAITHERSBURG","MD","20879","MCPD","Retail - Department/Discount Store","R","6R3","420","8000",,"CRABTREE",,"PL","39.16042","-77.1652","6D","    (39.1604, -77.1652)"
"201591091","2305","260040731","09/17/2026 08:14:24 AM","09/16/2026 08:00:00 PM","09/17/2026 07:00:00 AM","23F","1","Crime Against Property","Theft From Motor Vehicle","LARCENY - FROM AUTO","MONTGOMERY VILLAGE","8000 BLK  CRABTREE PL","GAITHERSBURG","MD","20879","MCPD","Parking Lot - Residential","R","6R3","420","8000",,"CRABTREE",,"PL","39.16042","-77.1652","6D","    (39.1604, -77.1652)"
"201591044","1399","260040682","09/16/2026 07:13:32 PM","09/16/2026 07:13:00 PM",,"13B","1","Crime Against Person","Simple Assault","ASSAULT - 2ND DEGREE","SILVER SPRING","900 BLK  SILVER SPRING AVE","SILVER SPRING","MD","20910","MCPD","Street - Commercial","G","3G1","093","900",,"SILVER SPRING",,"AVE","38.99169","-77.024","3D","    (38.9917, -77.024)"
"201591041","1399","260040677","09/16/2026 07:00:18 PM","09/16/2026 07:00:00 PM",,"13B","1","Crime Against Person","Simple Assault","ASSAULT - 2ND DEGREE",,,"ROCKVILLE","MD","20850","MCPD","School - Elementary/Secondary","w","own","Unknown",,,,,,"0.0","0.0","Unknown","    (0.0, 0.0)"
"201591146","2304","260040817","09/17/2026 02:24:11 PM","09/16/2026 07:00:00 PM","09/17/2026 01:02:00 PM","23G","1","Crime Against Property","Theft of Motor Vehicle Parts or Accessories","LARCENY - AUTO PARTS","SILVER SPRING","11300 BLK  COLUMBIA PIK","SILVER SPRING","MD","20904","MCPD","Street - Residential","I","3I1","145","11300",,"COLUMBIA",,"PIK","39.04351","-76.9918","3D","    (39.0435, -76.9918)"
"201591107","2305","260040758","09/17/2026 10:33:48 AM","09/16/2026 07:00:00 PM","09/17/2026 06:00:00 AM","23F","1","Crime Against Property","Theft From Motor Vehicle","LARCENY - FROM AUTO","GERMANTOWN","11400 BLK  FLOWERTON PL","GERMANTOWN","MD","20876","MCPD","Parking Lot - Residential","M","5M1","471","11400",,"FLOWERTON",,"PL","39.18732","-77.2375","5D","    (39.1873, -77.2375)"
"201591102","2305","260040746","09/17/2026 09:10:40 AM","09/16/2026 06:43:00 PM","09/17/2026 08:30:00 AM","23F","1","Crime Against Property","Theft From Motor Vehicle","LARCENY - FROM AUTO","WHEATON","500 BLK  DENNIS AVE","SILVER SPRING","MD","20901","MCPD","Street - Residential","L","4L2","158","500",,"DENNIS",,"AVE","39.02682","-77.019","4D","    (39.0268, -77.019)"
"201591047","2303","260040679","09/16/2026 06:42:06 PM","09/16/2026 06:42:00 PM",,"23C","1","Crime Against Property","Shoplifting","LARCENY - SHOPLIFTING","WHEATON","2900 BLK  UNIVERSITY BLV W","KENSINGTON","MD","20895","MCPD","Grocery/Supermarket","L","4L2","321","2900",,"UNIVERSITY","W","BLV","39.0376","-77.0597","4D","    (39.0376, -77.0597)"
"201591034","9021","260040668","09/16/2026 06:02:55 PM","09/16/2026 06:02:00 PM",,"90I","1","Crime Against Not a Crime","Runaway","JUVENILE - RUNAWAY","MONTGOMERY VILLAGE","15000 BLK  BROSCHART RD","ROCKVILLE","MD","20850","MCPD","School/College - DO NOT USE","P","6P1","721","15000",,"BROSCHART",,"RD","39.10179","-77.2003","6D","    (39.1018, -77.2003)"
"201591097","2304","260040737","09/17/2026 08:56:14 AM","09/16/2026 06:00:00 PM","09/17/2026 06:30:00 AM","23G","1","Crime Against Property","Theft of Motor Vehicle Parts or Accessories","LARCENY - AUTO PARTS","SILVER SPRING","1500 BLK  NOVEMBER CIR","SILVER SPRING","MD","20904","MCPD","Parking Lot - Residential","I","3I1","145","1500",,"NOVEMBER",,"CIR","39.04498","-76.981","3D","    (39.045, -76.981)"
"201591158","3522","260040666",,"09/16/2026 05:54:00 PM",,"35A","1","Crime Against Society","Drug/Narcotic Violations","DRUGS - OPIUM OR DERIVATIVE - POSSESS","SILVER SPRING","11500 BLK  LOCKWOOD DR","SILVER SPRING","MD","20904","MCPD","Street - In vehicle","I","3I1","145","11500",,"LOCKWOOD",,"DR","39.0412","-76.9862","3D","    (39.0412, -76.9862)"
"201591136","9199","260040794","09/17/2026 12:06:24 PM","09/16/2026 05:20:00 PM",,"90Z","1","Crime Against Society","All Other Offenses","POLICE INFORMATION","WHEATON","800 BLK  BRIGGS CHANEY RD","SILVER SPRING","MD","20905","MCPD","School - Elementary/Secondary","K","4K2","386","800",,"BRIGGS CHANEY",,"RD","39.10775","-76.9961","4D","    (39.1078, -76.9961)"
"201591103","2404","260040747","09/17/2026 09:39:12 AM","09/16/2026 05:00:00 PM","09/17/2026 06:00:00 AM","240","1","Crime Against Property","Motor Vehicle Theft","AUTO THEFT - VEHICLE THEFT","WHEATON","2200 BLK  REEDIE DR","SILVER SPRING","MD","20902","MCPD","Street - Residential","L","4L2","352","2200",,"REEDIE",,"DR","39.03923","-77.0461","4D","    (39.0392, -77.0461)"
"201591030","1313","260040663","09/16/2026 04:58:30 PM","09/16/2026 04:58:00 PM",,"13B","2","Crime Against Person","Simple Assault","ASSAULT - SIMPLE","TAKOMA PARK","7100 BLK  NEW HAMPSHIRE AVE","TAKOMA PARK","MD","20912","TPPD","Residence - Apartment/Condo","T","8T3","808","7100",,"NEW HAMPSHIRE",,"AVE","38.9784","-76.9912","TPPD","    (38.9784, -76.9912)"
"201591093","2404","260040736","09/17/2026 08:05:13 AM","09/16/2026 04:30:00 PM","09/17/2026 07:30:00 AM","240","1","Crime Against Property","Motor Vehicle Theft","AUTO THEFT - VEHICLE THEFT","BETHESDA","10400 BLK  PARTHENON CT","BETHESDA","MD","20817","MCPD","Parking Lot - Residential","E","2E2","520","10400",,"PARTHENON",,"CT","39.02621","-77.1529","2D","    (39.0262, -77.1529)"
"201591061","2601","260040648","09/16/2026 04:28:48 PM","09/16/2026 04:28:00 PM","09/16/2026 06:00:00 PM","26A","1","Crime Against Property","False Pretenses/Swindle/Confidence Game","FRAUD - CONFIDENCE GAME","BETHESDA","4500 BLK  WILLARD AVE","CHEVY CHASE","MD","20815","MCPD","Other/Unknown","D","2D2","516","4500",,"WILLARD",,"AVE","38.96208","-77.0889","2D","    (38.9621, -77.0889)"
"201591258","2202","260040939","09/18/2026 09:10:13 AM","09/16/2026 04:00:00 PM","09/17/2026 08:00:00 AM","220","1","Crime Against Property","Burglary/Breaking and Entering","BURGLARY - FORCED ENTRY-RESIDENTIAL","SILVER SPRING","10400 BLK  ROYAL RD","SILVER SPRING","MD","20903","MCPD","Residence - Shed","I","3I3","143","10400",,"ROYAL",,"RD","0.0","0.0","3D","    (0.0, 0.0)"
"201591021","1399","260040647","09/16/2026 03:57:20 PM","09/16/2026 03:57:00 PM",,"13B","1","Crime Against Person","Simple Assault","ASSAULT - 2ND DEGREE","BETHESDA","8100 BLK  LARRY PL","CHEVY CHASE","MD","20815","MCPD","Street - In vehicle","D","2D1","502","8100",,"LARRY",,"PL","0.0","0.0","2D","    (0.0, 0.0)"
"201591348","2399","260041038","09/18/2026 06:42:12 PM","09/16/2026 03:30:00 PM","09/16/2026 07:00:00 PM","23H","1","Crime Against Property","All other Larceny","LARCENY (DESCRIBE OFFENSE)","ROCKVILLE","1  BLK  MANNAKEE ST","ROCKVILLE","MD","20850","RCPD","School - College/University","A","1A1","245","1",,"MANNAKEE",,"ST","39.08558","-77.1676","1D","    (39.0856, -77.1676)"
"201591147","2399","260040818","09/17/2026 02:11:29 PM","09/16/2026 03:00:00 PM","09/17/2026 08:45:00 AM","23H","1","Crime Against Property","All other Larceny","LARCENY (DESCRIBE OFFENSE)","BETHESDA","8900 BLK  MCGREGOR DR","CHEVY CHASE","MD","20815","MCPD","Residence - Single Family","D","2D1","077","8900",,"MCGREGOR",,"DR","39.00174","-77.0709","2D","    (39.0017, -77.0709)"
"201591178","1399","260040855","09/17/2026 04:59:17 PM","09/16/2026 03:00:00 PM",,"13B","1","Crime Against Person","Simple Assault","ASSAULT - 2ND DEGREE","GERMANTOWN","11700 BLK  LITTLE SENECA PKW","CLARKSBURG","MD","20871","MCPD","Street - Residential","M","5M3","600","11700",,"LITTLE SENECA",,"PKW","39.23155","-77.2432","5D","    (39.2315, -77.2432)"
"201591153","2902","260040824","09/17/2026 02:51:17 PM","09/16/2026 03:00:00 PM","09/17/2026 01:00:00 PM","290","1","Crime Against Property","Destruction/Damage/Vandalism of Property","DAMAGE PROPERTY - PRIVATE","BETHESDA","10200 BLK  ARIZONA CIR","BETHESDA","MD","20817","MCPD","Parking Lot - Residential","E","2E2","520","10200",,"ARIZONA",,"CIR","0.0","0.0","2D","    (0.0, 0.0)"
"201591147","2305","260040818","09/17/2026 02:11:29 PM","09/16/2026 03:00:00 PM","09/17/2026 08:45:00 AM","23F","1","Crime Against Property","Theft From Motor Vehicle","LARCENY - FROM AUTO","BETHESDA","8900 BLK  MCGREGOR DR","CHEVY CHASE","MD","20815","MCPD","Residence - Driveway","D","2D1","077","8900",,"MCGREGOR",,"DR","39.00174","-77.0709","2D","    (39.0017, -77.0709)"
"201591028","2303","260040630","09/16/2026 02:51:43 PM","09/16/2026 02:51:00 PM",,"23C","1","Crime Against Property","Shoplifting","LARCENY - SHOPLIFTING","ROCKVILLE","5700 BLK  BOU AVE","ROCKVILLE","MD","20852","MCPD","Retail - Department/Discount Store","A","1A2","735","5700",,"BOU",,"AVE","0.0","0.0","1D","    (0.0, 0.0)"
"201591037","9199","260040661","09/16/2026 04:52:39 PM","09/16/2026 02:49:00 PM","09/16/2026 04:49:00 PM","90Z","1","Crime Against Society","All Other Offenses","POLICE INFORMATION","ROCKVILLE","1700 BLK  YALE PL","ROCKVILLE","MD","20850","RCPD","School - Elementary/Secondary","A","1A1","244","1700",,"YALE",,"PL","0.0","0.0","1D","    (0.0, 0.0)"
"201591017","1399","260040628","09/16/2026 02:06:21 PM","09/16/2026 02:02:00 PM",,"13B","2","Crime Against Person","Simple Assault","ASSAULT - 2ND DEGREE","ROCKVILLE","1400 BLK  ROCKVILLE PIK","ROCKVILLE","MD","20852","RCPD","Gas Station","A","1A2","266","1400",,"ROCKVILLE",,"PIK","39.06745","-77.1285","1D","    (39.0675, -77.1285)"
"201591120","5212","260040620","09/16/2026 01:59:13 PM","09/16/2026 01:59:00 PM",,"520","1","Crime Against Society","Weapon Law Violations","WEAPON - POSSESSION","MONTGOMERY VILLAGE","5900 BLK  MUNCASTER MILL RD","DERWOOD","MD","20855","MCSO","School - Elementary/Secondary","R","6R3","397","5900",,"MUNCASTER MILL",,"RD","39.12941","-77.1183","6D","    (39.1294, -77.1183)"
"201591002","2308","260040617","09/16/2026 01:41:27 PM","09/16/2026 01:41:00 PM",,"23D","1","Crime Against Property","Theft from Building","LARCENY - FROM BLDG","MONTGOMERY VILLAGE","19200 BLK  MONTGOMERY VILLAGE AVE","MONTGOMERY VILLAGE","MD","20886","MCPD","Laundromat","R","6R2","546","19200",,"MONTGOMERY VILLAGE",,"AVE","39.1708","-77.204","6D","    (39.1708, -77.204)"
"201591006","9105","260040623",,"09/16/2026 01:29:00 PM",,"90Z","1","Crime Against Society","All Other Offenses","LOST PROPERTY","SILVER SPRING","1  BLK  UNIVERSITY BLV E","SILVER SPRING","MD","20903","MCPD","Street - Commercial","G","3G3","131","1",,"UNIVERSITY","E","BLV","39.02037","-77.0127","3D","    (39.0204, -77.0127)"
"201591237","2316","260040929","09/18/2026 07:15:07 AM","09/16/2026 01:00:00 PM","09/16/2026 01:30:00 PM","23H","1","Crime Against Property","All other Larceny","LARCENY - POSTAL","GERMANTOWN","17500 BLK  BLACK ROCK RD","GERMANTOWN","MD","20874","MCPD","Residence - Single Family","N","5N2","688","17500",,"BLACK ROCK",,"RD","39.14274","-77.3024","5D","    (39.1427, -77.3024)"
"201591089","1399","260040610","09/16/2026 12:37:16 PM","09/16/2026 12:37:00 PM",,"13B","1","Crime Against Person","Simple Assault","ASSAULT - 2ND DEGREE","SILVER SPRING","13800 BLK  OUTLET DR","SILVER SPRING","MD","20904","MCPD","Retail - Department/Discount Store","I","3I2","380","13800",,"OUTLET",,"DR","0.0","0.0","3D","    (0.0, 0.0)"
"201591005","9101","260040613","09/16/2026 12:30:57 PM","09/16/2026 12:30:00 PM",,"90Z","1","Crime Against Society","All Other Offenses","SUDDEN DEATH","GERMANTOWN","7000 BLK  WARFIELD RD","GAITHERSBURG","MD","20882","MCPD","Residence - Single Family","M","5M2","416","7000",,"WARFIELD",,"RD","39.19974","-77.1425","5D","    (39.1997, -77.1425)"
"201591489","2303","260040605","09/16/2026 12:29:03 PM","09/16/2026 12:29:00 PM",,"23C","1","Crime Against Property","Shoplifting","LARCENY - SHOPLIFTING","MONTGOMERY VILLAGE","600 BLK  QUINCE ORCHARD RD","GAITHERSBURG","MD","20878","GPD","Retail - Department/Discount Store","P","6P2","554","600",,"QUINCE ORCHARD",,"RD","39.14263","-77.2208","6D","    (39.1426, -77.2208)"
"201591126","1399","260040765","09/17/2026 10:02:49 AM","09/16/2026 12:00:00 PM","09/16/2026 12:15:00 PM","13B","1","Crime Against Person","Simple Assault","ASSAULT - 2ND DEGREE","ROCKVILLE","2100 BLK  BALTIMORE RD","ROCKVILLE","MD","20851","RCPD","School - Elementary/Secondary","A","1A2","290","2100",,"BALTIMORE",,"RD","39.08472","-77.1183","1D","    (39.0847, -77.1183)"
"201591001","9105","260040612","09/16/2026 11:49:40 AM","09/16/2026 11:49:00 AM",,"90Z","1","Crime Against Society","All Other Offenses","LOST PROPERTY","ROCKVILLE","5900 BLK  LEMAY RD","ROCKVILLE","MD","20851","RCPD","Residence - Single Family","A","1A2","298","5900",,"LEMAY",,"RD","0.0","0.0","1D","    (0.0, 0.0)"
"201591227","9112","260040926","09/16/2026 11:36:04 AM","09/16/2026 11:36:00 AM",,"90Z","1","Crime Against Society","All Other Offenses","MENTAL TRANSPORT - ONLY","MONTGOMERY VILLAGE","600 BLK E DIAMOND AVE","GAITHERSBURG","MD","20877","GPD","School - Elementary/Secondary","P","6P3","419","600","E","DIAMOND",,"AVE","39.14017","-77.1834","6D","    (39.1402, -77.1834)"
"201591020","2404","260040597","09/16/2026 11:29:59 AM","09/16/2026 11:29:00 AM",,"240","1","Crime Against Property","Motor Vehicle Theft","AUTO THEFT - VEHICLE THEFT","SILVER SPRING","14500 BLK  ALMANAC DR","BURTONSVILLE","MD","20866","MCPD","Residence - Single Family","I","3I2","381","14500",,"ALMANAC",,"DR","39.09431","-76.9314","3D","    (39.0943, -76.9314)"
"201591018","5707","260040595","09/16/2026 11:11:03 AM","09/16/2026 11:11:00 AM",,"90J","1","Crime Against Society","Trespass of Real Property","TRESPASSING","GERMANTOWN","19500 BLK  FREDERICK RD","GERMANTOWN","MD","20876","MCPD","Rental Storage Facility","M","5M1","469","19500",,"FREDERICK",,"RD","39.17546","-77.2381","5D","    (39.1755, -77.2381)"
"201591100","1399","260040728","09/17/2026 07:28:31 AM","09/16/2026 11:10:00 AM",,"13B","1","Crime Against Person","Simple Assault","ASSAULT - 2ND DEGREE","WHEATON","11100 BLK  NEWPORT MILL RD","KENSINGTON","MD","20895","MCPD","School - Elementary/Secondary","L","4L2","318","11100",,"NEWPORT MILL",,"RD","39.03711","-77.0724","4D","    (39.0371, -77.0724)"
"201590997","9109","260040593","09/16/2026 10:57:59 AM","09/16/2026 10:57:00 AM","09/16/2026 11:30:00 AM","90Z","1","Crime Against Society","All Other Offenses","RECOVERED PROPERTY - OTHER","BETHESDA","2100 BLK  DERBY RIDGE LA","SILVER SPRING","MD","20910","MCPD","Residence -Townhouse/Duplex","D","2D1","087","2100",,"DERBY RIDGE",,"LA","38.99187","-77.0463","2D","    (38.9919, -77.0463)"
"201590973","4801","260040591","09/16/2026 10:47:58 AM","09/16/2026 10:47:00 AM",,"90Z","1","Crime Against Society","All Other Offenses","OBSTRUCT POLICE - RESISTING OFFICER","WHEATON","11100 BLK  VEIRS MILL RD","SILVER SPRING","MD","20902","MCPD","Street - Other","L","4L2","321","11100",,"VEIRS MILL",,"RD","39.03756","-77.0519","4D","    (39.0376, -77.0519)"
"201590973","2303","260040591","09/16/2026 10:47:58 AM","09/16/2026 10:47:00 AM",,"23C","1","Crime Against Property","Shoplifting","LARCENY - SHOPLIFTING","WHEATON","11100 BLK  VEIRS MILL RD","SILVER SPRING","MD","20902","MCPD","Retail - Mall","L","4L2","321","11100",,"VEIRS MILL",,"RD","39.03756","-77.0519","4D","    (39.0376, -77.0519)"
"201591122","2305","260040782","09/17/2026 12:04:27 PM","09/16/2026 10:30:00 AM","09/17/2026 09:30:00 AM","23F","1","Crime Against Property","Theft From Motor Vehicle","LARCENY - FROM AUTO","WHEATON","3500 BLK  PEAR TREE CT","SILVER SPRING","MD","20906","MCPD","Parking Lot - Residential","K","4K1","348","3500",,"PEAR TREE",,"CT","39.08923","-77.0694","4D","    (39.0892, -77.0694)"
"201591053","9021","260040681","09/16/2026 07:01:06 PM","09/16/2026 10:30:00 AM",,"90I","1","Crime Against Not a Crime","Runaway","JUVENILE - RUNAWAY","MONTGOMERY VILLAGE","200 BLK  WHITCLIFF CT","GAITHERSBURG","MD","20878","GPD","Residence -Townhouse/Duplex","P","6P1","441","200",,"WHITCLIFF",,"CT","39.11203","-77.2148","6D","    (39.112, -77.2148)"
"201590978","5309","260040589","09/16/2026 10:19:39 AM","09/16/2026 10:19:00 AM",,"90Z","1","Crime Against Society","All Other Offenses","PUBLIC PEACE - HARASSING COMMUNICATION","MONTGOMERY VILLAGE","900 BLK  RUSSELL AVE","GAITHERSBURG","MD","20879","GPD","Commercial - Office Building","R","6R1","426","900",,"RUSSELL",,"AVE","39.15773","-77.2134","6D","    (39.1577, -77.2134)"
"201591459","9199","260041179","09/19/2026 05:09:41 PM","09/16/2026 10:00:00 AM",,"90Z","1","Crime Against Society","All Other Offenses","POLICE INFORMATION","ROCKVILLE","1900 BLK  LANCASHIRE DR","POTOMAC","MD","20854","RCPD","Street - In vehicle","B","1B1","227","1900",,"LANCASHIRE",,"DR","39.06675","-77.1688","1D","    (39.0667, -77.1688)"
"201590956","2305","260040576",,"09/16/2026 09:51:00 AM",,"23F","1","Crime Against Property","Theft From Motor Vehicle","LARCENY - FROM AUTO","WHEATON","2700 BLK  NEWTON ST","SILVER SPRING","MD","20902","MCPD","Residence - Driveway","L","4L1","330","2700",,"NEWTON",,"ST","39.05753","-77.0562","4D","    (39.0575, -77.0562)"
"201590963","2411","260040577","09/16/2026 09:22:23 AM","09/16/2026 09:22:00 AM",,"90Z","1","Crime Against Society","All Other Offenses","UNAUTHORIZED USE OF VEHICLE (INCLUDES JOY RIDING)","WHEATON","13000 BLK  TAMARACK RD","SILVER SPRING","MD","20904","MCPD","Residence - Single Family","L","4L3","375","13000",,"TAMARACK",,"RD","39.06885","-76.9842","4D","    (39.0688, -76.9842)"
"201590955","2404","260040564","09/16/2026 08:03:17 AM","09/16/2026 08:03:00 AM",,"240","1","Crime Against Property","Motor Vehicle Theft","AUTO THEFT - VEHICLE THEFT","SILVER SPRING","11700 BLK  OLD COLUMBIA PIKE PIK","SILVER SPRING","MD","20904","MCPD","Parking Lot - Residential","I","3I1","145","11700",,"OLD COLUMBIA PIKE",,"PIK","0.0","0.0","3D","    (0.0, 0.0)"
"201590945","9062","260040450",,"09/16/2026 07:44:00 AM",,"90Z","1","Crime Against Society","All Other Offenses","FUGITIVE FROM JUSTICE (OUT OF STATE)","ROCKVILLE","1300 BLK  SEVEN LOCKS RD","POTOMAC","MD","20854","MCPD","Jail/Prison","B","1B1","228","1300",,"SEVEN LOCKS",,"RD","39.06691","-77.1616","1D","    (39.0669, -77.1616)"
"201590947","2902","260040558","09/16/2026 07:22:36 AM","09/16/2026 07:22:00 AM",,"290","1","Crime Against Property","Destruction/Damage/Vandalism of Property","DAMAGE PROPERTY - PRIVATE","MONTGOMERY VILLAGE","10300 BLK  ROYAL WOODS CT","MONTGOMERY VILLAGE","MD","20886","MCPD","Street - In vehicle","R","6R2","547","10300",,"ROYAL WOODS",,"CT","39.1789","-77.2132","6D","    (39.1789, -77.2132)"
"201590950","2499","260040563","09/16/2026 07:54:02 AM","09/16/2026 04:00:00 AM",,"240","1","Crime Against Property","Motor Vehicle Theft","STOLEN VEHICLE (DESCRIBE OFFENSE)","SILVER SPRING","14300 BLK  VIVALDI CT","BURTONSVILLE","MD","20866","MCPD","Parking Lot - Residential","I","3I2","380","14300",,"VIVALDI",,"CT","39.09205","-76.9399","3D","    (39.0921, -76.9399)"
"201590942","9113","260040552","09/16/2026 02:26:10 AM","09/16/2026 02:26:00 AM",,"90Z","1","Crime Against Society","All Other Offenses","MENTAL ILLNESS - EMERGENCY PETITION","BETHESDA","900 BLK  PERSEI PL","ROCKVILLE","MD","20852","MCPD","Residence - Apartment/Condo","E","2E1","188","900",,"PERSEI",,"PL","39.05006","-77.1167","2D","    (39.0501, -77.1167)"
"201590943","5311","260040550","09/16/2026 01:56:35 AM","09/16/2026 01:56:00 AM",,"90C","1","Crime Against Society","Disorderly Conduct","PUBLIC PEACE - DISORDERLY CONDUCT","WHEATON","11300 BLK  ELKIN ST","SILVER SPRING","MD","20902","MCPD","Bar/Night Club","L","4L2","354","11300",,"ELKIN",,"ST","0.0","0.0","4D","    (0.0, 0.0)"
"201590943","2902","260040550","09/16/2026 01:56:35 AM","09/16/2026 01:56:00 AM",,"290","1","Crime Against Property","Destruction/Damage/Vandalism of Property","DAMAGE PROPERTY - PRIVATE","WHEATON","11300 BLK  ELKIN ST","SILVER SPRING","MD","20902","MCPD","Parking Lot - County","L","4L2","354","11300",,"ELKIN",,"ST","0.0","0.0","4D","    (0.0, 0.0)"
"201590943","1399","260040550","09/16/2026 01:56:35 AM","09/16/2026 01:56:00 AM",,"13B","1","Crime Against Person","Simple Assault","ASSAULT - 2ND DEGREE","WHEATON","11300 BLK  ELKIN ST","SILVER SPRING","MD","20902","MCPD","Bar/Night Club","L","4L2","354","11300",,"ELKIN",,"ST","0.0","0.0","4D","    (0.0, 0.0)"
"201590939","9201","260040548","09/16/2026 01:01:07 AM","09/16/2026 01:01:00 AM","09/16/2026 01:40:00 AM","90Z","1","Crime Against Society","All Other Offenses","OVERDOSE","ROCKVILLE","15800 BLK  FREDERICK RD","DERWOOD","MD","20855","MCPD","Restaurant","A","1A1","242","15800",,"FREDERICK",,"RD","39.11451","-77.1644","1D","    (39.1145, -77.1644)"
"201591067","2303","260040547","09/16/2026 12:47:54 AM","09/16/2026 12:30:00 AM","09/16/2026 12:45:00 AM","23C","1","Crime Against Property","Shoplifting","LARCENY - SHOPLIFTING","MONTGOMERY VILLAGE","10000 BLK  FIELDS RD","GAITHERSBURG","MD","20878","GPD","Convenience Store","P","6P1","549","10000",,"FIELDS",,"RD","0.0","0.0","6D","    (0.0, 0.0)"
"201590941","9199","260040551","09/16/2026 12:26:28 AM","09/16/2026 12:25:00 AM","09/16/2026 12:30:00 AM","90Z","1","Crime Against Society","All Other Offenses","POLICE INFORMATION","ROCKVILLE",,"ROCKVILLE","MD","20851","RCPD","Residence -Townhouse/Duplex","A","1A2","295",,,"VEIRS MILL",,"RD","39.05788","-77.0856","1D","    (39.0579, -77.0856)"
"201591570","9199","260041350",,"09/16/2026 12:00:00 AM",,"90Z","1","Crime Against Society","All Other Offenses","POLICE INFORMATION","ROCKVILLE","100 BLK  EDISON PARK DR","GAITHERSBURG","MD","20878","MCPD","Government Building","B","1B2","725","100",,"EDISON PARK",,"DR","39.11173","-77.2352","1D","    (39.1117, -77.2352)"
"201590946","2202","260040553","09/16/2026 03:50:53 AM","09/16/2026 12:00:00 AM","09/16/2026 03:18:00 AM","220","1","Crime Against Property","Burglary/Breaking and Entering","BURGLARY - FORCED ENTRY-RESIDENTIAL","SILVER SPRING","9700 BLK  WOODLAND DR","SILVER SPRING","MD","20910","MCPD","Residence - Single Family","G","3G2","169","9700",,"WOODLAND",,"DR","39.0147","-77.0396","3D","    (39.0147, -77.0396)"
"201590959","2404","260040571","09/16/2026 08:54:00 AM","09/15/2026 11:30:00 PM",,"240","1","Crime Against Property","Motor Vehicle Theft","AUTO THEFT - VEHICLE THEFT","TAKOMA PARK","100 BLK  SHERMAN AVE","TAKOMA PARK","MD","20912","TPPD","Residence - Driveway","T","8T2","804","100",,"SHERMAN",,"AVE","38.98099","-77.0058","TPPD","    (38.981, -77.0058)"
"201590925","2611","260040461",,"09/15/2026 11:11:00 PM",,"26G","1","Crime Against Property","Hacking/Computer Invasion","FRAUD - HACKING/COMPUTER INVASION","SILVER SPRING","1000 BLK  MILESTONE DR","SILVER SPRING","MD","20904","MCPD","Residence - Single Family","I","3I1","148","1000",,"MILESTONE",,"DR","39.04565","-76.992","3D","    (39.0457, -76.992)"
"201590965","2305","260040587","09/16/2026 10:21:42 AM","09/15/2026 11:00:00 PM","09/16/2026 08:30:00 AM","23F","1","Crime Against Property","Theft From Motor Vehicle","LARCENY - FROM AUTO","MONTGOMERY VILLAGE","8100 BLK  BEGONIA WAY","GAITHERSBURG","MD","20879","MCPD","Parking Lot - Residential","R","6R3","420","8100",,"BEGONIA",,"WAY","39.15749","-77.1684","6D","    (39.1575, -77.1684)"
"201590953","2404","260040566","09/16/2026 08:06:53 AM","09/15/2026 11:00:00 PM","09/16/2026 07:30:00 AM","240","1","Crime Against Property","Motor Vehicle Theft","AUTO THEFT - VEHICLE THEFT","MONTGOMERY VILLAGE","11900 BLK  BAYSWATER RD","GAITHERSBURG","MD","20878","MCPD","Residence - Driveway","P","6P2","590","11900",,"BAYSWATER",,"RD","39.13184","-77.2466","6D","    (39.1318, -77.2466)"
"201590936","9113","260040543","09/15/2026 10:57:04 PM","09/15/2026 10:57:00 PM",,"90Z","1","Crime Against Society","All Other Offenses","MENTAL ILLNESS - EMERGENCY PETITION","GERMANTOWN","12900 BLK  CHURCHILL RIDGE CIR","GERMANTOWN","MD","20874","MCPD","Residence - Apartment/Condo","N","5N1","702","12900",,"CHURCHILL RIDGE",,"CIR","39.18726","-77.2664","5D","    (39.1873, -77.2664)"
"201591031","2605","260040539","09/15/2026 09:52:34 PM","09/15/2026 09:52:00 PM",,"26B","1","Crime Against Property","Credit Card/Automatic Teller Machine Fraud","FRAUD - ILLEGAL USE CREDIT CARDS","BETHESDA","6800 BLK  WISCONSIN AVE","CHEVY CHASE","MD","20815","MCPD","Other/Unknown","D","2D2","031","6800",,"WISCONSIN",,"AVE","38.97781","-77.091","2D","    (38.9778, -77.091)"
"201591031","2308","260040539","09/15/2026 09:52:34 PM","09/15/2026 09:52:00 PM",,"23D","1","Crime Against Property","Theft from Building","LARCENY - FROM BLDG","BETHESDA","6800 BLK  WISCONSIN AVE","CHEVY CHASE","MD","20815","MCPD","Retail - Department/Discount Store","D","2D2","031","6800",,"WISCONSIN",,"AVE","38.97781","-77.091","2D","    (38.9778, -77.091)"
"201590938","2404","260040542","09/15/2026 10:52:07 PM","09/15/2026 09:30:00 PM","09/15/2026 10:50:00 PM","240","1","Crime Against Property","Motor Vehicle Theft","AUTO THEFT - VEHICLE THEFT","ROCKVILLE","700 BLK  FALLSGROVE DR","ROCKVILLE","MD","20850","RCPD","Parking Lot - Residential","B","1B1","241","700",,"FALLSGROVE",,"DR","39.09884","-77.1897","1D","    (39.0988, -77.1897)"
"201590928","2308","260040538","09/15/2026 09:24:46 PM","09/15/2026 09:24:00 PM",,"23D","1","Crime Against Property","Theft from Building","LARCENY - FROM BLDG","WHEATON","11100 BLK  VEIRS MILL RD","SILVER SPRING","MD","20902","MCPD","Retail - Mall","L","4L2","321","11100",,"VEIRS MILL",,"RD","39.03756","-77.0519","4D","    (39.0376, -77.0519)"
"201591009","4104","260040536","09/15/2026 09:23:25 PM","09/15/2026 09:21:00 PM",,"90G","1","Crime Against Society","Liquor Law Violations","LIQUOR - POSSESS","MONTGOMERY VILLAGE","9600 BLK  LOST KNIFE RD","GAITHERSBURG","MD","20877","MCPD","Street - Bus Stop","R","6R1","505","9600",,"LOST KNIFE",,"RD","39.15237","-77.1983","6D","    (39.1524, -77.1983)"
"201591025","2303","260040528","09/15/2026 09:04:04 PM","09/15/2026 09:03:00 PM",,"23C","1","Crime Against Property","Shoplifting","LARCENY - SHOPLIFTING","WHEATON",,"SILVER SPRING","MD","20906","MCPD","Retail - Department/Discount Store","L","4L1","310",,,"RANDOLPH",,"RD","39.05501","-77.0844","4D","    (39.055, -77.0844)"
"201590964","2404","260040585","09/16/2026 10:04:54 AM","09/15/2026 09:00:00 PM","09/16/2026 08:30:00 AM","240","1","Crime Against Property","Motor Vehicle Theft","AUTO THEFT - VEHICLE THEFT","SILVER SPRING","8500 BLK  11TH AVE","SILVER SPRING","MD","20903","MCPD","Street - Residential","G","3G3","132","8500",,"11TH",,"AVE","0.0","0.0","3D","    (0.0, 0.0)"
"201590933","2308","260040540","09/15/2026 10:06:15 PM","09/15/2026 09:00:00 PM","09/15/2026 09:20:00 PM","23D","1","Crime Against Property","Theft from Building","LARCENY - FROM BLDG","ROCKVILLE","300 BLK  PRETTYMAN DR","ROCKVILLE","MD","20850","RCPD","Residence - Apartment/Condo","B","1B1","241","300",,"PRETTYMAN",,"DR","39.09418","-77.1939","1D","    (39.0942, -77.1939)"
"201590922","1209","260040533","09/15/2026 08:52:23 PM","09/15/2026 08:52:00 PM",,"120","1","Crime Against Property","Robbery","ROBBERY - RESIDENTIAL-STRONG-ARM","SILVER SPRING","8200 BLK  GEORGIA AVE","SILVER SPRING","MD","20910","MCPD","Residence - Apartment/Condo","G","3G1","093","8200",,"GEORGIA",,"AVE","38.99163","-77.0266","3D","    (38.9916, -77.0266)"
"201590929","5404","260040535","09/15/2026 08:57:28 PM","09/15/2026 08:52:00 PM","09/15/2026 12:01:00 AM","90D","1","Crime Against Society","Driving Under the Influence","DRIVING UNDER THE INFLUENCE LIQUOR","ROCKVILLE","5900 BLK  CORAL SEA AVE","ROCKVILLE","MD","20851","RCPD","Street - In vehicle","A","1A2","297","5900",,"CORAL SEA",,"AVE","39.07352","-77.1201","1D","    (39.0735, -77.1201)"
"201590961","2404","260040580","09/16/2026 09:40:24 AM","09/15/2026 08:30:00 PM","09/16/2026 09:00:00 AM","240","1","Crime Against Property","Motor Vehicle Theft","AUTO THEFT - VEHICLE THEFT","SILVER SPRING","1000 BLK  QUEBEC TER","SILVER SPRING","MD","20903","MCPD","Parking Lot - Residential","G","3G3","132","1000",,"QUEBEC",,"TER","0.0","0.0","3D","    (0.0, 0.0)"
"201590918","1204","260040537","09/15/2026 09:02:24 PM","09/15/2026 08:30:00 PM","09/15/2026 08:45:00 PM","120","1","Crime Against Property","Robbery","ROBBERY - STREET-GUN","SILVER SPRING","9400 BLK  NEW HAMPSHIRE AVE","SILVER SPRING","MD","20903","MCPD","Street - Bus Stop","I","3I3","138","9400",,"NEW HAMPSHIRE",,"AVE","39.01018","-76.9794","3D","    (39.0102, -76.9794)"
"201590916","9113","260040530","09/15/2026 08:16:31 PM","09/15/2026 08:16:00 PM",,"90Z","1","Crime Against Society","All Other Offenses","MENTAL ILLNESS - EMERGENCY PETITION","ROCKVILLE","5900 BLK  MONTROSE RD","ROCKVILLE","MD","20852","MCPD","Residence - Apartment/Condo","A","1A2","270","5900",,"MONTROSE",,"RD","39.05295","-77.1194","1D","    (39.053, -77.1194)"
"201590951","2304","260040560","09/16/2026 07:28:13 AM","09/15/2026 08:00:00 PM","09/16/2026 07:19:00 AM","23G","1","Crime Against Property","Theft of Motor Vehicle Parts or Accessories","LARCENY - AUTO PARTS","ROCKVILLE","200 BLK  ROLLINS AVE","ROCKVILLE","MD","20852","RCPD","Parking Lot - Residential","A","1A2","267","200",,"ROLLINS",,"AVE","39.05848","-77.1264","1D","    (39.0585, -77.1264)"
"201590908","9199","260040519","09/15/2026 07:38:49 PM","09/15/2026 07:38:00 PM",,"90Z","1","Crime Against Society","All Other Offenses","POLICE INFORMATION","WHEATON","2600 BLK  NORBECK RD","SILVER SPRING","MD","20906","MCPD","Residence - Single Family","K","4K3","795","2600",,"NORBECK",,"RD","39.11489","-77.0531","4D","    (39.1149, -77.0531)"
"201591019","2404","260040524","09/15/2026 07:26:39 PM","09/15/2026 07:26:00 PM",,"240","1","Crime Against Property","Motor Vehicle Theft","AUTO THEFT - VEHICLE THEFT","SILVER SPRING",,"BURTONSVILLE","MD","20866","MCPD","Street - Residential","I","3I2","381",,,"SCARLET SAGE",,"DR","39.10381","-76.9243","3D","    (39.1038, -76.9243)"
"201590905","2303","260040515","09/15/2026 07:19:11 PM","09/15/2026 07:19:00 PM",,"23C","1","Crime Against Property","Shoplifting","LARCENY - SHOPLIFTING","WHEATON","11100 BLK  VEIRS MILL RD","SILVER SPRING","MD","20902","MCPD","Retail - Mall","L","4L2","321","11100",,"VEIRS MILL",,"RD","39.03756","-77.0519","4D","    (39.0376, -77.0519)"
"201590940","9061","260040516","09/15/2026 07:16:31 PM","09/15/2026 07:15:00 PM","09/15/2026 09:00:00 PM","90Z","1","Crime Against Society","All Other Offenses","FUGITIVE FROM MD JURISDICTION","ROCKVILLE","1  BLK W MONTGOMERY AVE","ROCKVILLE","MD","20850","RCPD","Commercial - Office Building","A","1A1","255","1","W","MONTGOMERY",,"AVE","39.1457","-77.2037","1D","    (39.1457, -77.2037)"
"201590975","2308","260040517","09/15/2026 07:06:08 PM","09/15/2026 07:06:00 PM",,"23D","1","Crime Against Property","Theft from Building","LARCENY - FROM BLDG","WHEATON","11200 BLK  GEORGIA AVE","SILVER SPRING","MD","20902","MCPD","Residence - Apartment/Condo","L","4L2","324","11200",,"GEORGIA",,"AVE","0.0","0.0","4D","    (0.0, 0.0)"
"201590935","1313","260040544","09/15/2026 10:33:38 PM","09/15/2026 07:00:00 PM","09/15/2026 10:00:00 PM","13B","1","Crime Against Person","Simple Assault","ASSAULT - SIMPLE","ROCKVILLE","5700 BLK  DENFIELD RD","ROCKVILLE","MD","20851","RCPD","Residence - Single Family","A","1A2","299","5700",,"DENFIELD",,"RD","39.07274","-77.1157","1D","    (39.0727, -77.1157)"
"201590981","2902","260040601","09/16/2026 12:20:27 PM","09/15/2026 07:00:00 PM","09/16/2026 12:00:00 PM","290","1","Crime Against Property","Destruction/Damage/Vandalism of Property","DAMAGE PROPERTY - PRIVATE","SILVER SPRING","7900 BLK  EASTERN AVE","SILVER SPRING","MD","20910","MCPD","Street - Residential","G","3G1","090","7900",,"EASTERN",,"AVE","38.98597","-77.0284","3D","    (38.986, -77.0284)"
"201590935","9113","260040544","09/15/2026 10:33:38 PM","09/15/2026 07:00:00 PM","09/15/2026 10:00:00 PM","90Z","1","Crime Against Society","All Other Offenses","MENTAL ILLNESS - EMERGENCY PETITION","ROCKVILLE","5700 BLK  DENFIELD RD","ROCKVILLE","MD","20851","RCPD","Residence - Single Family","A","1A2","299","5700",,"DENFIELD",,"RD","39.07274","-77.1157","1D","    (39.0727, -77.1157)"
"201590862","2305","260040451","09/15/2026 01:52:02 PM","09/15/2026 07:00:00 PM","09/15/2026 09:00:00 AM","23F","1","Crime Against Property","Theft From Motor Vehicle","LARCENY - FROM AUTO","BETHESDA","2200 BLK  WASHINGTON AVE","SILVER SPRING","MD","20910","MCPD","Parking Lot - Residential","D","2D1","087","2200",,"WASHINGTON",,"AVE","38.99417","-77.0461","2D","    (38.9942, -77.0461)"
"201590898","3532","260040494",,"09/15/2026 06:56:00 PM",,"35A","1","Crime Against Society","Drug/Narcotic Violations","DRUGS - COCAINE - POSSESS","TAKOMA PARK","7600 BLK  NEW HAMPSHIRE AVE","TAKOMA PARK","MD","20912","TPPD","Parking Lot - Commercial","T","8T3","807","7600",,"NEW HAMPSHIRE",,"AVE","38.9859","-76.9881","TPPD","    (38.9859, -76.9881)"
"201590898","9061","260040494",,"09/15/2026 06:56:00 PM",,"90Z","1","Crime Against Society","All Other Offenses","FUGITIVE FROM MD JURISDICTION","TAKOMA PARK","7600 BLK  NEW HAMPSHIRE AVE","TAKOMA PARK","MD","20912","TPPD","Parking Lot - Commercial","T","8T3","807","7600",,"NEW HAMPSHIRE",,"AVE","38.9859","-76.9881","TPPD","    (38.9859, -76.9881)"
"201591172","2304","260040689","09/16/2026 08:12:49 PM","09/15/2026 06:30:00 PM","09/16/2026 05:30:00 AM","23G","1","Crime Against Property","Theft of Motor Vehicle Parts or Accessories","LARCENY - AUTO PARTS","WHEATON","4500 BLK  BAYNE ST","ROCKVILLE","MD","20853","MCPD","Street - Residential","K","4K1","338","4500",,"BAYNE",,"ST","0.0","0.0","4D","    (0.0, 0.0)"
"201590897","9105","260040505",,"09/15/2026 06:30:00 PM",,"90Z","1","Crime Against Society","All Other Offenses","LOST PROPERTY","GERMANTOWN","11400 BLK  SCOTTSBURY TER","GERMANTOWN","MD","20876","MCPD","Other/Unknown","M","5M1","472","11400",,"SCOTTSBURY",,"TER","39.19852","-77.2391","5D","    (39.1985, -77.2391)"
"201590910","9199","260040520","09/15/2026 06:28:34 PM","09/15/2026 06:28:00 PM",,"90Z","1","Crime Against Society","All Other Offenses","POLICE INFORMATION","GERMANTOWN","13100 BLK  WATERS LANDING DR","GERMANTOWN","MD","20874","MCPD","School - Elementary/Secondary","N","5N1","702","13100",,"WATERS LANDING",,"DR","39.1896","-77.2678","5D","    (39.1896, -77.2678)"
"201590911","3562","260040507",,"09/15/2026 06:20:00 PM",,"35A","1","Crime Against Society","Drug/Narcotic Violations","DRUGS - MARIJUANA - POSSESS","SILVER SPRING","11200 BLK  LOCKWOOD DR","SILVER SPRING","MD","20901","MCPD","Street - In vehicle","I","3I1","518","11200",,"LOCKWOOD",,"DR","39.03877","-76.9925","3D","    (39.0388, -76.9925)"
"201590911","5212","260040507",,"09/15/2026 06:20:00 PM",,"520","1","Crime Against Society","Weapon Law Violations","WEAPON - POSSESSION","SILVER SPRING","11200 BLK  LOCKWOOD DR","SILVER SPRING","MD","20901","MCPD","Street - In vehicle","I","3I1","518","11200",,"LOCKWOOD",,"DR","39.03877","-76.9925","3D","    (39.0388, -76.9925)"
"201590944","2305","260040554","09/16/2026 04:54:14 AM","09/15/2026 06:00:00 PM","09/16/2026 03:30:00 AM","23F","1","Crime Against Property","Theft From Motor Vehicle","LARCENY - FROM AUTO","ROCKVILLE","13000 BLK  TWINBROOK PKW","ROCKVILLE","MD","20851","MCPD","Parking Lot - Residential","A","1A2","301","13000",,"TWINBROOK",,"PKW","39.06962","-77.114","1D","    (39.0696, -77.114)"
"201591150","2203","260040796","09/17/2026 12:45:11 PM","09/15/2026 05:45:00 PM","09/15/2026 05:45:00 PM","220","1","Crime Against Property","Burglary/Breaking and Entering","BURGLARY - FORCED ENTRY-NONRESIDENTIAL","BETHESDA","5500 BLK  WISCONSIN AVE","CHEVY CHASE","MD","20815","MCPD","Doctor/Dentist/Vet Office","D","2D2","516","5500",,"WISCONSIN",,"AVE","38.96379","-77.0872","2D","    (38.9638, -77.0872)"
"201590904","1303","260040502","09/15/2026 05:44:28 PM","09/15/2026 05:44:00 PM",,"13A","1","Crime Against Person","Aggravated Assault","ASSAULT - AGGRAVATED - FAMILY-STRONG-ARM","MONTGOMERY VILLAGE","19400 BLK  BRASSIE PL","MONTGOMERY VILLAGE","MD","20886","MCPD","Residence - Apartment/Condo","R","6R2","544","19400",,"BRASSIE",,"PL","39.17418","-77.2022","6D","    (39.1742, -77.2022)"
"201590895","9021","260040497","09/15/2026 05:35:03 PM","09/15/2026 05:35:00 PM",,"90I","1","Crime Against Not a Crime","Runaway","JUVENILE - RUNAWAY","MONTGOMERY VILLAGE","15000 BLK  BROSCHART RD","ROCKVILLE","MD","20850","MCPD","School - Elementary/Secondary","P","6P1","721","15000",,"BROSCHART",,"RD","39.10179","-77.2003","6D","    (39.1018, -77.2003)"
"201590971","2304","260040594","09/16/2026 11:15:33 AM","09/15/2026 05:30:00 PM","09/16/2026 08:30:00 AM","23G","1","Crime Against Property","Theft of Motor Vehicle Parts or Accessories","LARCENY - AUTO PARTS","BETHESDA","3900 BLK  WASHINGTON ST","KENSINGTON","MD","20895","MCPD","Street - Residential","D","2D1","179","3900",,"WASHINGTON",,"ST","39.02257","-77.0764","2D","    (39.0226, -77.0764)"
"201590899","2303","260040493","09/15/2026 05:22:10 PM","09/15/2026 05:22:00 PM",,"23C","1","Crime Against Property","Shoplifting","LARCENY - SHOPLIFTING","WHEATON","11100 BLK  VEIRS MILL RD","SILVER SPRING","MD","20902","MCPD","Retail - Mall","L","4L2","321","11100",,"VEIRS MILL",,"RD","39.03756","-77.0519","4D","    (39.0376, -77.0519)"
"201591040","2901","260040500","09/15/2026 05:14:21 PM","09/15/2026 05:14:00 PM",,"290","1","Crime Against Property","Destruction/Damage/Vandalism of Property","DAMAGE PROPERTY - BUSINESS","ROCKVILLE","1700 BLK E JEFFERSON ST","ROCKVILLE","MD","20852","MCPD","Retail - Department/Discount Store","A","1A2","270","1700","E","JEFFERSON",,"ST","39.05848","-77.1264","1D","    (39.0585, -77.1264)"
"201591040","2303","260040500","09/15/2026 05:14:21 PM","09/15/2026 05:14:00 PM",,"23C","1","Crime Against Property","Shoplifting","LARCENY - SHOPLIFTING","ROCKVILLE","1700 BLK E JEFFERSON ST","ROCKVILLE","MD","20852","MCPD","Retail - Department/Discount Store","A","1A2","270","1700","E","JEFFERSON",,"ST","39.05848","-77.1264","1D","    (39.0585, -77.1264)"
"201590990","2902","260040556","09/16/2026 06:49:06 AM","09/15/2026 05:00:00 PM",,"290","1","Crime Against Property","Destruction/Damage/Vandalism of Property","DAMAGE PROPERTY - PRIVATE","GERMANTOWN","20700 BLK  CRYSTAL HILL CIR","GERMANTOWN","MD","20874","MCPD","Residence - Apartment/Condo","N","5N1","465","20700",,"CRYSTAL HILL",,"CIR","39.19652","-77.2757","5D","    (39.1965, -77.2757)"
"201590909","1399","260040491","09/15/2026 04:43:07 PM","09/15/2026 04:43:00 PM",,"13B","1","Crime Against Person","Simple Assault","ASSAULT - 2ND DEGREE","GERMANTOWN","13300 BLK  DEMETRIAS WAY","GERMANTOWN","MD","20874","MCPD","School - Elementary/Secondary","N","5N1","465","13300",,"DEMETRIAS",,"WAY","39.18123","-77.2772","5D","    (39.1812, -77.2772)"
"201590885","9113","260040489","09/15/2026 04:40:24 PM","09/15/2026 04:40:00 PM","09/15/2026 05:45:00 PM","90Z","1","Crime Against Society","All Other Offenses","MENTAL ILLNESS - EMERGENCY PETITION","ROCKVILLE","400 BLK N HORNERS LA","ROCKVILLE","MD","20850","RCPD","Residence - Single Family","A","1A1","283","400","N","HORNERS",,"LA","39.08875","-77.1433","1D","    (39.0887, -77.1433)"
"201590927","2605","260040541","09/15/2026 10:22:51 PM","09/15/2026 04:33:00 PM",,"26B","1","Crime Against Property","Credit Card/Automatic Teller Machine Fraud","FRAUD - ILLEGAL USE CREDIT CARDS","WHEATON","4300 BLK  SUNFLOWER DR","ROCKVILLE","MD","20853","MCPD","Other/Unknown","K","4K1","394","4300",,"SUNFLOWER",,"DR","39.11073","-77.0878","4D","    (39.1107, -77.0878)"
"201590927","2399","260040541","09/15/2026 10:22:51 PM","09/15/2026 04:33:00 PM",,"23H","1","Crime Against Property","All other Larceny","LARCENY (DESCRIBE OFFENSE)","WHEATON","4300 BLK  SUNFLOWER DR","ROCKVILLE","MD","20853","MCPD","Other/Unknown","K","4K1","394","4300",,"SUNFLOWER",,"DR","39.11073","-77.0878","4D","    (39.1107, -77.0878)"
"201590999","3550","260040478","09/15/2026 04:29:11 PM","09/15/2026 04:29:00 PM","09/15/2026 04:29:00 PM","35B","1","Crime Against Society","Drug Equipment Violations","DRUGS - NARCOTIC EQUIP - POSSESS","ROCKVILLE",,"ROCKVILLE","MD","20850","RCPD","Street - Residential","A","1A1","244",,,"COLLEGE",,"PKW","39.10005","-77.1629","1D","    (39.1001, -77.1629)"
"201590926","9199","260040477","09/15/2026 04:19:27 PM","09/15/2026 04:19:00 PM","09/15/2026 05:00:00 PM","90Z","1","Crime Against Society","All Other Offenses","POLICE INFORMATION","BETHESDA","4800 BLK  RUGBY AVE","BETHESDA","MD","20814","MCPD","Auto Repair","D","2D2","049","4800",,"RUGBY",,"AVE","0.0","0.0","2D","    (0.0, 0.0)"
"201590903","2303","260040483","09/15/2026 04:19:47 PM","09/15/2026 04:19:00 PM",,"23C","1","Crime Against Property","Shoplifting","LARCENY - SHOPLIFTING","SILVER SPRING","12000 BLK  CHERRY HILL RD","SILVER SPRING","MD","20904","MCPD","Retail - Other","I","3I1","146","12000",,"CHERRY HILL",,"RD","39.05259","-76.9531","3D","    (39.0526, -76.9531)"
"201590879","2303","260040479","09/15/2026 04:08:23 PM","09/15/2026 04:08:00 PM","09/15/2026 04:30:00 PM","23C","1","Crime Against Property","Shoplifting","LARCENY - SHOPLIFTING","ROCKVILLE","1500 BLK  ROCKVILLE PIK","ROCKVILLE","MD","20852","RCPD","Retail - Drug Store/Pharmacy","A","1A2","273","1500",,"ROCKVILLE",,"PIK","39.06511","-77.1266","1D","    (39.0651, -77.1266)"
"201590915","9113","260040495","09/15/2026 04:08:29 PM","09/15/2026 04:08:00 PM",,"90Z","1","Crime Against Society","All Other Offenses","MENTAL ILLNESS - EMERGENCY PETITION","SILVER SPRING","13600 BLK  COLGATE WAY","SILVER SPRING","MD","20904","MCPD","Residence -Townhouse/Duplex","I","3I2","380","13600",,"COLGATE",,"WAY","0.0","0.0","3D","    (0.0, 0.0)"
"201590900","9199","260040474","09/15/2026 04:06:27 PM","09/15/2026 04:06:00 PM",,"90Z","1","Crime Against Society","All Other Offenses","POLICE INFORMATION","MONTGOMERY VILLAGE","15000 BLK  BROSCHART RD","ROCKVILLE","MD","20850","MCPD","School - Elementary/Secondary","P","6P1","721","15000",,"BROSCHART",,"RD","39.10179","-77.2003","6D","    (39.1018, -77.2003)"
"201590900","9021","260040474","09/15/2026 04:06:27 PM","09/15/2026 04:06:00 PM",,"90I","1","Crime Against Not a Crime","Runaway","JUVENILE - RUNAWAY","MONTGOMERY VILLAGE","15000 BLK  BROSCHART RD","ROCKVILLE","MD","20850","MCPD","School - Elementary/Secondary","P","6P1","721","15000",,"BROSCHART",,"RD","39.10179","-77.2003","6D","    (39.1018, -77.2003)"
"201590949","2404","260040559","09/16/2026 07:41:55 AM","09/15/2026 04:00:00 PM","09/16/2026 06:40:00 AM","240","1","Crime Against Property","Motor Vehicle Theft","AUTO THEFT - VEHICLE THEFT","MONTGOMERY VILLAGE","9700 BLK  WASHINGTONIAN BLV","GAITHERSBURG","MD","20878","MCPD","Parking Lot - Commercial","P","6P1","549","9700",,"WASHINGTONIAN",,"BLV","39.11154","-77.1928","6D","    (39.1115, -77.1928)"
"201591011","1216","260040504","09/15/2026 04:53:42 PM","09/15/2026 03:45:00 PM","09/15/2026 04:53:00 PM","120","1","Crime Against Property","Robbery","ROBBERY - STRONG ARM","SILVER SPRING","8800 BLK  COLESVILLE RD","SILVER SPRING","MD","20910","MCPD","Residence - Apartment/Condo","G","3G2","118","8800",,"COLESVILLE",,"RD","38.999","-77.0261","3D","    (38.999, -77.0261)"
"201590876","9199","260040464","09/15/2026 03:32:58 PM","09/15/2026 03:32:00 PM",,"90Z","1","Crime Against Society","All Other Offenses","POLICE INFORMATION","BETHESDA","11300 BLK  SCHUYLKILL RD","ROCKVILLE","MD","20852","MCPD","Residence - Single Family","D","2D1","309","11300",,"SCHUYLKILL",,"RD","39.04048","-77.0917","2D","    (39.0405, -77.0917)"
"201590907","5212","260040467","09/15/2026 03:31:02 PM","09/15/2026 03:31:00 PM",,"520","1","Crime Against Society","Weapon Law Violations","WEAPON - POSSESSION","MONTGOMERY VILLAGE","200 BLK N FREDERICK AVE","GAITHERSBURG","MD","20877","GPD","Street - Bus Stop","P","6P2","428","200","N","FREDERICK",,"AVE","39.09454","-77.1506","6D","    (39.0945, -77.1506)"
"201591127","9021","260040773","09/17/2026 10:31:20 AM","09/15/2026 03:30:00 PM",,"90I","1","Crime Against Not a Crime","Runaway","JUVENILE - RUNAWAY","SILVER SPRING","600 BLK  BURNT MILLS AVE","SILVER SPRING","MD","20901","MCPD","Residence - Single Family","I","3I3","144","600",,"BURNT MILLS",,"AVE","39.03593","-76.9986","3D","    (39.0359, -76.9986)"
"201590995","5212","260040584","09/16/2026 09:07:23 AM","09/15/2026 03:30:00 PM","09/16/2026 09:07:00 AM","520","1","Crime Against Society","Weapon Law Violations","WEAPON - POSSESSION","WHEATON","11800 BLK  MONTICELLO AVE","SILVER SPRING","MD","20902","MCPD","School - Elementary/Secondary","L","4L1","363","11800",,"MONTICELLO",,"AVE","39.04925","-77.0297","4D","    (39.0493, -77.0297)"
"201591164","2601","260040688","09/16/2026 07:56:35 PM","09/15/2026 03:30:00 PM","09/16/2026 06:00:00 PM","26A","1","Crime Against Property","False Pretenses/Swindle/Confidence Game","FRAUD - CONFIDENCE GAME","WHEATON","15100 BLK  CENTERGATE DR","SILVER SPRING","MD","20905","MCPD","Other/Unknown","K","4K2","372","15100",,"CENTERGATE",,"DR","39.10154","-77.0123","4D","    (39.1015, -77.0123)"
"201590995","1399","260040584","09/16/2026 09:07:23 AM","09/15/2026 03:30:00 PM","09/16/2026 09:07:00 AM","13B","1","Crime Against Person","Simple Assault","ASSAULT - 2ND DEGREE","WHEATON","11800 BLK  MONTICELLO AVE","SILVER SPRING","MD","20902","MCPD","School - Elementary/Secondary","L","4L1","363","11800",,"MONTICELLO",,"AVE","39.04925","-77.0297","4D","    (39.0493, -77.0297)"
"201590917","2902","260040466","09/15/2026 03:42:06 PM","09/15/2026 03:30:00 PM","09/15/2026 04:00:00 PM","290","1","Crime Against Property","Destruction/Damage/Vandalism of Property","DAMAGE PROPERTY - PRIVATE","SILVER SPRING","8500 BLK  16TH ST","SILVER SPRING","MD","20910","MCPD","Parking Lot - Residential","G","3G1","088","8500",,"16TH",,"ST","0.0","0.0","3D","    (0.0, 0.0)"
"201590919","2399","260040462","09/15/2026 03:14:24 PM","09/15/2026 03:14:00 PM",,"23H","1","Crime Against Property","All other Larceny","LARCENY (DESCRIBE OFFENSE)","MONTGOMERY VILLAGE","8000 BLK  SNOUFFER SCHOOL RD","GAITHERSBURG","MD","20879","MCPD","Auto Repair","R","6R3","421","8000",,"SNOUFFER SCHOOL",,"RD","39.15905","-77.1603","6D","    (39.1591, -77.1603)"
"201591023","2305","260040651","09/16/2026 04:17:13 PM","09/15/2026 03:00:00 PM","09/16/2026 04:00:00 PM","23F","1","Crime Against Property","Theft From Motor Vehicle","LARCENY - FROM AUTO","MONTGOMERY VILLAGE","100 BLK  DOGWOOD DR","GAITHERSBURG","MD","20877","MCPD","Street - Residential","P","6P3","432","100",,"DOGWOOD",,"DR","39.1412","-77.1905","6D","    (39.1412, -77.1905)"
"201590937","9109","260040549","09/15/2026 02:57:32 PM","09/15/2026 02:57:00 PM",,"90Z","1","Crime Against Society","All Other Offenses","RECOVERED PROPERTY - OTHER","TAKOMA PARK",,"TAKOMA PARK","MD","20912","TPPD","Street - Other","T","8T1","801",,,"PARK",,"AVE","39.14488","-77.1952","TPPD","    (39.1449, -77.1952)"
"201590871","5016","260040458","09/15/2026 02:38:51 PM","09/15/2026 02:38:00 PM",,"90Z","1","Crime Against Society","All Other Offenses","OBSTRUCT GOVT - VIOLATION OF A COURT ORDER","GERMANTOWN","19500 BLK  SCENERY DR","GERMANTOWN","MD","20876","MCPD","Other/Unknown","M","5M1","470","19500",,"SCENERY",,"DR","39.17546","-77.2381","5D","    (39.1755, -77.2381)"
"201590921","2303","260040457","09/15/2026 02:36:20 PM","09/15/2026 02:36:00 PM",,"23C","1","Crime Against Property","Shoplifting","LARCENY - SHOPLIFTING","GERMANTOWN","12800 BLK  WISTERIA DR","GERMANTOWN","MD","20874","MCPD","Convenience Store","N","5N1","447","12800",,"WISTERIA",,"DR","39.1761","-77.2687","5D","    (39.1761, -77.2687)"
"201590873","2303","260040454","09/15/2026 02:36:20 PM","09/15/2026 02:36:00 PM",,"23C","1","Crime Against Property","Shoplifting","LARCENY - SHOPLIFTING","WHEATON","11100 BLK  VEIRS MILL RD","SILVER SPRING","MD","20902","MCPD","Retail - Mall","L","4L2","321","11100",,"VEIRS MILL",,"RD","39.03756","-77.0519","4D","    (39.0376, -77.0519)"
"201590893","9021","260040480","09/15/2026 02:31:42 PM","09/15/2026 02:31:00 PM",,"90I","1","Crime Against Not a Crime","Runaway","JUVENILE - RUNAWAY","MONTGOMERY VILLAGE","15000 BLK  BROSCHART RD","ROCKVILLE","MD","20850","MCPD","School - Elementary/Secondary","P","6P1","721","15000",,"BROSCHART",,"RD","39.10179","-77.2003","6D","    (39.1018, -77.2003)"
"201590892","9021","260040456","09/15/2026 02:31:42 PM","09/15/2026 02:31:00 PM",,"90I","1","Crime Against Not a Crime","Runaway","JUVENILE - RUNAWAY","MONTGOMERY VILLAGE","15000 BLK  BROSCHART RD","ROCKVILLE","MD","20850","MCPD","School - Elementary/Secondary","P","6P1","721","15000",,"BROSCHART",,"RD","39.10179","-77.2003","6D","    (39.1018, -77.2003)"
"201590906","9021","260040518","09/15/2026 06:52:49 PM","09/15/2026 02:15:00 PM",,"90I","1","Crime Against Not a Crime","Runaway","JUVENILE - RUNAWAY","BETHESDA","8500 BLK  16TH ST","SILVER SPRING","MD","20910","MCPD","Residence - Single Family","D","2D1","517","8500",,"16TH",,"ST","0.0","0.0","2D","    (0.0, 0.0)"
"201591180","2605","260040459","09/15/2026 02:10:17 PM","09/15/2026 02:10:00 PM",,"26B","1","Crime Against Property","Credit Card/Automatic Teller Machine Fraud","FRAUD - ILLEGAL USE CREDIT CARDS","WHEATON","11700 BLK  CHURCH LA","SILVER SPRING","MD","20902","MCPD","Residence - Single Family","L","4L1","328","11700",,"CHURCH",,"LA","0.0","0.0","4D","    (0.0, 0.0)"
"201591003","2304","260040618","09/16/2026 01:50:48 PM","09/15/2026 02:00:00 PM","09/16/2026 02:00:00 PM","23G","1","Crime Against Property","Theft of Motor Vehicle Parts or Accessories","LARCENY - AUTO PARTS","ROCKVILLE","12800 BLK  TWINBROOK PKW","ROCKVILLE","MD","20851","MCPD","Parking Lot - Residential","A","1A2","301","12800",,"TWINBROOK",,"PKW","39.06671","-77.1145","1D","    (39.0667, -77.1145)"
"201590850","2699","260040438",,"09/15/2026 01:53:00 PM",,"26A","1","Crime Against Property","False Pretenses/Swindle/Confidence Game","FRAUD (DESCRIBE OFFENSE)","MONTGOMERY VILLAGE","200 BLK  PARAMOUNT PARK DR","GAITHERSBURG","MD","20879","MCPD","Other/Unknown","P","6P2","425","200",,"PARAMOUNT PARK",,"DR","39.15876","-77.2224","6D","    (39.1588, -77.2224)"
"201591048","2303","260040513","09/15/2026 07:17:02 PM","09/15/2026 01:52:00 PM","09/15/2026 02:13:00 PM","23C","1","Crime Against Property","Shoplifting","LARCENY - SHOPLIFTING","SILVER SPRING","8500 BLK  FENTON ST","SILVER SPRING","MD","20910","MCPD","Retail - Department/Discount Store","G","3G1","109","8500",,"FENTON",,"ST","38.9954","-77.0244","3D","    (38.9954, -77.0244)"
"201590847","2699","260040439",,"09/15/2026 01:47:00 PM",,"26A","1","Crime Against Property","False Pretenses/Swindle/Confidence Game","FRAUD (DESCRIBE OFFENSE)","SILVER SPRING","10800 BLK  MARGATE RD","SILVER SPRING","MD","20901","MCPD","Residence - Single Family","I","3I3","159","10800",,"MARGATE",,"RD","39.03073","-77.0107","3D","    (39.0307, -77.0107)"
"201590972","2303","260040445","09/15/2026 01:46:05 PM","09/15/2026 01:46:00 PM",,"23C","1","Crime Against Property","Shoplifting","LARCENY - SHOPLIFTING","WHEATON","11400 BLK  AMHERST AVE","SILVER SPRING","MD","20902","MCPD","Convenience Store","L","4L2","356","11400",,"AMHERST",,"AVE","0.0","0.0","4D","    (0.0, 0.0)"
"201590857","9101","260040444","09/15/2026 01:03:24 PM","09/15/2026 01:03:00 PM",,"90Z","1","Crime Against Society","All Other Offenses","SUDDEN DEATH","BETHESDA",,"ROCKVILLE","MD","20852","MCPD","Residence - Yard","D","2D1","308",,,"OLD DROVERS",,"WAY","39.05","-77.0962","2D","    (39.05, -77.0962)"
"201590855","1399","260040443","09/15/2026 01:30:59 PM","09/15/2026 01:00:00 PM","09/15/2026 01:45:00 PM","13B","1","Crime Against Person","Simple Assault","ASSAULT - 2ND DEGREE","ROCKVILLE","1500 BLK  COLUMBIA AVE","ROCKVILLE","MD","20850","RCPD","Residence - Single Family","A","1A1","244","1500",,"COLUMBIA",,"AVE","39.10119","-77.1675","1D","    (39.1012, -77.1675)"
"201590875","2699","260040468","09/15/2026 03:36:01 PM","09/15/2026 01:00:00 PM",,"26A","1","Crime Against Property","False Pretenses/Swindle/Confidence Game","FRAUD (DESCRIBE OFFENSE)","WHEATON","4500 BLK  MINUTEMAN DR","ROCKVILLE","MD","20853","MCPD","Parking Garage - Other","K","4K3","139","4500",,"MINUTEMAN",,"DR","39.12682","-77.0894","4D","    (39.1268, -77.0894)"
"201590874","2303","260040440","09/15/2026 12:59:06 PM","09/15/2026 12:59:00 PM",,"23C","1","Crime Against Property","Shoplifting","LARCENY - SHOPLIFTING","TAKOMA PARK","7600 BLK  NEW HAMPSHIRE AVE","TAKOMA PARK","MD","20912","TPPD","Retail - Appliances/Electronics","T","8T3","807","7600",,"NEW HAMPSHIRE",,"AVE","38.9859","-76.9881","TPPD","    (38.9859, -76.9881)"
"201590866","2501","260040437","09/15/2026 12:36:02 PM","09/15/2026 12:36:00 PM",,"250","1","Crime Against Property","Counterfeiting/Forgery","FORGERY OF CHECKS","ROCKVILLE","1  BLK  BIG TREE CT","POTOMAC","MD","20854","RCPD","Residence - Single Family","B","1B1","227","1",,"BIG TREE",,"CT","39.07056","-77.1645","1D","    (39.0706, -77.1645)"
"201590866","2308","260040437","09/15/2026 12:36:02 PM","09/15/2026 12:36:00 PM",,"23D","1","Crime Against Property","Theft from Building","LARCENY - FROM BLDG","ROCKVILLE","1  BLK  BIG TREE CT","POTOMAC","MD","20854","RCPD","Residence - Single Family","B","1B1","227","1",,"BIG TREE",,"CT","39.07056","-77.1645","1D","    (39.0706, -77.1645)"
"201590859","2308","260040429","09/15/2026 12:02:20 PM","09/15/2026 12:02:00 PM",,"23D","1","Crime Against Property","Theft from Building","LARCENY - FROM BLDG","MONTGOMERY VILLAGE","100 BLK  PARK AVE","GAITHERSBURG","MD","20877","GPD","Residence - Apartment/Condo","P","6P3","427","100",,"PARK",,"AVE","0.0","0.0","6D","    (0.0, 0.0)"
"201591060","2610","260040482","09/15/2026 04:18:34 PM","09/15/2026 12:00:00 PM",,"26F","1","Crime Against Property","Identity Theft","IDENTITY THEFT","BETHESDA","5100 BLK  WILSON LA","BETHESDA","MD","20814","MCPD","Other/Unknown","D","2D2","685","5100",,"WILSON",,"LA","38.98728","-77.101","2D","    (38.9873, -77.101)"
"201591117","2611","260040768","09/17/2026 11:19:41 AM","09/15/2026 12:00:00 PM","09/17/2026 11:00:00 AM","26G","1","Crime Against Property","Hacking/Computer Invasion","FRAUD - HACKING/COMPUTER INVASION","BETHESDA","9500 BLK  LINDEN AVE","BETHESDA","MD","20814","MCPD","Other/Unknown","E","2E1","071","9500",,"LINDEN",,"AVE","0.0","0.0","2D","    (0.0, 0.0)"
"201590841","2501","260040427","09/15/2026 11:37:40 AM","09/15/2026 11:37:00 AM",,"250","1","Crime Against Property","Counterfeiting/Forgery","FORGERY OF CHECKS","WHEATON","17600 BLK  GATSBY TER","OLNEY","MD","20832","MCPD","Residence - Single Family","K","4K3","642","17600",,"GATSBY",,"TER","0.0","0.0","4D","    (0.0, 0.0)"
"201590834","3700","260040407",,"09/15/2026 11:37:00 AM",,"370","1","Crime Against Society","Pornography/Obscene Material","OBSCENE MATERIAL","ROCKVILLE","7300 BLK  CALHOUN PL","DERWOOD","MD","20855","MCPD","Other/Unknown","A","1A1","281","7300",,"CALHOUN",,"PL","39.10762","-77.1466","1D","    (39.1076, -77.1466)"
"201590833","3700","260040410",,"09/15/2026 11:36:00 AM",,"370","1","Crime Against Society","Pornography/Obscene Material","OBSCENE MATERIAL","ROCKVILLE","7300 BLK  CALHOUN PL","DERWOOD","MD","20855","MCPD","Other/Unknown","A","1A1","281","7300",,"CALHOUN",,"PL","39.10762","-77.1466","1D","    (39.1076, -77.1466)"
"201590832","3700","260040409",,"09/15/2026 11:35:00 AM",,"370","1","Crime Against Society","Pornography/Obscene Material","OBSCENE MATERIAL","ROCKVILLE","7300 BLK  CALHOUN PL","DERWOOD","MD","20855","MCPD","Other/Unknown","A","1A1","281","7300",,"CALHOUN",,"PL","39.10762","-77.1466","1D","    (39.1076, -77.1466)"
"201590831","3700","260040408",,"09/15/2026 11:33:00 AM",,"370","1","Crime Against Society","Pornography/Obscene Material","OBSCENE MATERIAL","ROCKVILLE","7300 BLK  CALHOUN PL","DERWOOD","MD","20855","MCPD","Other/Unknown","A","1A1","281","7300",,"CALHOUN",,"PL","39.10762","-77.1466","1D","    (39.1076, -77.1466)"
"201590828","3700","260040412",,"09/15/2026 11:31:00 AM",,"370","1","Crime Against Society","Pornography/Obscene Material","OBSCENE MATERIAL","ROCKVILLE","7300 BLK  CALHOUN PL","DERWOOD","MD","20855","MCPD","Other/Unknown","A","1A1","281","7300",,"CALHOUN",,"PL","39.10762","-77.1466","1D","    (39.1076, -77.1466)"
"201590827","3700","260040404",,"09/15/2026 11:30:00 AM",,"370","1","Crime Against Society","Pornography/Obscene Material","OBSCENE MATERIAL","ROCKVILLE","7300 BLK  CALHOUN PL","DERWOOD","MD","20855","MCPD","Other/Unknown","A","1A1","281","7300",,"CALHOUN",,"PL","39.10762","-77.1466","1D","    (39.1076, -77.1466)"
"201591182","1399","260040428","09/15/2026 11:30:29 AM","09/15/2026 11:30:00 AM",,"13B","1","Crime Against Person","Simple Assault","ASSAULT - 2ND DEGREE","WHEATON","13900 BLK  OVERTON LA","SILVER SPRING","MD","20904","MCPD","Residence - Single Family","L","4L3","679","13900",,"OVERTON",,"LA","39.08316","-77.0114","4D","    (39.0832, -77.0114)"
"201590826","3700","260040403",,"09/15/2026 11:27:00 AM",,"370","1","Crime Against Society","Pornography/Obscene Material","OBSCENE MATERIAL","ROCKVILLE","7300 BLK  CALHOUN PL","DERWOOD","MD","20855","MCPD","Other/Unknown","A","1A1","281","7300",,"CALHOUN",,"PL","39.10762","-77.1466","1D","    (39.1076, -77.1466)"
"201590856","9113","260040422","09/15/2026 11:22:11 AM","09/15/2026 11:22:00 AM","09/15/2026 12:45:00 PM","90Z","1","Crime Against Society","All Other Offenses","MENTAL ILLNESS - EMERGENCY PETITION","BETHESDA","5500 BLK  WISCONSIN AVE","CHEVY CHASE","MD","20815","MCPD","Doctor/Dentist/Vet Office","D","2D2","516","5500",,"WISCONSIN",,"AVE","38.96379","-77.0872","2D","    (38.9638, -77.0872)"
"201591254","9199","260040771","09/17/2026 11:20:14 AM","09/15/2026 11:20:00 AM","09/17/2026 11:11:00 AM","90Z","1","Crime Against Society","All Other Offenses","POLICE INFORMATION","WHEATON","11100 BLK  NEWPORT MILL RD","KENSINGTON","MD","20895","MCPD","School - Elementary/Secondary","L","4L2","318","11100",,"NEWPORT MILL",,"RD","39.03711","-77.0724","4D","    (39.0371, -77.0724)"
"201590840","9042","260040424","09/15/2026 11:06:58 AM","09/15/2026 11:06:00 AM",,"90Z","1","Crime Against Society","All Other Offenses","SUICIDE - ATTEMPT","GERMANTOWN","18800 BLK  BENT WILLOW CIR","GERMANTOWN","MD","20874","MCPD","Residence - Apartment/Condo","N","5N1","447","18800",,"BENT WILLOW",,"CIR","39.16366","-77.2602","5D","    (39.1637, -77.2602)"
"201590823","5707","260040414","09/15/2026 10:31:49 AM","09/15/2026 10:31:00 AM","09/15/2026 11:20:00 AM","90J","1","Crime Against Society","Trespass of Real Property","TRESPASSING","ROCKVILLE","700 BLK  HUNGERFORD DR","ROCKVILLE","MD","20850","RCPD","Parking Lot - Commercial","A","1A1","278","700",,"HUNGERFORD",,"DR","39.09309","-77.1535","1D","    (39.0931, -77.1535)"
"201591185","2610","260040860","09/17/2026 05:16:57 PM","09/15/2026 10:00:00 AM","09/17/2026 05:55:00 PM","26F","1","Crime Against Property","Identity Theft","IDENTITY THEFT","ROCKVILLE","7700 BLK  SARGENT CT","POTOMAC","MD","20854","MCPD","Residence - Single Family","B","1B1","203","7700",,"SARGENT",,"CT","39.05435","-77.1583","1D","    (39.0543, -77.1583)"
"201590854","1399","260040406","09/15/2026 09:47:54 AM","09/15/2026 09:47:00 AM",,"13B","1","Crime Against Person","Simple Assault","ASSAULT - 2ND DEGREE","ROCKVILLE","14600 BLK  KEENELAND CIR","GAITHERSBURG","MD","20878","MCPD","Residence - Yard","B","1B2","457","14600",,"KEENELAND",,"CIR","39.09501","-77.2538","1D","    (39.095, -77.2538)"
"201590814","9108","260040393",,"09/15/2026 09:06:00 AM",,"90Z","1","Crime Against Society","All Other Offenses","RECOVERED PROPERTY - MONT CO.","BETHESDA","6200 BLK  SWORDS WAY","BETHESDA","MD","20817","MCPD","Residence - Single Family","E","2E1","068","6200",,"SWORDS",,"WAY","0.0","0.0","2D","    (0.0, 0.0)"
"201590808","9062","260040322",,"09/15/2026 08:29:00 AM",,"90Z","1","Crime Against Society","All Other Offenses","FUGITIVE FROM JUSTICE (OUT OF STATE)","ROCKVILLE","1300 BLK  SEVEN LOCKS RD","POTOMAC","MD","20854","MCPD","Jail/Prison","B","1B1","228","1300",,"SEVEN LOCKS",,"RD","39.06691","-77.1616","1D","    (39.0669, -77.1616)"
"201590816","9061","260040389","09/15/2026 07:59:34 AM","09/15/2026 07:59:00 AM","09/15/2026 09:30:00 AM","90Z","1","Crime Against Society","All Other Offenses","FUGITIVE FROM MD JURISDICTION","ROCKVILLE","100 BLK  ROLLINS AVE","ROCKVILLE","MD","20852","RCPD","Residence - Apartment/Condo","A","1A2","269","100",,"ROLLINS",,"AVE","39.05883","-77.1213","1D","    (39.0588, -77.1213)"
"201591132","2399","260040788","09/17/2026 12:24:43 PM","09/15/2026 07:20:00 AM","09/16/2026 10:30:00 PM","23H","1","Crime Against Property","All other Larceny","LARCENY (DESCRIBE OFFENSE)","ROCKVILLE","15900 BLK  FREDERICK RD","DERWOOD","MD","20855","RCPD","Residence - Apartment/Condo","A","1A1","746","15900",,"FREDERICK",,"RD","39.11561","-77.1662","1D","    (39.1156, -77.1662)"
"201591124","2205","260040772","09/17/2026 11:27:41 AM","09/15/2026 06:39:00 AM","09/15/2026 06:46:00 AM","220","1","Crime Against Property","Burglary/Breaking and Entering","BURGLARY - NO FORCED ENTRY-NONRESIDENTIAL","BETHESDA","5000 BLK  WILSON LA","BETHESDA","MD","20814","MCPD","Church/Synagogue/Temple","D","2D2","685","5000",,"WILSON",,"LA","38.98747","-77.0987","2D","    (38.9875, -77.0987)"
"201590861","9101","260040430","09/15/2026 11:16:44 AM","09/15/2026 06:30:00 AM","09/15/2026 11:16:00 AM","90Z","1","Crime Against Society","All Other Offenses","SUDDEN DEATH","ROCKVILLE","10200 BLK  SWEETWOOD AVE","ROCKVILLE","MD","20850","MCPD","Residence - Single Family","B","1B1","237","10200",,"SWEETWOOD",,"AVE","39.08277","-77.2124","1D","    (39.0828, -77.2124)"
"201590806","1314","260040372","09/15/2026 06:21:18 AM","09/15/2026 06:10:00 AM","09/15/2026 06:17:00 AM","13A","2","Crime Against Person","Aggravated Assault","ASSAULT - AGGRAVATED - GUN","BETHESDA",,"ROCKVILLE","MD","20852","MCPD","Street - In vehicle","E","2E1","200",,,"JOSIAH HENSON",,"PKW","39.05084","-77.1285","2D","    (39.0508, -77.1285)"
"201591099","9105","260040744","09/17/2026 09:18:58 AM","09/15/2026 06:00:00 AM","09/15/2026 07:30:00 AM","90Z","1","Crime Against Society","All Other Offenses","LOST PROPERTY","ROCKVILLE","14600 BLK  ROTHGEB DR","ROCKVILLE","MD","20850","MCPD","Street - Other","A","1A1","287","14600",,"ROTHGEB",,"DR","39.09579","-77.1339","1D","    (39.0958, -77.1339)"
"201590798","2203","260040366","09/15/2026 03:10:40 AM","09/15/2026 02:59:00 AM","09/15/2026 03:01:00 AM","220","1","Crime Against Property","Burglary/Breaking and Entering","BURGLARY - FORCED ENTRY-NONRESIDENTIAL","MONTGOMERY VILLAGE","400 BLK S FREDERICK AVE","GAITHERSBURG","MD","20877","GPD","Liquor Store - Beer & Wine","P","6P3","432","400","S","FREDERICK",,"AVE","39.1457","-77.2037","6D","    (39.1457, -77.2037)"
"201590790","2404","260040363","09/15/2026 01:33:07 AM","09/15/2026 01:33:00 AM",,"240","1","Crime Against Property","Motor Vehicle Theft","AUTO THEFT - VEHICLE THEFT","WHEATON","12600 BLK  LAYHILL RD","SILVER SPRING","MD","20906","MCPD","Parking Lot - Residential","L","4L3","368","12600",,"LAYHILL",,"RD","39.06321","-77.0502","4D","    (39.0632, -77.0502)"
"201590796","5016","260040364","09/15/2026 01:19:50 AM","09/15/2026 01:19:00 AM","09/15/2026 03:35:00 AM","90Z","1","Crime Against Society","All Other Offenses","OBSTRUCT GOVT - VIOLATION OF A COURT ORDER","GERMANTOWN","20700 BLK  CRYSTAL HILL CIR","GERMANTOWN","MD","20874","MCPD","Residence - Apartment/Condo","N","5N1","465","20700",,"CRYSTAL HILL",,"CIR","39.19652","-77.2757","5D","    (39.1965, -77.2757)"
"201590794","9113","260040361","09/15/2026 12:51:00 AM","09/15/2026 12:51:00 AM",,"90Z","1","Crime Against Society","All Other Offenses","MENTAL ILLNESS - EMERGENCY PETITION","GERMANTOWN","21700 BLK  SENECA AYR DR","BOYDS","MD","20841","MCPD","Residence - Single Family","M","5M3","708","21700",,"SENECA AYR",,"DR","39.21374","-77.2672","5D","    (39.2137, -77.2672)"
"201590793","9113","260040359","09/15/2026 12:24:26 AM","09/15/2026 12:24:00 AM",,"90Z","1","Crime Against Society","All Other Offenses","MENTAL ILLNESS - EMERGENCY PETITION","GERMANTOWN","19300 BLK  MOON RIDGE DR","GERMANTOWN","MD","20876","MCPD","Residence - Single Family","M","5M1","470","19300",,"MOON RIDGE",,"DR","39.17455","-77.2333","5D","    (39.1746, -77.2333)"
"201591088","2610","260040726","09/17/2026 07:18:47 AM","09/15/2026 12:00:00 AM","09/15/2026 11:59:00 PM","26F","1","Crime Against Property","Identity Theft","IDENTITY THEFT","WHEATON","13100 BLK  PRINCEVILLE CT","SILVER SPRING","MD","20904","MCPD","Other/Unknown","L","4L3","373","13100",,"PRINCEVILLE",,"CT","39.07048","-77.0209","4D","    (39.0705, -77.0209)"
"201590797","2203","260040360","09/14/2026 11:58:00 PM","09/14/2026 11:58:00 PM",,"220","1","Crime Against Property","Burglary/Breaking and Entering","BURGLARY - FORCED ENTRY-NONRESIDENTIAL","MONTGOMERY VILLAGE","1  BLK  MEEM AVE","GAITHERSBURG","MD","20877","GPD","Commercial - Industrial park","P","6P2","428","1",,"MEEM",,"AVE","39.14064","-77.202","6D","    (39.1406, -77.202)"
"201590807","1103","260040376","09/15/2026 06:07:31 AM","09/14/2026 11:30:00 PM","09/15/2026 01:00:00 AM","11A","1","Crime Against Person","Forcible Rape","RAPE - STRONG-ARM","MONTGOMERY VILLAGE","9900 BLK  MEDICAL CENTER DR","ROCKVILLE","MD","20850","MCPD","Street - In vehicle","P","6P1","721","9900",,"MEDICAL CENTER",,"DR","39.09681","-77.1997","6D","    (39.0968, -77.1997)"
"201590792","1399","260040355","09/14/2026 11:16:33 PM","09/14/2026 11:16:00 PM",,"13B","1","Crime Against Person","Simple Assault","ASSAULT - 2ND DEGREE","WHEATON","14200 BLK  GRAND PRE RD","SILVER SPRING","MD","20906","MCPD","Residence - Apartment/Condo","K","4K1","534","14200",,"GRAND PRE",,"RD","39.08863","-77.0751","4D","    (39.0886, -77.0751)"
"201590788","1103","260040356","09/14/2026 11:16:33 PM","09/14/2026 11:16:00 PM",,"11A","1","Crime Against Person","Forcible Rape","RAPE - STRONG-ARM","WHEATON","14200 BLK  GRAND PRE RD","SILVER SPRING","MD","20906","MCPD","Residence - Apartment/Condo","K","4K1","534","14200",,"GRAND PRE",,"RD","39.08863","-77.0751","4D","    (39.0886, -77.0751)"
"201590782","2404","260040352","09/14/2026 10:31:19 PM","09/14/2026 10:25:00 PM","09/14/2026 10:29:00 PM","240","1","Crime Against Property","Motor Vehicle Theft","AUTO THEFT - VEHICLE THEFT","WHEATON","2300 BLK  BLUERIDGE AVE","SILVER SPRING","MD","20902","MCPD","Parking Lot - Residential","L","4L2","355","2300",,"BLUERIDGE",,"AVE","39.04331","-77.0478","4D","    (39.0433, -77.0478)"
"201590786","5707","260040349","09/14/2026 10:06:42 PM","09/14/2026 10:00:00 PM","09/14/2026 10:45:00 PM","90J","1","Crime Against Society","Trespass of Real Property","TRESPASSING","ROCKVILLE","2500 BLK  RESEARCH BLV","ROCKVILLE","MD","20850","RCPD","Hotel/Motel/Etc.","B","1B1","241","2500",,"RESEARCH",,"BLV","39.10478","-77.1887","1D","    (39.1048, -77.1887)"
"201590786","1313","260040349","09/14/2026 10:06:42 PM","09/14/2026 10:00:00 PM","09/14/2026 10:45:00 PM","13B","1","Crime Against Person","Simple Assault","ASSAULT - SIMPLE","ROCKVILLE","2500 BLK  RESEARCH BLV","ROCKVILLE","MD","20850","RCPD","Hotel/Motel/Etc.","B","1B1","241","2500",,"RESEARCH",,"BLV","39.10478","-77.1887","1D","    (39.1048, -77.1887)"
"201590810","2404","260040381","09/15/2026 07:15:02 AM","09/14/2026 09:45:00 PM","09/15/2026 06:00:00 AM","240","1","Crime Against Property","Motor Vehicle Theft","AUTO THEFT - VEHICLE THEFT","WHEATON","5200 BLK  RUSSETT RD","ROCKVILLE","MD","20853","MCPD","Residence - Driveway","K","4K1","340","5200",,"RUSSETT",,"RD","39.08459","-77.1045","4D","    (39.0846, -77.1045)"
"201590789","9021","260040351","09/14/2026 09:45:01 PM","09/14/2026 09:30:00 PM",,"90I","1","Crime Against Not a Crime","Runaway","JUVENILE - RUNAWAY","SILVER SPRING","12900 BLK  SUMMER HILL DR","SILVER SPRING","MD","20904","MCPD","Residence -Townhouse/Duplex","I","3I1","377","12900",,"SUMMER HILL",,"DR","39.06634","-76.9565","3D","    (39.0663, -76.9565)"
"201590821","2404","260040415","09/15/2026 10:21:57 AM","09/14/2026 09:16:00 PM","09/14/2026 09:30:00 PM","240","1","Crime Against Property","Motor Vehicle Theft","AUTO THEFT - VEHICLE THEFT","ROCKVILLE","500 BLK  SOUTHLAWN LA","ROCKVILLE","MD","20850","RCPD","Retail - Other","A","1A1","287","500",,"SOUTHLAWN",,"LA","0.0","0.0","1D","    (0.0, 0.0)"
"201590787","2902","260040348","09/14/2026 09:14:11 PM","09/14/2026 09:14:00 PM",,"290","1","Crime Against Property","Destruction/Damage/Vandalism of Property","DAMAGE PROPERTY - PRIVATE","SILVER SPRING","1200 BLK  EAST WEST HWY","SILVER SPRING","MD","20910","MCPD","Residence - Garage","G","3G1","668","1200",,"EAST WEST",,"HWY","38.98994","-77.0289","3D","    (38.9899, -77.0289)"
"201590768","9113","260040347","09/14/2026 09:10:18 PM","09/14/2026 09:10:00 PM",,"90Z","1","Crime Against Society","All Other Offenses","MENTAL ILLNESS - EMERGENCY PETITION","WHEATON","12700 BLK  VEIRS MILL RD","ROCKVILLE","MD","20853","MCPD","Residence - Apartment/Condo","K","4K1","305","12700",,"VEIRS MILL",,"RD","39.06448","-77.0971","4D","    (39.0645, -77.0971)"
"201590769","9113","260040345","09/14/2026 09:13:15 PM","09/14/2026 09:10:00 PM","09/14/2026 10:05:00 PM","90Z","1","Crime Against Society","All Other Offenses","MENTAL ILLNESS - EMERGENCY PETITION","SILVER SPRING","9900 BLK  GEORGIA AVE","SILVER SPRING","MD","20902","MCPD","Street - Residential","G","3G2","175","9900",,"GEORGIA",,"AVE","39.01801","-77.0436","3D","    (39.018, -77.0436)"
"201590819","2304","260040386","09/15/2026 08:01:38 AM","09/14/2026 09:00:00 PM","09/15/2026 06:00:00 AM","23G","1","Crime Against Property","Theft of Motor Vehicle Parts or Accessories","LARCENY - AUTO PARTS","SILVER SPRING","9700 BLK  MT PISGAH RD","SILVER SPRING","MD","20903","MCPD","Parking Lot - Residential","I","3I3","138","9700",,"MT PISGAH",,"RD","39.01519","-76.9768","3D","    (39.0152, -76.9768)"
"201590757","9108","260040147",,"09/14/2026 08:44:00 PM",,"90Z","1","Crime Against Society","All Other Offenses","RECOVERED PROPERTY - MONT CO.","SILVER SPRING","1000 BLK  MILESTONE DR","SILVER SPRING","MD","20904","MCPD","Government Building","I","3I1","148","1000",,"MILESTONE",,"DR","39.04565","-76.992","3D","    (39.0457, -76.992)"
"201591202","2308","260040871",,"09/14/2026 08:43:00 PM",,"23D","1","Crime Against Property","Theft from Building","LARCENY - FROM BLDG","MONTGOMERY VILLAGE","9600 BLK  LOST KNIFE RD","GAITHERSBURG","MD","20877","MCPD","Restaurant","R","6R1","505","9600",,"LOST KNIFE",,"RD","39.15237","-77.1983","6D","    (39.1524, -77.1983)"
"201590924","2305","260040501","09/15/2026 02:03:43 PM","09/14/2026 08:30:00 PM","09/15/2026 11:00:00 AM","23F","1","Crime Against Property","Theft From Motor Vehicle","LARCENY - FROM AUTO","BETHESDA","1900 BLK  ROSEMARY HILLS DR","SILVER SPRING","MD","20910","MCPD","Parking Lot - Residential","D","2D1","086","1900",,"ROSEMARY HILLS",,"DR","38.9977","-77.0419","2D","    (38.9977, -77.0419)"
"201590883","2303","260040338","09/14/2026 08:29:34 PM","09/14/2026 08:29:00 PM",,"23C","1","Crime Against Property","Shoplifting","LARCENY - SHOPLIFTING","ROCKVILLE","1500 BLK  ROCKVILLE PIK","ROCKVILLE","MD","20852","MCPD","Retail - Drug Store/Pharmacy","A","1A2","273","1500",,"ROCKVILLE",,"PIK","39.06511","-77.1266","1D","    (39.0651, -77.1266)"
"201590762","2303","260040342","09/14/2026 08:27:39 PM","09/14/2026 08:27:00 PM",,"23C","1","Crime Against Property","Shoplifting","LARCENY - SHOPLIFTING","GERMANTOWN","12800 BLK  WISTERIA DR","GERMANTOWN","MD","20874","MCPD","Retail - Drug Store/Pharmacy","N","5N1","447","12800",,"WISTERIA",,"DR","39.1761","-77.2687","5D","    (39.1761, -77.2687)"
"201591043","2305","260040633","09/16/2026 03:02:45 PM","09/14/2026 08:00:00 PM","09/15/2026 09:00:00 AM","23F","1","Crime Against Property","Theft From Motor Vehicle","LARCENY - FROM AUTO","GERMANTOWN","19100 BLK  HIGHSTREAM DR","GERMANTOWN","MD","20874","MCPD","Parking Lot - Residential","N","5N2","596","19100",,"HIGHSTREAM",,"DR","39.17205","-77.2866","5D","    (39.172, -77.2866)"
"201590784","9107","260040357","09/14/2026 11:05:14 PM","09/14/2026 08:00:00 PM","09/14/2026 11:00:00 PM","90Z","1","Crime Against Society","All Other Offenses","MISSING PERSON","SILVER SPRING","8600 BLK  CARROLL AVE","SILVER SPRING","MD","20903","MCPD","Residence - Apartment/Condo","G","3G3","131","8600",,"CARROLL",,"AVE","38.99559","-76.9922","3D","    (38.9956, -76.9922)"
"201590872","3532","260040327","09/14/2026 07:48:29 PM","09/14/2026 07:48:00 PM",,"35A","1","Crime Against Society","Drug/Narcotic Violations","DRUGS - COCAINE - POSSESS","ROCKVILLE","1500 BLK  ROCKVILLE PIK","ROCKVILLE","MD","20852","MCPD","Retail - Drug Store/Pharmacy","A","1A2","273","1500",,"ROCKVILLE",,"PIK","39.06511","-77.1266","1D","    (39.0651, -77.1266)"
"201590872","2303","260040327","09/14/2026 07:48:29 PM","09/14/2026 07:48:00 PM",,"23C","1","Crime Against Property","Shoplifting","LARCENY - SHOPLIFTING","ROCKVILLE","1500 BLK  ROCKVILLE PIK","ROCKVILLE","MD","20852","MCPD","Retail - Drug Store/Pharmacy","A","1A2","273","1500",,"ROCKVILLE",,"PIK","39.06511","-77.1266","1D","    (39.0651, -77.1266)"
"201590749","2901","260040333","09/14/2026 07:46:02 PM","09/14/2026 07:46:00 PM",,"290","1","Crime Against Property","Destruction/Damage/Vandalism of Property","DAMAGE PROPERTY - BUSINESS","GERMANTOWN","13000 BLK  MIDDLEBROOK RD","GERMANTOWN","MD","20874","MCPD","Retail - Drug Store/Pharmacy","N","5N1","702","13000",,"MIDDLEBROOK",,"RD","39.18138","-77.2695","5D","    (39.1814, -77.2695)"
"201590759","9199","260040334","09/14/2026 07:32:25 PM","09/14/2026 07:32:00 PM",,"90Z","1","Crime Against Society","All Other Offenses","POLICE INFORMATION","GERMANTOWN","22300 BLK  HONEY HILL LA","CLARKSBURG","MD","20871","MCPD","Street - Residential","M","5M3","600","22300",,"HONEY HILL",,"LA","39.22281","-77.2478","5D","    (39.2228, -77.2478)"
"201590772","9061","260040326","09/14/2026 07:33:00 PM","09/14/2026 07:30:00 PM","09/14/2026 08:40:00 PM","90Z","1","Crime Against Society","All Other Offenses","FUGITIVE FROM MD JURISDICTION","ROCKVILLE","400 BLK  HUNGERFORD DR","ROCKVILLE","MD","20850","RCPD","Retail - Drug Store/Pharmacy","A","1A1","277","400",,"HUNGERFORD",,"DR","39.08823","-77.1508","1D","    (39.0882, -77.1508)"
"201590934","2902","260040526","09/15/2026 07:57:01 PM","09/14/2026 07:29:00 PM","09/14/2026 12:00:00 AM","290","1","Crime Against Property","Destruction/Damage/Vandalism of Property","DAMAGE PROPERTY - PRIVATE","ROCKVILLE","500 BLK  COLLEGE PKW","ROCKVILLE","MD","20850","RCPD","Residence -Townhouse/Duplex","A","1A1","692","500",,"COLLEGE",,"PKW","39.10181","-77.1596","1D","    (39.1018, -77.1596)"
"201590932","5707","260040499","09/15/2026 06:12:20 PM","09/14/2026 07:20:00 PM","09/14/2026 07:45:00 PM","90J","1","Crime Against Society","Trespass of Real Property","TRESPASSING","ROCKVILLE","400 BLK  HUNGERFORD DR","ROCKVILLE","MD","20850","RCPD","Retail - Drug Store/Pharmacy","A","1A1","277","400",,"HUNGERFORD",,"DR","39.08823","-77.1508","1D","    (39.0882, -77.1508)"
"201590870","2404","260040460","09/15/2026 02:42:03 PM","09/14/2026 07:00:00 PM","09/15/2026 01:00:00 PM","240","1","Crime Against Property","Motor Vehicle Theft","AUTO THEFT - VEHICLE THEFT","WHEATON","2300 BLK  GLENALLAN AVE","SILVER SPRING","MD","20906","MCPD","Parking Lot - Residential","L","4L3","368","2300",,"GLENALLAN",,"AVE","39.06236","-77.0479","4D","    (39.0624, -77.0479)"
"201591066","2305","260040463","09/15/2026 03:08:59 PM","09/14/2026 07:00:00 PM","09/15/2026 12:15:00 PM","23F","1","Crime Against Property","Theft From Motor Vehicle","LARCENY - FROM AUTO","WHEATON","14100 BLK  HEATHFIELD CT","ROCKVILLE","MD","20853","MCPD","Residence - Driveway","K","4K1","343","14100",,"HEATHFIELD",,"CT","39.08564","-77.0851","4D","    (39.0856, -77.0851)"
"201591032","2305","260040523","09/15/2026 06:53:57 PM","09/14/2026 07:00:00 PM","09/15/2026 06:30:00 AM","23F","1","Crime Against Property","Theft From Motor Vehicle","LARCENY - FROM AUTO","WHEATON","14100 BLK  HEATHFIELD CT","ROCKVILLE","MD","20853","MCPD","Residence - Driveway","K","4K1","343","14100",,"HEATHFIELD",,"CT","39.08564","-77.0851","4D","    (39.0856, -77.0851)"
"201590760","2303","260040330","09/14/2026 07:37:47 PM","09/14/2026 06:41:00 PM","09/14/2026 06:57:00 PM","23C","1","Crime Against Property","Shoplifting","LARCENY - SHOPLIFTING","GERMANTOWN","20900 BLK  FREDERICK RD","GERMANTOWN","MD","20876","MCPD","Retail - Clothing","M","5M1","701","20900",,"FREDERICK",,"RD","39.19829","-77.2448","5D","    (39.1983, -77.2448)"
"201590802","2404","260040374","09/15/2026 06:56:21 AM","09/14/2026 06:40:00 PM","09/15/2026 05:45:00 AM","240","1","Crime Against Property","Motor Vehicle Theft","AUTO THEFT - VEHICLE THEFT","SILVER SPRING","100 BLK  AMES RD","SILVER SPRING","MD","20903","MCPD","Parking Lot - Residential","I","3I3","137","100",,"AMES",,"RD","0.0","0.0","3D","    (0.0, 0.0)"
"201590742","9199","260040311","09/14/2026 06:01:40 PM","09/14/2026 06:01:00 PM",,"90Z","1","Crime Against Society","All Other Offenses","POLICE INFORMATION","SILVER SPRING","1000 BLK  MILESTONE DR","SILVER SPRING","MD","20904","MCPD","Residence - Other","I","3I1","148","1000",,"MILESTONE",,"DR","39.04565","-76.992","3D","    (39.0457, -76.992)"
"201590758","9105","260040340",,"09/14/2026 06:00:00 PM","09/14/2026 08:00:00 PM","90Z","1","Crime Against Society","All Other Offenses","LOST PROPERTY","WHEATON","12500 BLK  GEORGIA AVE","SILVER SPRING","MD","20906","MCPD","Air/Bus/Train/Metro Terminal","L","4L3","351","12500",,"GEORGIA",,"AVE","0.0","0.0","4D","    (0.0, 0.0)"
"201590754","9108","260040316",,"09/14/2026 06:00:00 PM","09/14/2026 07:00:00 PM","90Z","1","Crime Against Society","All Other Offenses","RECOVERED PROPERTY - MONT CO.","MONTGOMERY VILLAGE","200 BLK  PARAMOUNT PARK DR","GAITHERSBURG","MD","20879","MCPD","Residence -Townhouse/Duplex","P","6P2","425","200",,"PARAMOUNT PARK",,"DR","39.15876","-77.2224","6D","    (39.1588, -77.2224)"
"201590912","2304","260040525","09/15/2026 08:07:01 PM","09/14/2026 06:00:00 PM","09/15/2026 05:30:00 AM","23G","1","Crime Against Property","Theft of Motor Vehicle Parts or Accessories","LARCENY - AUTO PARTS","SILVER SPRING","11400 BLK  LOCKWOOD DR","SILVER SPRING","MD","20904","MCPD","Parking Lot - Residential","I","3I1","145","11400",,"LOCKWOOD",,"DR","39.04098","-76.9876","3D","    (39.041, -76.9876)"
"201590766","9199","260040314","09/14/2026 05:52:52 PM","09/14/2026 05:52:00 PM",,"90Z","1","Crime Against Society","All Other Offenses","POLICE INFORMATION","SILVER SPRING","10100 BLK  NEW HAMPSHIRE AVE","SILVER SPRING","MD","20903","MCPD","Restaurant","I","3I3","140","10100",,"NEW HAMPSHIRE",,"AVE","39.02039","-76.9766","3D","    (39.0204, -76.9766)"
"201590743","9021","260040317","09/14/2026 05:42:27 PM","09/14/2026 05:42:00 PM",,"90I","1","Crime Against Not a Crime","Runaway","JUVENILE - RUNAWAY","ROCKVILLE","12900 BLK  CROOKSTON LA","ROCKVILLE","MD","20851","MCPD","Residence - Apartment/Condo","A","1A2","301","12900",,"CROOKSTON",,"LA","39.06765","-77.1124","1D","    (39.0677, -77.1124)"
"201590741","2902","260040313","09/14/2026 05:34:24 PM","09/14/2026 05:34:00 PM",,"290","1","Crime Against Property","Destruction/Damage/Vandalism of Property","DAMAGE PROPERTY - PRIVATE","SILVER SPRING","8200 BLK  GEORGIA AVE","SILVER SPRING","MD","20910","MCPD","Street - Commercial","G","3G1","094","8200",,"GEORGIA",,"AVE","38.99163","-77.0266","3D","    (38.9916, -77.0266)"
"201590886","1399","260040441","09/15/2026 12:58:34 PM","09/14/2026 05:00:00 PM","09/15/2026 07:00:00 AM","13B","1","Crime Against Person","Simple Assault","ASSAULT - 2ND DEGREE","BETHESDA","9100 BLK  OLD GEORGETOWN RD","BETHESDA","MD","20814","MCPD","Other/Unknown","E","2E1","071","9100",,"OLD GEORGETOWN",,"RD","39.00454","-77.1106","2D","    (39.0045, -77.1106)"
"201590775","9113","260040318","09/14/2026 04:59:02 PM","09/14/2026 04:59:00 PM",,"90Z","1","Crime Against Society","All Other Offenses","MENTAL ILLNESS - EMERGENCY PETITION","SILVER SPRING","8000 BLK  13TH ST","SILVER SPRING","MD","20910","MCPD","Hotel/Motel/Etc.","G","3G1","090","8000",,"13TH",,"ST","0.0","0.0","3D","    (0.0, 0.0)"
"201590869","2303","260040306","09/14/2026 04:45:45 PM","09/14/2026 04:45:00 PM",,"23C","1","Crime Against Property","Shoplifting","LARCENY - SHOPLIFTING","TAKOMA PARK","6800 BLK  NEW HAMPSHIRE AVE","TAKOMA PARK","MD","20912","TPPD","Retail - Appliances/Electronics","T","8T3","808","6800",,"NEW HAMPSHIRE",,"AVE","38.97297","-76.9968","TPPD","    (38.973, -76.9968)"
"201590849","2304","260040442","09/15/2026 01:12:49 PM","09/14/2026 04:45:00 PM","09/14/2026 05:00:00 PM","23G","1","Crime Against Property","Theft of Motor Vehicle Parts or Accessories","LARCENY - AUTO PARTS","WHEATON","11500 BLK  GEORGIA AVE","SILVER SPRING","MD","20902","MCPD","Auto Repair","L","4L1","326","11500",,"GEORGIA",,"AVE","0.0","0.0","4D","    (0.0, 0.0)"
"201590778","2699","260040305","09/14/2026 04:32:42 PM","09/14/2026 04:32:00 PM",,"26A","1","Crime Against Property","False Pretenses/Swindle/Confidence Game","FRAUD (DESCRIBE OFFENSE)","SILVER SPRING","8100 BLK  GREENWOOD AVE","TAKOMA PARK","MD","20912","MCPD","Other/Unknown","G","3G3","129","8100",,"GREENWOOD",,"AVE","38.99046","-76.9998","3D","    (38.9905, -76.9998)"
"201590733","9105","260040296",,"09/14/2026 04:31:00 PM",,"90Z","1","Crime Against Society","All Other Offenses","LOST PROPERTY","BETHESDA","9000 BLK  OLD GEORGETOWN RD","BETHESDA","MD","20892","MCPD","Street - Other","E","2E1","073","9000",,"OLD GEORGETOWN",,"RD","39.0017","-77.1097","2D","    (39.0017, -77.1097)"
"201590755","5404","260040308","09/14/2026 04:28:49 PM","09/14/2026 04:28:00 PM",,"90D","1","Crime Against Society","Driving Under the Influence","DRIVING UNDER THE INFLUENCE LIQUOR","WHEATON",,"SILVER SPRING","MD","20902","MCPD","Street - Commercial","L","4L2","355",,,"UNIVERSITY",,"BLV","38.98874","-76.9875","4D","    (38.9887, -76.9875)"
"201590755","3806","260040308","09/14/2026 04:28:49 PM","09/14/2026 04:28:00 PM",,"90F","1","Crime Against Society","Family Offenses, NonViolent","FAMILY OFFENSE - NEGLECT CHILD (INCLUDES NONSUPPOR","WHEATON",,"SILVER SPRING","MD","20902","MCPD","Street - Commercial","L","4L2","355",,,"UNIVERSITY",,"BLV","38.98874","-76.9875","4D","    (38.9887, -76.9875)"
"201590755","1399","260040308","09/14/2026 04:28:49 PM","09/14/2026 04:28:00 PM",,"13B","1","Crime Against Person","Simple Assault","ASSAULT - 2ND DEGREE","WHEATON",,"SILVER SPRING","MD","20902","MCPD","Street - Commercial","L","4L2","355",,,"UNIVERSITY",,"BLV","38.98874","-76.9875","4D","    (38.9887, -76.9875)"
"201590764","2303","260040300","09/14/2026 04:15:47 PM","09/14/2026 04:15:00 PM",,"23C","1","Crime Against Property","Shoplifting","LARCENY - SHOPLIFTING","WHEATON","11100 BLK  VEIRS MILL RD","SILVER SPRING","MD","20902","MCPD","Retail - Mall","L","4L2","321","11100",,"VEIRS MILL",,"RD","39.03756","-77.0519","4D","    (39.0376, -77.0519)"
"201591259","2305","260040954","09/18/2026 11:30:31 AM","09/14/2026 04:00:00 PM","09/17/2026 07:00:00 AM","23F","1","Crime Against Property","Theft From Motor Vehicle","LARCENY - FROM AUTO","BETHESDA","7300 BLK  WAVERLY ST","BETHESDA","MD","20814","MCPD","Parking Garage - Commercial","D","2D2","034","7300",,"WAVERLY",,"ST","38.98274","-77.0933","2D","    (38.9827, -77.0933)"
"201590735","2610","260040293","09/14/2026 03:54:56 PM","09/14/2026 03:54:00 PM",,"26F","1","Crime Against Property","Identity Theft","IDENTITY THEFT","GERMANTOWN","23200 BLK  STRINGTOWN RD","CLARKSBURG","MD","20871","MCPD","Bank - ATM","M","5M3","476","23200",,"STRINGTOWN",,"RD","39.23749","-77.2779","5D","    (39.2375, -77.2779)"
"201590739","9107","260040301","09/14/2026 03:54:06 PM","09/14/2026 03:54:00 PM",,"90Z","1","Crime Against Society","All Other Offenses","MISSING PERSON","MONTGOMERY VILLAGE","15000 BLK  BROSCHART RD","ROCKVILLE","MD","20850","MCPD","School - Elementary/Secondary","P","6P1","721","15000",,"BROSCHART",,"RD","39.10179","-77.2003","6D","    (39.1018, -77.2003)"
"201590777","2304","260040350","09/14/2026 10:09:36 PM","09/14/2026 03:40:00 PM","09/14/2026 09:30:00 PM","23G","1","Crime Against Property","Theft of Motor Vehicle Parts or Accessories","LARCENY - AUTO PARTS","MONTGOMERY VILLAGE","100 BLK  CROWN PARK AVE","GAITHERSBURG","MD","20878","MCPD","Parking Garage - Commercial","P","6P1","441","100",,"CROWN PARK",,"AVE","39.11511","-77.2066","6D","    (39.1151, -77.2066)"
"201590750","1399","260040289","09/14/2026 03:40:49 PM","09/14/2026 03:40:00 PM",,"13B","1","Crime Against Person","Simple Assault","ASSAULT - 2ND DEGREE","WHEATON","12500 BLK  BUSHEY DR","SILVER SPRING","MD","20906","MCPD","Residence - Single Family","L","4L3","333","12500",,"BUSHEY",,"DR","0.0","0.0","4D","    (0.0, 0.0)"
"201590738","1399","260040292","09/14/2026 03:39:27 PM","09/14/2026 03:39:00 PM",,"13B","1","Crime Against Person","Simple Assault","ASSAULT - 2ND DEGREE","GERMANTOWN","13400 BLK  WISTERIA DR","GERMANTOWN","MD","20874","MCPD","Street - Residential","N","5N1","465","13400",,"WISTERIA",,"DR","39.18195","-77.2787","5D","    (39.182, -77.2787)"
"201590731","9105","260040287","09/14/2026 03:34:29 PM","09/14/2026 03:34:00 PM",,"90Z","1","Crime Against Society","All Other Offenses","LOST PROPERTY","MONTGOMERY VILLAGE","8700 BLK  SNOUFFER SCHOOL RD","GAITHERSBURG","MD","20879","MCPD","Park","R","6R3","421","8700",,"SNOUFFER SCHOOL",,"RD","39.17121","-77.1779","6D","    (39.1712, -77.1779)"
"201590732","2902","260040291","09/14/2026 03:40:07 PM","09/14/2026 03:30:00 PM",,"290","1","Crime Against Property","Destruction/Damage/Vandalism of Property","DAMAGE PROPERTY - PRIVATE","BETHESDA",,"BETHESDA","MD","20817","MCPD","Street - In vehicle","E","2E2","061",,,"MAC ARTHUR",,"BLV","38.97818","-77.1998","2D","    (38.9782, -77.1998)"
"201590748","1399","260040320","09/14/2026 06:41:55 PM","09/14/2026 03:18:00 PM","09/14/2026 03:38:00 PM","13B","1","Crime Against Person","Simple Assault","ASSAULT - 2ND DEGREE","BETHESDA","7100 BLK  DEMOCRACY BLV","BETHESDA","MD","20817","MCPD","Retail - Mall","E","2E2","204","7100",,"DEMOCRACY",,"BLV","39.02202","-77.1473","2D","    (39.022, -77.1473)"
"201590820","2999","260040384","09/15/2026 07:51:41 AM","09/14/2026 03:00:00 PM","09/15/2026 07:45:00 AM","290","1","Crime Against Property","Destruction/Damage/Vandalism of Property","DAMAGE PROPERTY (DESCRIBE OFFENSE)","TAKOMA PARK","6400 BLK  5TH AVE","TAKOMA PARK","MD","20912","TPPD","Street - Residential","T","8T1","802","6400",,"5TH",,"AVE","0.0","0.0","TPPD","    (0.0, 0.0)"
"201590817","9099","260040276","09/14/2026 02:54:32 PM","09/14/2026 02:54:00 PM",,"90Z","1","Crime Against Society","All Other Offenses","ALL OTHER OFFENSES","GERMANTOWN","22400 BLK  BRICK HAVEN WAY","CLARKSBURG","MD","20871","MCPD","School - Elementary/Secondary","M","5M3","598","22400",,"BRICK HAVEN",,"WAY","39.22071","-77.263","5D","    (39.2207, -77.263)"
"201590781","2501","260040283","09/14/2026 02:46:09 PM","09/14/2026 02:46:00 PM",,"250","1","Crime Against Property","Counterfeiting/Forgery","FORGERY OF CHECKS","WHEATON","1500 BLK  CONSTANCE ST","SILVER SPRING","MD","20902","MCPD","Other/Unknown","L","4L2","357","1500",,"CONSTANCE",,"ST","39.03741","-77.0353","4D","    (39.0374, -77.0353)"
"201590727","1399","260040280","09/14/2026 02:46:18 PM","09/14/2026 02:46:00 PM",,"13B","1","Crime Against Person","Simple Assault","ASSAULT - 2ND DEGREE","GERMANTOWN","19500 BLK  WHITE SADDLE DR","GERMANTOWN","MD","20874","MCPD","Street - Bus Stop","N","5N1","595","19500",,"WHITE SADDLE",,"DR","39.1751","-77.2592","5D","    (39.1751, -77.2592)"
"201590812","2303","260040277","09/14/2026 02:32:58 PM","09/14/2026 02:32:00 PM",,"23C","1","Crime Against Property","Shoplifting","LARCENY - SHOPLIFTING","WHEATON","11100 BLK  VEIRS MILL RD","SILVER SPRING","MD","20902","MCPD","Retail - Mall","L","4L2","321","11100",,"VEIRS MILL",,"RD","39.03756","-77.0519","4D","    (39.0376, -77.0519)"
"201590868","2305","260040379","09/15/2026 06:59:49 AM","09/14/2026 02:22:00 PM","09/15/2026 06:30:00 AM","23F","1","Crime Against Property","Theft From Motor Vehicle","LARCENY - FROM AUTO","TAKOMA PARK","6500 BLK  COCKERILLE AVE","TAKOMA PARK","MD","20912","TPPD","Parking Lot - Residential","T","8T1","802","6500",,"COCKERILLE",,"AVE","38.97009","-77.0025","TPPD","    (38.9701, -77.0025)"
"201590714","9199","260038143",,"09/14/2026 02:20:00 PM",,"90Z","1","Crime Against Society","All Other Offenses","POLICE INFORMATION","WHEATON","2300 BLK  GLENMONT CIR","SILVER SPRING","MD","20902","MCPD","Park","L","4L1","366","2300",,"GLENMONT",,"CIR","39.05671","-77.0488","4D","    (39.0567, -77.0488)"
"201590734","2610","260040271","09/14/2026 02:08:50 PM","09/14/2026 02:08:00 PM",,"26F","1","Crime Against Property","Identity Theft","IDENTITY THEFT","TAKOMA PARK","8000 BLK  WILDWOOD DR","TAKOMA PARK","MD","20912","TPPD","Other/Unknown","T","8T3","806","8000",,"WILDWOOD",,"DR","38.98908","-76.9925","TPPD","    (38.9891, -76.9925)"
"201590745","9199","260040303","09/14/2026 02:08:12 PM","09/14/2026 02:08:00 PM",,"90Z","1","Crime Against Society","All Other Offenses","POLICE INFORMATION","WHEATON","11100 BLK  VEIRS MILL RD","SILVER SPRING","MD","20902","MCPD","Street - Commercial","L","4L2","321","11100",,"VEIRS MILL",,"RD","39.03756","-77.0519","4D","    (39.0376, -77.0519)"
"201590822","5299","260040262","09/14/2026 02:02:40 PM","09/14/2026 02:02:00 PM",,"520","1","Crime Against Society","Weapon Law Violations","WEAPON OFFENSE (DESCRIBE OFFENSE)","GERMANTOWN","22500 BLK  WIMS RD","CLARKSBURG","MD","20871","MCPD","School - Elementary/Secondary","M","5M3","598","22500",,"WIMS",,"RD","0.0","0.0","5D","    (0.0, 0.0)"
"201590720","9199","260040274","09/14/2026 01:56:53 PM","09/14/2026 01:56:00 PM",,"90Z","1","Crime Against Society","All Other Offenses","POLICE INFORMATION","WHEATON",,"BROOKEVILLE","MD","20833","MCPD","Street - Commercial","K","4K3","540",,,"GEORGIA",,"AVE","39.10125","-77.0769","4D","    (39.1013, -77.0769)"
"201590853","9199","260040264","09/14/2026 01:54:16 PM","09/14/2026 01:54:00 PM",,"90Z","1","Crime Against Society","All Other Offenses","POLICE INFORMATION","MONTGOMERY VILLAGE","7300 BLK  HADLEY FARMS DR","GAITHERSBURG","MD","20879","MCSO","School - Elementary/Secondary","R","6R3","421","7300",,"HADLEY FARMS",,"DR","39.17998","-77.1504","6D","    (39.18, -77.1504)"
"201590726","9199","260040267","09/14/2026 01:50:40 PM","09/14/2026 01:46:00 PM",,"90Z","1","Crime Against Society","All Other Offenses","POLICE INFORMATION","GERMANTOWN","12800 BLK  KITCHEN HOUSE WAY","GERMANTOWN","MD","20874","MCPD","Residence -Townhouse/Duplex","N","5N2","448","12800",,"KITCHEN HOUSE",,"WAY","39.15098","-77.266","5D","    (39.151, -77.266)"
"201590747","9042","260040270","09/14/2026 01:46:12 PM","09/14/2026 01:45:00 PM",,"90Z","1","Crime Against Society","All Other Offenses","SUICIDE - ATTEMPT","GERMANTOWN","10900 BLK  MIDDLEBORO DR","DAMASCUS","MD","20872","MCPD","Residence - Single Family","M","5M2","606","10900",,"MIDDLEBORO",,"DR","39.26256","-77.2269","5D","    (39.2626, -77.2269)"
"201590707","9199","260040257",,"09/14/2026 01:44:00 PM",,"90Z","1","Crime Against Society","All Other Offenses","POLICE INFORMATION","MONTGOMERY VILLAGE","1  BLK S SUMMIT AVE","GAITHERSBURG","MD","20877","GPD","Government Building","P","6P3","431","1","S","SUMMIT",,"AVE","39.14219","-77.1933","6D","    (39.1422, -77.1933)"
"201590851","9199","260040261","09/14/2026 01:04:37 PM","09/14/2026 01:04:00 PM",,"90Z","1","Crime Against Society","All Other Offenses","POLICE INFORMATION","MONTGOMERY VILLAGE","8100 BLK  MIDCOUNTY HWY","GAITHERSBURG","MD","20877","MCSO","School - Elementary/Secondary","P","6P3","551","8100",,"MIDCOUNTY",,"HWY","39.14437","-77.1631","6D","    (39.1444, -77.1631)"
"201590761","2303","260040294","09/14/2026 04:04:48 PM","09/14/2026 01:00:00 PM","09/14/2026 02:00:00 PM","23C","1","Crime Against Property","Shoplifting","LARCENY - SHOPLIFTING","BETHESDA","10300 BLK  OLD GEORGETOWN RD","BETHESDA","MD","20814","MCPD","Retail - Clothing","E","2E1","191","10300",,"OLD GEORGETOWN",,"RD","39.02404","-77.1248","2D","    (39.024, -77.1248)"
"201590835","1399","260040265","09/14/2026 01:42:58 PM","09/14/2026 01:00:00 PM",,"13B","1","Crime Against Person","Simple Assault","ASSAULT - 2ND DEGREE","MONTGOMERY VILLAGE","19400 BLK  BRASSIE PL","MONTGOMERY VILLAGE","MD","20886","MCPD","Residence - Apartment/Condo","R","6R2","544","19400",,"BRASSIE",,"PL","39.17418","-77.2022","6D","    (39.1742, -77.2022)"
"201590706","2303","260040254","09/14/2026 12:31:13 PM","09/14/2026 12:31:00 PM",,"23C","1","Crime Against Property","Shoplifting","LARCENY - SHOPLIFTING","WHEATON","11100 BLK  VEIRS MILL RD","SILVER SPRING","MD","20902","MCPD","Retail - Mall","L","4L2","321","11100",,"VEIRS MILL",,"RD","39.03756","-77.0519","4D","    (39.0376, -77.0519)"
"201590706","3550","260040254","09/14/2026 12:31:13 PM","09/14/2026 12:31:00 PM",,"35B","1","Crime Against Society","Drug Equipment Violations","DRUGS - NARCOTIC EQUIP - POSSESS","WHEATON","11100 BLK  VEIRS MILL RD","SILVER SPRING","MD","20902","MCPD","Retail - Mall","L","4L2","321","11100",,"VEIRS MILL",,"RD","39.03756","-77.0519","4D","    (39.0376, -77.0519)"
"201590706","3502","260040254","09/14/2026 12:31:13 PM","09/14/2026 12:31:00 PM",,"35A","1","Crime Against Society","Drug/Narcotic Violations","DRUGS - HALLUCINOGEN - DISTRIB","WHEATON","11100 BLK  VEIRS MILL RD","SILVER SPRING","MD","20902","MCPD","Retail - Mall","L","4L2","321","11100",,"VEIRS MILL",,"RD","39.03756","-77.0519","4D","    (39.0376, -77.0519)"
"201590848","2303","260040436","09/15/2026 12:47:20 PM","09/14/2026 12:27:00 PM","09/14/2026 12:31:00 PM","23C","1","Crime Against Property","Shoplifting","LARCENY - SHOPLIFTING","BETHESDA","11800 BLK  GRAND PARK AVE","ROCKVILLE","MD","20852","MCPD","Retail - Department/Discount Store","E","2E1","188","11800",,"GRAND PARK",,"AVE","39.049","-77.1169","2D","    (39.049, -77.1169)"
"201590753","5016","260040253","09/14/2026 12:20:58 PM","09/14/2026 12:16:00 PM",,"90Z","1","Crime Against Society","All Other Offenses","OBSTRUCT GOVT - VIOLATION OF A COURT ORDER","GERMANTOWN","24100 BLK  CLUB VIEW DR","GAITHERSBURG","MD","20882","MCPD","Residence - Single Family","M","5M2","620","24100",,"CLUB VIEW",,"DR","39.25303","-77.2004","5D","    (39.253, -77.2004)"
"201590719","2999","260040258","09/14/2026 01:16:51 PM","09/14/2026 12:05:00 PM","09/14/2026 12:20:00 PM","290","1","Crime Against Property","Destruction/Damage/Vandalism of Property","DAMAGE PROPERTY (DESCRIBE OFFENSE)","SILVER SPRING","8400 BLK  GEORGIA AVE","SILVER SPRING","MD","20910","MCPD","Bank/S&L/Credit Union","G","3G1","670","8400",,"GEORGIA",,"AVE","38.99349","-77.0267","3D","    (38.9935, -77.0267)"
"201590696","9108","260040246","09/14/2026 12:05:43 PM","09/14/2026 12:05:00 PM",,"90Z","1","Crime Against Society","All Other Offenses","RECOVERED PROPERTY - MONT CO.","WHEATON","3300 BLK  MEGANS WAY","OLNEY","MD","20832","MCPD","Residence - Single Family","K","4K3","642","3300",,"MEGANS",,"WAY","0.0","0.0","4D","    (0.0, 0.0)"
"201590804","3562","260040260","09/14/2026 01:09:40 PM","09/14/2026 12:00:00 PM","09/14/2026 01:09:00 PM","35A","1","Crime Against Society","Drug/Narcotic Violations","DRUGS - MARIJUANA - POSSESS","WHEATON","11100 BLK  NEWPORT MILL RD","KENSINGTON","MD","20895","MCPD","School - Elementary/Secondary","L","4L2","318","11100",,"NEWPORT MILL",,"RD","39.03711","-77.0724","4D","    (39.0371, -77.0724)"
"201590713","2404","260040249","09/14/2026 11:51:17 AM","09/14/2026 11:51:00 AM",,"240","1","Crime Against Property","Motor Vehicle Theft","AUTO THEFT - VEHICLE THEFT","MONTGOMERY VILLAGE","1  BLK  SPRING ST","GAITHERSBURG","MD","20877","GPD","Residence -Townhouse/Duplex","P","6P1","430","1",,"SPRING",,"ST","39.13941","-77.2009","6D","    (39.1394, -77.2009)"
"201590713","2999","260040249","09/14/2026 11:51:17 AM","09/14/2026 11:51:00 AM",,"290","1","Crime Against Property","Destruction/Damage/Vandalism of Property","DAMAGE PROPERTY (DESCRIBE OFFENSE)","MONTGOMERY VILLAGE","1  BLK  SPRING ST","GAITHERSBURG","MD","20877","GPD","Residence -Townhouse/Duplex","P","6P1","430","1",,"SPRING",,"ST","39.13941","-77.2009","6D","    (39.1394, -77.2009)"
"201590891","9113","260040256","09/14/2026 11:44:54 AM","09/14/2026 11:44:00 AM",,"90Z","1","Crime Against Society","All Other Offenses","MENTAL ILLNESS - EMERGENCY PETITION","WHEATON",,"SILVER SPRING","MD","20902","MCPD","Residence - Yard","L","4L1","326",,,"LEESBOROUGH",,"DR","39.04562","-77.0512","4D","    (39.0456, -77.0512)"
"201590763","9021","260040339","09/14/2026 08:38:50 PM","09/14/2026 11:30:00 AM",,"90I","1","Crime Against Not a Crime","Runaway","JUVENILE - RUNAWAY","ROCKVILLE","600 BLK  MARYLAND AVE","ROCKVILLE","MD","20850","RCPD","Residence - Single Family","A","1A2","257","600",,"MARYLAND",,"AVE","39.07755","-77.159","1D","    (39.0776, -77.159)"
"201590699","2303","260040241","09/14/2026 11:10:18 AM","09/14/2026 11:10:00 AM",,"23C","1","Crime Against Property","Shoplifting","LARCENY - SHOPLIFTING","GERMANTOWN","20900 BLK  FREDERICK RD","GERMANTOWN","MD","20876","MCPD","Retail - Department/Discount Store","M","5M1","701","20900",,"FREDERICK",,"RD","39.19829","-77.2448","5D","    (39.1983, -77.2448)"
"201590700","1399","260040242","09/14/2026 11:08:19 AM","09/14/2026 11:08:00 AM",,"13B","1","Crime Against Person","Simple Assault","ASSAULT - 2ND DEGREE","WHEATON","14300 BLK  GEORGIA AVE","SILVER SPRING","MD","20906","MCPD","Residence - Apartment/Condo","K","4K1","534","14300",,"GEORGIA",,"AVE","0.0","0.0","4D","    (0.0, 0.0)"
"201590698","2902","260040245","09/14/2026 11:51:50 AM","09/14/2026 11:00:00 AM","09/14/2026 12:00:00 PM","290","1","Crime Against Property","Destruction/Damage/Vandalism of Property","DAMAGE PROPERTY - PRIVATE","MONTGOMERY VILLAGE","14900 BLK  BROSCHART RD","ROCKVILLE","MD","20850","MCPD","School - Elementary/Secondary","P","6P1","721","14900",,"BROSCHART",,"RD","39.10017","-77.2012","6D","    (39.1002, -77.2012)"
"201590709","9101","260040239","09/14/2026 10:46:06 AM","09/14/2026 10:46:00 AM",,"90Z","1","Crime Against Society","All Other Offenses","SUDDEN DEATH","SILVER SPRING","1300 BLK  APPLE AVE","SILVER SPRING","MD","20910","MCPD","Residence - Apartment/Condo","G","3G1","095","1300",,"APPLE",,"AVE","0.0","0.0","3D","    (0.0, 0.0)"
"201590957","2305","260040402","09/15/2026 09:43:47 AM","09/14/2026 10:00:00 AM","09/15/2026 09:00:00 AM","23F","1","Crime Against Property","Theft From Motor Vehicle","LARCENY - FROM AUTO","GERMANTOWN","19500 BLK  CRYSTAL ROCK DR","GERMANTOWN","MD","20874","MCPD","Parking Lot - Residential","N","5N1","595","19500",,"CRYSTAL ROCK",,"DR","39.17692","-77.2643","5D","    (39.1769, -77.2643)"
"201590684","2999","260040224","09/14/2026 09:46:01 AM","09/14/2026 09:36:00 AM","09/14/2026 09:42:00 AM","290","1","Crime Against Property","Destruction/Damage/Vandalism of Property","DAMAGE PROPERTY (DESCRIBE OFFENSE)","ROCKVILLE","600 BLK  LOFSTRAND LA","ROCKVILLE","MD","20850","RCPD","Retail - Other","A","1A1","287","600",,"LOFSTRAND",,"LA","39.09397","-77.1411","1D","    (39.094, -77.1411)"
"201590688","1313","260040231","09/14/2026 10:10:31 AM","09/14/2026 09:30:00 AM","09/14/2026 10:10:00 AM","13B","1","Crime Against Person","Simple Assault","ASSAULT - SIMPLE","ROCKVILLE","400 BLK  COLLEGE PKW","ROCKVILLE","MD","20850","RCPD","Residence - Apartment/Condo","A","1A1","692","400",,"COLLEGE",,"PKW","39.10226","-77.1582","1D","    (39.1023, -77.1582)"
"201590681","9105","260040215",,"09/14/2026 09:27:00 AM",,"90Z","1","Crime Against Society","All Other Offenses","LOST PROPERTY","ROCKVILLE","1100 BLK  FORTUNE TER","POTOMAC","MD","20854","GPD","Residence - Single Family","B","1B1","228","1100",,"FORTUNE",,"TER","39.06227","-77.1589","1D","    (39.0623, -77.1589)"
"201591135","2204","260040778","09/17/2026 11:56:21 AM","09/14/2026 09:00:00 AM","09/14/2026 09:20:00 AM","220","1","Crime Against Property","Burglary/Breaking and Entering","BURGLARY - NO FORCED ENTRY-RESIDENTIAL","MONTGOMERY VILLAGE","100 BLK  GROVE AVE","WASHINGTON GROVE","MD","20880","MCPD","Residence - Single Family","P","6P3","418","100",,"GROVE",,"AVE","0.0","0.0","6D","    (0.0, 0.0)"
"201590691","9021","260040211","09/14/2026 09:33:10 AM","09/14/2026 08:00:00 AM","09/14/2026 12:30:00 PM","90I","1","Crime Against Not a Crime","Runaway","JUVENILE - RUNAWAY","GERMANTOWN","25900 BLK  RIDGE RD","DAMASCUS","MD","20872","MCPD","School - Elementary/Secondary","M","5M2","615","25900",,"RIDGE",,"RD","0.0","0.0","5D","    (0.0, 0.0)"
"201590682","9108","260040209","09/14/2026 07:53:13 AM","09/14/2026 07:53:00 AM",,"90Z","1","Crime Against Society","All Other Offenses","RECOVERED PROPERTY - MONT CO.","BETHESDA","4900 BLK  BATTERY LA","BETHESDA","MD","20814","MCPD","Residence - Apartment/Condo","E","2E1","054","4900",,"BATTERY",,"LA","38.9925","-77.0992","2D","    (38.9925, -77.0992)"
"201590687","1399","260040201","09/14/2026 07:22:17 AM","09/14/2026 07:22:00 AM",,"13B","1","Crime Against Person","Simple Assault","ASSAULT - 2ND DEGREE","GERMANTOWN","19900 BLK  AIRCRAFT DR","GERMANTOWN","MD","20874","MCPD","Street - In vehicle","N","5N1","702","19900",,"AIRCRAFT",,"DR","39.18204","-77.2602","5D","    (39.182, -77.2602)"
"201591094","2902","260040724","09/17/2026 07:04:49 AM","09/14/2026 06:30:00 AM","09/17/2026 07:04:00 AM","290","1","Crime Against Property","Destruction/Damage/Vandalism of Property","DAMAGE PROPERTY - PRIVATE","TAKOMA PARK","1100 BLK  LINDEN AVE","TAKOMA PARK","MD","20912","TPPD","Street - Residential","T","8T3","808","1100",,"LINDEN",,"AVE","0.0","0.0","TPPD","    (0.0, 0.0)"
"201591106","2203","260040234","09/14/2026 10:04:22 AM","09/14/2026 06:18:00 AM",,"220","1","Crime Against Property","Burglary/Breaking and Entering","BURGLARY - FORCED ENTRY-NONRESIDENTIAL","SILVER SPRING","13600 BLK  ROBEY RD","SILVER SPRING","MD","20904","MCPD","School - Elementary/Secondary","I","3I2","380","13600",,"ROBEY",,"RD","0.0","0.0","3D","    (0.0, 0.0)"
"201590751","2999","260040324","09/14/2026 06:50:11 PM","09/14/2026 06:00:00 AM",,"290","1","Crime Against Property","Destruction/Damage/Vandalism of Property","DAMAGE PROPERTY (DESCRIBE OFFENSE)","GERMANTOWN","19000 BLK  BRONCO DR","GERMANTOWN","MD","20874","MCPD","Residence - Single Family","N","5N2","596","19000",,"BRONCO",,"DR","0.0","0.0","5D","    (0.0, 0.0)"
"201590661","9101","260040198","09/14/2026 03:23:12 AM","09/14/2026 03:23:00 AM",,"90Z","1","Crime Against Society","All Other Offenses","SUDDEN DEATH","GERMANTOWN","21400 BLK  DAVIS MILL RD","GERMANTOWN","MD","20876","MCPD","Residence - Single Family","M","5M1","624","21400",,"DAVIS MILL",,"RD","39.20692","-77.2181","5D","    (39.2069, -77.2181)"
"201590660","5311","260040197","09/14/2026 02:13:29 AM","09/14/2026 02:13:00 AM",,"90C","1","Crime Against Society","Disorderly Conduct","PUBLIC PEACE - DISORDERLY CONDUCT","GERMANTOWN",,"GERMANTOWN","MD","20874","MCPD","Street - Residential","N","5N2","596",,,"FATHER HURLEY",,"BLV","39.19508","-77.2681","5D","    (39.1951, -77.2681)"
"201590668","2404","260040199","09/14/2026 07:08:57 AM","09/14/2026 01:30:00 AM","09/14/2026 02:00:00 AM","240","1","Crime Against Property","Motor Vehicle Theft","AUTO THEFT - VEHICLE THEFT","MONTGOMERY VILLAGE","1000 BLK  WEST SIDE DR","GAITHERSBURG","MD","20878","MCPD","Street - Residential","P","6P1","550","1000",,"WEST SIDE",,"DR","39.12491","-77.2036","6D","    (39.1249, -77.2036)"
"201590662","1399","260040196","09/14/2026 01:13:17 AM","09/14/2026 01:13:00 AM",,"13B","1","Crime Against Person","Simple Assault","ASSAULT - 2ND DEGREE","SILVER SPRING","1  BLK  VETERANS PL","SILVER SPRING","MD","20910","MCPD","Park","G","3G1","671","1",,"VETERANS",,"PL","38.99791","-77.0246","3D","    (38.9979, -77.0246)"
"201590647","9199","260040190",,"09/14/2026 12:28:00 AM",,"90Z","1","Crime Against Society","All Other Offenses","POLICE INFORMATION","SILVER SPRING",,"SILVER SPRING","MD","20912","MCPD","Street - Residential","G","3G3","130",,,"GILBERT",,"ST","38.99784","-76.9958","3D","    (38.9978, -76.9958)"
"201590658","9199","260040195","09/14/2026 12:10:28 AM","09/14/2026 12:10:00 AM",,"90Z","1","Crime Against Society","All Other Offenses","POLICE INFORMATION","WHEATON","12100 BLK  DALEWOOD DR","SILVER SPRING","MD","20902","MCPD","Other/Unknown","L","4L1","331","12100",,"DALEWOOD",,"DR","39.05389","-77.0725","4D","    (39.0539, -77.0725)"
"201590652","5404","260040193","09/14/2026 12:09:29 AM","09/14/2026 12:09:00 AM",,"90D","1","Crime Against Society","Driving Under the Influence","DRIVING UNDER THE INFLUENCE LIQUOR","MONTGOMERY VILLAGE",,"GAITHERSBURG","MD","20879","GPD","Street - In vehicle","R","6R1","426",,,"RUSSELL",,"AVE","39.14854","-77.1995","6D","    (39.1485, -77.1995)"
"201590716","9106","260040268","09/14/2026 12:50:38 PM","09/14/2026 12:00:00 AM",,"90Z","1","Crime Against Society","All Other Offenses","MENTAL ILLNESS","ROCKVILLE","14300 BLK  STONEBRIDGE VIEW DR","GAITHERSBURG","MD","20878","MCPD","School - Elementary/Secondary","B","1B2","452","14300",,"STONEBRIDGE VIEW",,"DR","39.08918","-77.214","1D","    (39.0892, -77.214)"
"201590649","9042","260040186","09/13/2026 11:23:15 PM","09/13/2026 11:23:00 PM",,"90Z","1","Crime Against Society","All Other Offenses","SUICIDE - ATTEMPT","SILVER SPRING","9300 BLK  PINEY BRANCH RD","SILVER SPRING","MD","20903","MCPD","Residence - Apartment/Condo","G","3G3","133","9300",,"PINEY BRANCH",,"RD","39.00126","-76.9871","3D","    (39.0013, -76.9871)"
"201590896","1399","260040503",,"09/13/2026 11:00:00 PM",,"13B","1","Crime Against Person","Simple Assault","ASSAULT - 2ND DEGREE","GERMANTOWN",,"DAMASCUS","MD","20872","MCPD","Street - Other","M","5M2","484",,,"WOODFIELD",,"RD","39.15212","-77.1724","5D","    (39.1521, -77.1724)"
"201590646","1399","260040183","09/13/2026 10:29:04 PM","09/13/2026 10:29:00 PM",,"13B","1","Crime Against Person","Simple Assault","ASSAULT - 2ND DEGREE","GERMANTOWN","13000 BLK  MIDDLEBROOK RD","GERMANTOWN","MD","20874","MCPD","Bar/Night Club","N","5N1","702","13000",,"MIDDLEBROOK",,"RD","39.18138","-77.2695","5D","    (39.1814, -77.2695)"
"201590651","5318","260040184","09/13/2026 10:27:19 PM","09/13/2026 10:27:00 PM",,"90Z","1","Crime Against Society","All Other Offenses","VIOLATION OF EMERGENCY ORDER - OTHER","WHEATON","2300 BLK  GLENMONT CIR","SILVER SPRING","MD","20902","MCPD","Residence - Apartment/Condo","L","4L1","366","2300",,"GLENMONT",,"CIR","39.05671","-77.0488","4D","    (39.0567, -77.0488)"
"201590632","2999","260040161",,"09/13/2026 10:14:00 PM",,"290","1","Crime Against Property","Destruction/Damage/Vandalism of Property","DAMAGE PROPERTY (DESCRIBE OFFENSE)","WHEATON","3000 BLK  BEL PRE RD","SILVER SPRING","MD","20906","MCPD","Residence - Apartment/Condo","K","4K1","348","3000",,"BEL PRE",,"RD","39.09096","-77.061","4D","    (39.091, -77.061)"
"201590645","1399","260040180","09/13/2026 10:06:37 PM","09/13/2026 10:06:00 PM",,"13B","1","Crime Against Person","Simple Assault","ASSAULT - 2ND DEGREE","ROCKVILLE","16800 BLK  MALABAR ST","DERWOOD","MD","20855","MCPD","Residence - Single Family","A","1A1","414","16800",,"MALABAR",,"ST","39.13332","-77.1577","1D","    (39.1333, -77.1577)"
"201590998","2304","260040205","09/14/2026 07:51:58 AM","09/13/2026 10:00:00 PM","09/14/2026 06:30:00 AM","23G","1","Crime Against Property","Theft of Motor Vehicle Parts or Accessories","LARCENY - AUTO PARTS","WHEATON","3800 BLK  WENDY LA","SILVER SPRING","MD","20906","MCPD","Street - Residential","K","4K1","337","3800",,"WENDY",,"LA","0.0","0.0","4D","    (0.0, 0.0)"
"201590641","1303","260040182","09/13/2026 09:54:46 PM","09/13/2026 09:54:00 PM","09/13/2026 09:54:00 PM","13A","1","Crime Against Person","Aggravated Assault","ASSAULT - AGGRAVATED - FAMILY-STRONG-ARM","SILVER SPRING","13800 BLK  CASTLE BLV","SILVER SPRING","MD","20904","MCPD","Residence - Apartment/Condo","I","3I2","380","13800",,"CASTLE",,"BLV","0.0","0.0","3D","    (0.0, 0.0)"
"201590639","5707","260040179","09/13/2026 09:36:02 PM","09/13/2026 09:36:00 PM","09/13/2026 09:55:00 PM","90J","1","Crime Against Society","Trespass of Real Property","TRESPASSING","ROCKVILLE","100 BLK W EDMONSTON DR","ROCKVILLE","MD","20852","RCPD","Parking Lot - Commercial","A","1A2","263","100","W","EDMONSTON",,"DR","39.07362","-77.1368","1D","    (39.0736, -77.1368)"
"201590663","9056","260040176","09/13/2026 09:32:04 PM","09/13/2026 09:32:00 PM",,"26A","1","Crime Against Property","False Pretenses/Swindle/Confidence Game","FRAUD - FAILURE TO PAY","BETHESDA","7400 BLK  WISCONSIN AVE","BETHESDA","MD","20814","MCPD","Restaurant","D","2D2","033","7400",,"WISCONSIN",,"AVE","38.9836","-77.0938","2D","    (38.9836, -77.0938)"
"201590744","2399","260040178","09/13/2026 09:31:03 PM","09/13/2026 09:31:00 PM",,"23H","1","Crime Against Property","All other Larceny","LARCENY (DESCRIBE OFFENSE)","BETHESDA","5000 BLK  BRADLEY BLV","CHEVY CHASE","MD","20815","MCPD","Street - Residential","D","2D2","031","5000",,"BRADLEY",,"BLV","38.978","-77.0987","2D","    (38.978, -77.0987)"
"201590644","9113","260040185","09/13/2026 09:29:06 PM","09/13/2026 09:29:00 PM",,"90Z","1","Crime Against Society","All Other Offenses","MENTAL ILLNESS - EMERGENCY PETITION","MONTGOMERY VILLAGE","8300 BLK  MOUNTAIN ASH WAY","GAITHERSBURG","MD","20879","MCPD","Parking Lot - Residential","R","6R3","420","8300",,"MOUNTAIN ASH",,"WAY","39.16606","-77.1709","6D","    (39.1661, -77.1709)"
"201591422","5404","260040175",,"09/13/2026 09:09:00 PM","09/13/2026 09:28:00 PM","90D","1","Crime Against Society","Driving Under the Influence","DRIVING UNDER THE INFLUENCE LIQUOR","GERMANTOWN",,"GERMANTOWN","MD","20876","MCPD","Street - Commercial","M","5M1","701",,,"SHAKESPEARE",,"BLV","39.19801","-77.2412","5D","    (39.198, -77.2412)"
"201590637","9107","260040177","09/13/2026 08:46:55 PM","09/13/2026 08:46:00 PM",,"90Z","1","Crime Against Society","All Other Offenses","MISSING PERSON","SILVER SPRING","2900 BLK  MARLOW FARM TER","SILVER SPRING","MD","20904","MCPD","Residence - Single Family","I","3I2","378","2900",,"MARLOW FARM",,"TER","39.07011","-76.9524","3D","    (39.0701, -76.9524)"
"201590629","1399","260040174","09/13/2026 08:38:20 PM","09/13/2026 08:38:00 PM",,"13B","2","Crime Against Person","Simple Assault","ASSAULT - 2ND DEGREE","MONTGOMERY VILLAGE","15600 BLK  MARATHON CIR","GAITHERSBURG","MD","20878","MCPD","Residence - Apartment/Condo","P","6P1","752","15600",,"MARATHON",,"CIR","39.11318","-77.1977","6D","    (39.1132, -77.1977)"
"201590625","5404","260040072",,"09/13/2026 08:37:00 PM",,"90D","1","Crime Against Society","Driving Under the Influence","DRIVING UNDER THE INFLUENCE LIQUOR","MONTGOMERY VILLAGE","100 BLK  OLDE TOWNE AVE","GAITHERSBURG","MD","20877","GPD","Street - In vehicle","P","6P3","431","100",,"OLDE TOWNE",,"AVE","39.14075","-77.1953","6D","    (39.1407, -77.1953)"
"201590624","5404","260040064",,"09/13/2026 08:30:00 PM",,"90D","1","Crime Against Society","Driving Under the Influence","DRIVING UNDER THE INFLUENCE LIQUOR","MONTGOMERY VILLAGE","500 BLK W DIAMOND AVE","GAITHERSBURG","MD","20877","GPD","Street - In vehicle","P","6P2","428","500","W","DIAMOND",,"AVE","39.14056","-77.2101","6D","    (39.1406, -77.2101)"
"201590633","1399","260040168","09/13/2026 08:04:03 PM","09/13/2026 08:04:00 PM",,"13B","1","Crime Against Person","Simple Assault","ASSAULT - 2ND DEGREE","GERMANTOWN","20000 BLK  FREDERICK RD","GERMANTOWN","MD","20876","MCPD","Residence - Apartment/Condo","M","5M1","468","20000",,"FREDERICK",,"RD","39.18329","-77.2387","5D","    (39.1833, -77.2387)"
"201590670","2404","260040200","09/14/2026 07:12:51 AM","09/13/2026 08:00:00 PM","09/14/2026 06:00:00 AM","240","1","Crime Against Property","Motor Vehicle Theft","AUTO THEFT - VEHICLE THEFT","ROCKVILLE","14000 BLK  COVE LA","ROCKVILLE","MD","20851","MCPD","Parking Lot - Residential","A","1A2","290","14000",,"COVE",,"LA","0.0","0.0","1D","    (0.0, 0.0)"
"201590657","5404","260040170","09/13/2026 07:44:06 PM","09/13/2026 07:42:00 PM",,"90D","1","Crime Against Society","Driving Under the Influence","DRIVING UNDER THE INFLUENCE LIQUOR","TAKOMA PARK",,"TAKOMA PARK","MD","20912","TPPD","Street - In vehicle","T","8T3","806",,,"NEW HAMPSHIRE",,"AVE","38.98246","-76.9887","TPPD","    (38.9825, -76.9887)"
"201590636","1314","260040169","09/13/2026 07:33:05 PM","09/13/2026 07:33:00 PM",,"13A","1","Crime Against Person","Aggravated Assault","ASSAULT - AGGRAVATED - GUN","SILVER SPRING","1400 BLK  EAST WEST HWY","SILVER SPRING","MD","20910","MCPD","Street - Residential","G","3G1","667","1400",,"EAST WEST",,"HWY","38.99358","-77.0323","3D","    (38.9936, -77.0323)"
"201590715","9113","260040167","09/13/2026 07:01:50 PM","09/13/2026 07:01:00 PM",,"90Z","1","Crime Against Society","All Other Offenses","MENTAL ILLNESS - EMERGENCY PETITION","MONTGOMERY VILLAGE","20400 BLK  IVYBRIDGE CT","MONTGOMERY VILLAGE","MD","20886","MCPD","Residence -Townhouse/Duplex","R","6R2","714","20400",,"IVYBRIDGE",,"CT","39.18867","-77.1781","6D","    (39.1887, -77.1781)"
"201591520","2399","260041294","09/20/2026 04:38:36 PM","09/13/2026 07:00:00 PM",,"23H","1","Crime Against Property","All other Larceny","LARCENY (DESCRIBE OFFENSE)","SILVER SPRING","10700 BLK  VENETIA MILL CIR","SILVER SPRING","MD","20901","MCPD","Street - In vehicle","I","3I3","144","10700",,"VENETIA MILL",,"CIR","39.0323","-77.002","3D","    (39.0323, -77.002)"
"201590648","2303","260040166","09/13/2026 07:04:48 PM","09/13/2026 06:53:00 PM",,"23C","1","Crime Against Property","Shoplifting","LARCENY - SHOPLIFTING","ROCKVILLE","1500 BLK  ROCKVILLE PIK","ROCKVILLE","MD","20852","RCPD","Retail - Department/Discount Store","A","1A2","273","1500",,"ROCKVILLE",,"PIK","39.06511","-77.1266","1D","    (39.0651, -77.1266)"
"201590621","9199","260040165","09/13/2026 06:48:22 PM","09/13/2026 06:48:00 PM",,"90Z","1","Crime Against Society","All Other Offenses","POLICE INFORMATION","GERMANTOWN","12600 BLK  ROYAL CROWN DR","GERMANTOWN","MD","20876","MCPD","School - Elementary/Secondary","M","5M3","474","12600",,"ROYAL CROWN",,"DR","39.20511","-77.2576","5D","    (39.2051, -77.2576)"
"201590619","9199","260040163","09/13/2026 06:15:03 PM","09/13/2026 06:15:00 PM",,"90Z","1","Crime Against Society","All Other Offenses","POLICE INFORMATION","ROCKVILLE","11600 BLK  PARSIPPANY TER","GAITHERSBURG","MD","20878","MCPD","Residence - Single Family","B","1B2","557","11600",,"PARSIPPANY",,"TER","39.08683","-77.2398","1D","    (39.0868, -77.2398)"
"201590640","9021","260040160","09/13/2026 05:52:54 PM","09/13/2026 05:51:00 PM","09/13/2026 06:55:00 PM","90I","1","Crime Against Not a Crime","Runaway","JUVENILE - RUNAWAY","GERMANTOWN","19300 BLK  CIRCLE GATE DR","GERMANTOWN","MD","20874","MCPD","Residence - Apartment/Condo","N","5N1","447","19300",,"CIRCLE GATE",,"DR","39.17247","-77.2668","5D","    (39.1725, -77.2668)"
"201590746","9105","260040159","09/13/2026 05:44:04 PM","09/13/2026 05:44:00 PM",,"90Z","1","Crime Against Society","All Other Offenses","LOST PROPERTY","BETHESDA","3100 BLK  KENT ST","KENSINGTON","MD","20895","MCPD","Residence - Single Family","D","2D1","697","3100",,"KENT",,"ST","0.0","0.0","2D","    (0.0, 0.0)"
"201590616","9101","260040155","09/13/2026 05:42:52 PM","09/13/2026 05:42:00 PM",,"90Z","1","Crime Against Society","All Other Offenses","SUDDEN DEATH","GERMANTOWN","19600 BLK  GALWAY BAY CIR","GERMANTOWN","MD","20874","MCPD","Residence - Apartment/Condo","N","5N1","702","19600",,"GALWAY BAY",,"CIR","39.17855","-77.2787","5D","    (39.1786, -77.2787)"
"201590605","9109","260040151",,"09/13/2026 05:22:00 PM",,"90Z","1","Crime Against Society","All Other Offenses","RECOVERED PROPERTY - OTHER","WHEATON","2300 BLK  RANDOLPH RD","SILVER SPRING","MD","20902","MCPD","Street - Other","L","4L1","366","2300",,"RANDOLPH",,"RD","39.05861","-77.0485","4D","    (39.0586, -77.0485)"
"201590623","9107","260040157","09/13/2026 05:21:09 PM","09/13/2026 05:08:00 PM",,"90Z","1","Crime Against Society","All Other Offenses","MISSING PERSON","ROCKVILLE","600 BLK  MARYLAND AVE","ROCKVILLE","MD","20850","RCPD","Residence - Single Family","A","1A2","257","600",,"MARYLAND",,"AVE","39.07755","-77.159","1D","    (39.0776, -77.159)"
"201590611","9021","260040152","09/13/2026 05:04:06 PM","09/13/2026 05:04:00 PM",,"90I","1","Crime Against Not a Crime","Runaway","JUVENILE - RUNAWAY","GERMANTOWN","12200 BLK  PEACH CREST DR","GERMANTOWN","MD","20874","MCPD","Residence - Apartment/Condo","N","5N1","447","12200",,"PEACH CREST",,"DR","39.16092","-77.2506","5D","    (39.1609, -77.2506)"
"201590674","2610","260040207","09/14/2026 07:54:58 AM","09/13/2026 04:30:00 PM","09/14/2026 07:00:00 AM","26F","1","Crime Against Property","Identity Theft","IDENTITY THEFT","GERMANTOWN","23500 BLK  PUBLIC HOUSE RD","CLARKSBURG","MD","20871","MCPD","Cyberspace","M","5M3","599","23500",,"PUBLIC HOUSE",,"RD","39.24135","-77.2777","5D","    (39.2413, -77.2777)"
"201590884","2404","260040486","09/15/2026 04:20:54 PM","09/13/2026 04:20:00 PM","09/15/2026 01:00:00 PM","240","1","Crime Against Property","Motor Vehicle Theft","AUTO THEFT - VEHICLE THEFT","WHEATON","2300 BLK  GLENALLAN AVE","SILVER SPRING","MD","20906","MCPD","Parking Lot - Residential","L","4L3","368","2300",,"GLENALLAN",,"AVE","39.06236","-77.0479","4D","    (39.0624, -77.0479)"
"201590612","9113","260040150","09/13/2026 04:00:13 PM","09/13/2026 04:00:00 PM",,"90Z","1","Crime Against Society","All Other Offenses","MENTAL ILLNESS - EMERGENCY PETITION","WHEATON","10400 BLK  CLINTON AVE","SILVER SPRING","MD","20902","MCPD","Residence - Single Family","L","4L2","172","10400",,"CLINTON",,"AVE","0.0","0.0","4D","    (0.0, 0.0)"
"201591162","5309","260040835",,"09/13/2026 03:58:00 PM",,"90Z","1","Crime Against Society","All Other Offenses","PUBLIC PEACE - HARASSING COMMUNICATION","MONTGOMERY VILLAGE","19400 BLK  WOODFIELD RD","GAITHERSBURG","MD","20879","RCPD","Other/Unknown","R","6R3","417","19400",,"WOODFIELD",,"RD","39.17459","-77.1514","6D","    (39.1746, -77.1514)"
"201590600","2303","260040146","09/13/2026 03:56:34 PM","09/13/2026 03:56:00 PM",,"23C","1","Crime Against Property","Shoplifting","LARCENY - SHOPLIFTING","BETHESDA","5000 BLK  BRADLEY BLV","CHEVY CHASE","MD","20815","MCPD","Grocery/Supermarket","D","2D2","016","5000",,"BRADLEY",,"BLV","38.978","-77.0987","2D","    (38.978, -77.0987)"
"201590609","2308","260040143","09/13/2026 03:47:57 PM","09/13/2026 03:47:00 PM",,"23D","1","Crime Against Property","Theft from Building","LARCENY - FROM BLDG","BETHESDA","5100 BLK  RIVER RD","BETHESDA","MD","20816","MCPD","Parking Garage - Residential","E","2E2","018","5100",,"RIVER",,"RD","0.0","0.0","2D","    (0.0, 0.0)"
"201590642","1399","260040149","09/13/2026 03:45:30 PM","09/13/2026 03:45:00 PM",,"13B","1","Crime Against Person","Simple Assault","ASSAULT - 2ND DEGREE","WHEATON","3100 BLK  HEWITT AVE","SILVER SPRING","MD","20906","MCPD","Residence - Apartment/Condo","K","4K1","348","3100",,"HEWITT",,"AVE","0.0","0.0","4D","    (0.0, 0.0)"
"201590608","9113","260040144","09/13/2026 02:38:30 PM","09/13/2026 02:38:00 PM",,"90Z","1","Crime Against Society","All Other Offenses","MENTAL ILLNESS - EMERGENCY PETITION","WHEATON","2800 BLK  JUTLAND RD","KENSINGTON","MD","20895","MCPD","Residence - Single Family","L","4L2","322","2800",,"JUTLAND",,"RD","39.03204","-77.0579","4D","    (39.032, -77.0579)"
"201590598","5299","260040140","09/13/2026 02:29:37 PM","09/13/2026 02:29:00 PM",,"520","1","Crime Against Society","Weapon Law Violations","WEAPON OFFENSE (DESCRIBE OFFENSE)","MONTGOMERY VILLAGE","17000 BLK  CATALPA CT","DERWOOD","MD","20855","MCPD","Residence -Townhouse/Duplex","R","6R3","665","17000",,"CATALPA",,"CT","39.13579","-77.1473","6D","    (39.1358, -77.1473)"
"201590594","9113","260040131","09/13/2026 02:27:33 PM","09/13/2026 02:27:00 PM",,"90Z","1","Crime Against Society","All Other Offenses","MENTAL ILLNESS - EMERGENCY PETITION","MONTGOMERY VILLAGE","8900 BLK  BRINK RD","GAITHERSBURG","MD","20882","MCPD","Residence - Single Family","R","6R2","543","8900",,"BRINK",,"RD","0.0","0.0","6D","    (0.0, 0.0)"
"201590615","2902","260040133","09/13/2026 02:26:16 PM","09/13/2026 02:26:00 PM",,"290","1","Crime Against Property","Destruction/Damage/Vandalism of Property","DAMAGE PROPERTY - PRIVATE","MONTGOMERY VILLAGE","1500 BLK  TANYARD HILL RD","GAITHERSBURG","MD","20879","GPD","Parking Lot - Residential","R","6R1","426","1500",,"TANYARD HILL",,"RD","39.16064","-77.2112","6D","    (39.1606, -77.2112)"
"201590604","9109","260040137","09/13/2026 02:10:40 PM","09/13/2026 02:10:00 PM","09/13/2026 05:00:00 PM","90Z","1","Crime Against Society","All Other Offenses","RECOVERED PROPERTY - OTHER","SILVER SPRING","13200 BLK  STRAVINSKY TER","SILVER SPRING","MD","20904","MCPD","Parking Lot - Residential","I","3I2","378","13200",,"STRAVINSKY",,"TER","39.07224","-76.9498","3D","    (39.0722, -76.9498)"
"201590962","9199","260040570","09/16/2026 08:17:51 AM","09/13/2026 02:00:00 PM","09/14/2026 03:00:00 PM","90Z","1","Crime Against Society","All Other Offenses","POLICE INFORMATION","BETHESDA","8600 BLK  CHATEAU DR","POTOMAC","MD","20854","MCPD","Street - Other","E","2E2","218","8600",,"CHATEAU",,"DR","39.01031","-77.1765","2D","    (39.0103, -77.1765)"
"201590976","2304","260040598","09/16/2026 11:48:35 AM","09/13/2026 02:00:00 PM","09/16/2026 10:00:00 AM","23G","1","Crime Against Property","Theft of Motor Vehicle Parts or Accessories","LARCENY - AUTO PARTS","BETHESDA","9000 BLK  KIRKDALE RD","BETHESDA","MD","20817","MCPD","Street - Residential","E","2E1","068","9000",,"KIRKDALE",,"RD","39.00367","-77.1307","2D","    (39.0037, -77.1307)"
"201590676","2303","260040126","09/13/2026 01:56:17 PM","09/13/2026 01:56:00 PM",,"23C","1","Crime Against Property","Shoplifting","LARCENY - SHOPLIFTING","BETHESDA","7800 BLK  WISCONSIN AVE","BETHESDA","MD","20814","MCPD","Retail - Drug Store/Pharmacy","D","2D2","045","7800",,"WISCONSIN",,"AVE","38.98827","-77.095","2D","    (38.9883, -77.095)"
"201590801","2399","260040269","09/14/2026 01:50:38 PM","09/13/2026 01:48:00 PM","09/13/2026 03:40:00 PM","23H","1","Crime Against Property","All other Larceny","LARCENY (DESCRIBE OFFENSE)","SILVER SPRING","900 BLK  ELLSWORTH DR","SILVER SPRING","MD","20910","MCPD","Restaurant","G","3G1","109","900",,"ELLSWORTH",,"DR","38.99686","-77.0254","3D","    (38.9969, -77.0254)"
"201590593","5707","260040124","09/13/2026 01:39:13 PM","09/13/2026 01:39:00 PM",,"90J","1","Crime Against Society","Trespass of Real Property","TRESPASSING","MONTGOMERY VILLAGE","500 BLK N FREDERICK AVE","GAITHERSBURG","MD","20877","GPD","Retail - Salon/Spa","P","6P2","428","500","N","FREDERICK",,"AVE","39.14889","-77.2077","6D","    (39.1489, -77.2077)"
"201590589","2902","260040123","09/13/2026 01:28:26 PM","09/13/2026 01:28:00 PM",,"290","1","Crime Against Property","Destruction/Damage/Vandalism of Property","DAMAGE PROPERTY - PRIVATE","GERMANTOWN","20200 BLK  RED BUCKEYE CT","GERMANTOWN","MD","20876","MCPD","Residence - Single Family","M","5M1","470","20200",,"RED BUCKEYE",,"CT","39.18755","-77.2294","5D","    (39.1876, -77.2294)"
"201590584","2303","260040114","09/13/2026 01:09:15 PM","09/13/2026 01:09:00 PM",,"23C","1","Crime Against Property","Shoplifting","LARCENY - SHOPLIFTING","WHEATON","11100 BLK  VEIRS MILL RD","SILVER SPRING","MD","20902","MCPD","Retail - Mall","L","4L2","321","11100",,"VEIRS MILL",,"RD","39.03756","-77.0519","4D","    (39.0376, -77.0519)"
"201590620","5707","260040118","09/13/2026 01:14:10 PM","09/13/2026 01:06:00 PM",,"90J","1","Crime Against Society","Trespass of Real Property","TRESPASSING","SILVER SPRING","11200 BLK  OAK LEAF DR","SILVER SPRING","MD","20901","MCPD","Residence - Apartment/Condo","I","3I1","518","11200",,"OAK LEAF",,"DR","39.03844","-76.9949","3D","    (39.0384, -76.9949)"
"201590597","9021","260040145","09/13/2026 03:53:07 PM","09/13/2026 01:00:00 PM",,"90I","1","Crime Against Not a Crime","Runaway","JUVENILE - RUNAWAY","MONTGOMERY VILLAGE","17000 BLK  CATALPA CT","DERWOOD","MD","20855","MCPD","Residence - Other","R","6R3","665","17000",,"CATALPA",,"CT","39.13579","-77.1473","6D","    (39.1358, -77.1473)"
"201590678","9062","260040108",,"09/13/2026 12:46:00 PM",,"90Z","1","Crime Against Society","All Other Offenses","FUGITIVE FROM JUSTICE (OUT OF STATE)","ROCKVILLE","1300 BLK  SEVEN LOCKS RD","POTOMAC","MD","20854","MCPD","Jail/Prison","B","1B1","228","1300",,"SEVEN LOCKS",,"RD","39.06691","-77.1616","1D","    (39.0669, -77.1616)"
"201590588","9113","260040113","09/13/2026 12:46:40 PM","09/13/2026 12:46:00 PM","09/13/2026 02:00:00 PM","90Z","1","Crime Against Society","All Other Offenses","MENTAL ILLNESS - EMERGENCY PETITION","SILVER SPRING","13300 BLK  SHEFFIELD MANOR DR","SILVER SPRING","MD","20904","MCPD","Residence - Single Family","I","3I2","380","13300",,"SHEFFIELD MANOR",,"DR","39.07744","-76.9351","3D","    (39.0774, -76.9351)"
"201590582","1116","260040109","09/13/2026 12:08:26 PM","09/13/2026 12:08:00 PM",,"36B","1","Crime Against Person","Statuory Rape","STATUTORY RAPE - NO FORCE","ROCKVILLE","1  BLK  MARYLAND AVE","ROCKVILLE","MD","20850","MCPD","Residence - Apartment/Condo","A","1A1","277","1",,"MARYLAND",,"AVE","39.14486","-77.2027","1D","    (39.1449, -77.2027)"
"201591029","2305","260040665",,"09/13/2026 12:00:00 PM","09/13/2026 04:00:00 PM","23F","1","Crime Against Property","Theft From Motor Vehicle","LARCENY - FROM AUTO","GERMANTOWN","20900 BLK  LAKE RIDGE DR","BOYDS","MD","20841","MCPD","Park","N","5N2","583","20900",,"LAKE RIDGE",,"DR","39.19596","-77.2916","5D","    (39.196, -77.2916)"
"201590580","2305","260040103","09/13/2026 11:47:49 AM","09/13/2026 11:47:00 AM",,"23F","1","Crime Against Property","Theft From Motor Vehicle","LARCENY - FROM AUTO","BETHESDA","3900 BLK  UNDERWOOD ST","CHEVY CHASE","MD","20815","MCPD","Residence - Driveway","D","2D2","036","3900",,"UNDERWOOD",,"ST","38.98301","-77.0771","2D","    (38.983, -77.0771)"
"201590590","1399","260040107","09/13/2026 11:36:59 AM","09/13/2026 11:36:00 AM",,"13B","1","Crime Against Person","Simple Assault","ASSAULT - 2ND DEGREE","ROCKVILLE","9200 BLK  BELLS MILL RD","POTOMAC","MD","20854","MCPD","Residence - Single Family","B","1B1","222","9200",,"BELLS MILL",,"RD","39.03543","-77.189","1D","    (39.0354, -77.189)"
"201590577","5707","260040100","09/13/2026 11:29:49 AM","09/13/2026 11:29:00 AM",,"90J","1","Crime Against Society","Trespass of Real Property","TRESPASSING","ROCKVILLE","1500 BLK  ROCKVILLE PIK","ROCKVILLE","MD","20852","RCPD","Grocery/Supermarket","A","1A2","266","1500",,"ROCKVILLE",,"PIK","39.06511","-77.1266","1D","    (39.0651, -77.1266)"
"201590575","1399","260040104","09/13/2026 11:26:16 AM","09/13/2026 11:26:00 AM",,"13B","1","Crime Against Person","Simple Assault","ASSAULT - 2ND DEGREE","WHEATON","11100 BLK  VEIRS MILL RD","SILVER SPRING","MD","20902","MCPD","Retail - Mall","L","4L2","321","11100",,"VEIRS MILL",,"RD","39.03756","-77.0519","4D","    (39.0376, -77.0519)"
"201590575","2303","260040104","09/13/2026 11:26:16 AM","09/13/2026 11:26:00 AM",,"23C","1","Crime Against Property","Shoplifting","LARCENY - SHOPLIFTING","WHEATON","11100 BLK  VEIRS MILL RD","SILVER SPRING","MD","20902","MCPD","Retail - Mall","L","4L2","321","11100",,"VEIRS MILL",,"RD","39.03756","-77.0519","4D","    (39.0376, -77.0519)"
"201590574","9108","260040102","09/13/2026 11:15:13 AM","09/13/2026 11:15:00 AM",,"90Z","1","Crime Against Society","All Other Offenses","RECOVERED PROPERTY - MONT CO.","WHEATON","14200 BLK  MYER TER","ROCKVILLE","MD","20853","MCPD","Residence - Yard","K","4K1","529","14200",,"MYER",,"TER","0.0","0.0","4D","    (0.0, 0.0)"
"201590585","2304","260040099","09/13/2026 10:26:27 AM","09/13/2026 10:26:00 AM",,"23G","1","Crime Against Property","Theft of Motor Vehicle Parts or Accessories","LARCENY - AUTO PARTS","WHEATON","12900 BLK  MATEY RD","SILVER SPRING","MD","20906","MCPD","Residence - Yard","L","4L3","336","12900",,"MATEY",,"RD","0.0","0.0","4D","    (0.0, 0.0)"
"201590568","9199","260040090","09/13/2026 10:00:13 AM","09/13/2026 10:00:00 AM",,"90Z","1","Crime Against Society","All Other Offenses","POLICE INFORMATION","SILVER SPRING","11400 BLK  DECEMBER WAY","SILVER SPRING","MD","20904","MCPD","Residence - Apartment/Condo","I","3I1","145","11400",,"DECEMBER",,"WAY","39.04104","-76.9802","3D","    (39.041, -76.9802)"
"201590569","2404","260040093","09/13/2026 09:56:30 AM","09/13/2026 09:56:00 AM",,"240","1","Crime Against Property","Motor Vehicle Theft","AUTO THEFT - VEHICLE THEFT","SILVER SPRING","1900 BLK  BRIGHTLEAF CT","SILVER SPRING","MD","20902","MCPD","Street - Residential","G","3G2","168","1900",,"BRIGHTLEAF",,"CT","39.02449","-77.0401","3D","    (39.0245, -77.0401)"
"201590586","2204","260040092","09/13/2026 09:52:07 AM","09/13/2026 09:52:00 AM",,"220","1","Crime Against Property","Burglary/Breaking and Entering","BURGLARY - NO FORCED ENTRY-RESIDENTIAL","MONTGOMERY VILLAGE","7600 BLK  WARBLER LA","DERWOOD","MD","20855","MCPD","Residence - Single Family","R","6R3","542","7600",,"WARBLER",,"LA","39.14819","-77.1549","6D","    (39.1482, -77.1549)"
"201590675","2902","260040088","09/13/2026 09:18:18 AM","09/13/2026 09:18:00 AM",,"290","1","Crime Against Property","Destruction/Damage/Vandalism of Property","DAMAGE PROPERTY - PRIVATE","ROCKVILLE","18300 BLK  MCKERNON WAY","POOLESVILLE","MD","20837","MCPD","Residence - Single Family","B","1B3","492","18300",,"MCKERNON",,"WAY","39.15338","-77.4039","1D","    (39.1534, -77.4039)"
"201590622","2304","260040164","09/13/2026 06:51:45 PM","09/13/2026 09:00:00 AM","09/13/2026 04:00:00 PM","23G","1","Crime Against Property","Theft of Motor Vehicle Parts or Accessories","LARCENY - AUTO PARTS","SILVER SPRING","11700 BLK  OLD COLUMBIA PIKE PIK","SILVER SPRING","MD","20904","MCPD","Parking Lot - Residential","I","3I1","145","11700",,"OLD COLUMBIA PIKE",,"PIK","0.0","0.0","3D","    (0.0, 0.0)"
"201590606","2399","260040084","09/13/2026 08:17:11 AM","09/13/2026 08:17:00 AM",,"23H","1","Crime Against Property","All other Larceny","LARCENY (DESCRIBE OFFENSE)","ROCKVILLE","5700 BLK  BOU AVE","ROCKVILLE","MD","20852","MCPD","Retail - Department/Discount Store","A","1A2","735","5700",,"BOU",,"AVE","0.0","0.0","1D","    (0.0, 0.0)"
"201590556","9199","260040081","09/13/2026 06:45:20 AM","09/13/2026 06:45:00 AM",,"90Z","1","Crime Against Society","All Other Offenses","POLICE INFORMATION","GERMANTOWN","20000 BLK  FREDERICK RD","GERMANTOWN","MD","20876","MCPD","Residence - Apartment/Condo","M","5M1","468","20000",,"FREDERICK",,"RD","39.18329","-77.2387","5D","    (39.1833, -77.2387)"
"201590550","5404","260040071",,"09/13/2026 06:14:00 AM",,"90D","1","Crime Against Society","Driving Under the Influence","DRIVING UNDER THE INFLUENCE LIQUOR","BETHESDA",,"BETHESDA","MD","20814","MCPD","Street - In vehicle","D","2D2","048",,,"ST ELMO",,"AVE","38.98867","-77.0975","2D","    (38.9887, -77.0975)"
"201590550","3562","260040071",,"09/13/2026 06:14:00 AM",,"35A","1","Crime Against Society","Drug/Narcotic Violations","DRUGS - MARIJUANA - POSSESS","BETHESDA",,"BETHESDA","MD","20814","MCPD","Street - In vehicle","D","2D2","048",,,"ST ELMO",,"AVE","38.98867","-77.0975","2D","    (38.9887, -77.0975)"
"201590552","5016","260040077","09/13/2026 05:57:41 AM","09/13/2026 05:57:00 AM",,"90Z","1","Crime Against Society","All Other Offenses","OBSTRUCT GOVT - VIOLATION OF A COURT ORDER","SILVER SPRING","10300 BLK  GREENACRES DR","SILVER SPRING","MD","20903","MCPD","Residence - Single Family","I","3I3","141","10300",,"GREENACRES",,"DR","39.0245","-76.9768","3D","    (39.0245, -76.9768)"
"201590554","3699","260040078","09/13/2026 06:00:27 AM","09/13/2026 05:20:00 AM",,"11D","1","Crime Against Person","Forcible Fondling","SEX OFFENSE - FONDLING","MONTGOMERY VILLAGE","19100 BLK  CAPEHART DR","MONTGOMERY VILLAGE","MD","20886","MCPD","Residence -Townhouse/Duplex","R","6R2","424","19100",,"CAPEHART",,"DR","39.1693","-77.2176","6D","    (39.1693, -77.2176)"
"201590549","9199","260040076","09/13/2026 04:50:50 AM","09/13/2026 04:50:00 AM",,"90Z","1","Crime Against Society","All Other Offenses","POLICE INFORMATION","MONTGOMERY VILLAGE","9400 BLK  HICKORY VIEW PL","MONTGOMERY VILLAGE","MD","20886","MCPD","Parking Lot - Residential","R","6R2","504","9400",,"HICKORY VIEW",,"PL","39.18241","-77.193","6D","    (39.1824, -77.193)"
"201590546","2902","260040075","09/13/2026 04:13:45 AM","09/13/2026 04:13:00 AM",,"290","1","Crime Against Property","Destruction/Damage/Vandalism of Property","DAMAGE PROPERTY - PRIVATE","ROCKVILLE","200 BLK  PARK RD","ROCKVILLE","MD","20850","MCPD","Parking Lot - Commercial","A","1A1","283","200",,"PARK",,"RD","0.0","0.0","1D","    (0.0, 0.0)"
"201590544","9199","260040073",,"09/13/2026 04:01:00 AM",,"90Z","1","Crime Against Society","All Other Offenses","POLICE INFORMATION","ROCKVILLE","600 BLK  GRAND CHAMPION DR","ROCKVILLE","MD","20850","MCPD","Residence -Townhouse/Duplex","A","1A1","242","600",,"GRAND CHAMPION",,"DR","39.11282","-77.1675","1D","    (39.1128, -77.1675)"
"201590635","5404","260040074","09/13/2026 03:37:49 AM","09/13/2026 03:37:00 AM",,"90D","1","Crime Against Society","Driving Under the Influence","DRIVING UNDER THE INFLUENCE LIQUOR","MONTGOMERY VILLAGE",,"GAITHERSBURG","MD","20879","GPD","Street - In vehicle","R","6R2","545",,,"WATKINS MILL",,"RD","39.15449","-77.2296","6D","    (39.1545, -77.2296)"
"201590805","2305","260040243","09/14/2026 11:10:07 AM","09/13/2026 03:25:00 AM",,"23F","1","Crime Against Property","Theft From Motor Vehicle","LARCENY - FROM AUTO","BETHESDA","10500 BLK  TUCKERMAN HEIGHTS CIR","ROCKVILLE","MD","20852","MCPD","Residence - Driveway","E","2E1","189","10500",,"TUCKERMAN HEIGHTS",,"CIR","39.02913","-77.1099","2D","    (39.0291, -77.1099)"
"201590547","5404","260040069","09/13/2026 03:18:54 AM","09/13/2026 03:18:00 AM",,"90D","1","Crime Against Society","Driving Under the Influence","DRIVING UNDER THE INFLUENCE LIQUOR","BETHESDA",,"BETHESDA","MD","20814","MCPD","Street - In vehicle","D","2D2","049",,,"WOODMONT",,"AVE","38.98706","-77.096","2D","    (38.9871, -77.096)"
"201590631","1399","260040068","09/13/2026 02:29:35 AM","09/13/2026 02:29:00 AM",,"13B","1","Crime Against Person","Simple Assault","ASSAULT - 2ND DEGREE","TAKOMA PARK","1000 BLK  UNIVERSITY BLV E","SILVER SPRING","MD","20903","TPPD","Street - Commercial","T","8T3","806","1000",,"UNIVERSITY","E","BLV","38.99269","-76.9914","TPPD","    (38.9927, -76.9914)"
"201590548","0999","260040070","09/13/2026 02:03:25 AM","09/13/2026 01:52:00 AM","09/13/2026 02:02:00 AM","09A","2","Crime Against Person","Murder and Nonnegligent Manslaughter","HOMICIDE (DESCRIBE OFFENSE)","ROCKVILLE","1000 BLK  SEVEN LOCKS RD","POTOMAC","MD","20854","RCPD","Street - Other","B","1B1","228","1000",,"SEVEN LOCKS",,"RD","39.06147","-77.1609","1D","    (39.0615, -77.1609)"
"201590595","1399","260040065","09/13/2026 02:02:44 AM","09/13/2026 01:42:00 AM",,"13B","2","Crime Against Person","Simple Assault","ASSAULT - 2ND DEGREE","ROCKVILLE","1  BLK  SOUTHLAWN CT","ROCKVILLE","MD","20850","RCPD","Parking Garage - Commercial","A","1A1","287","1",,"SOUTHLAWN",,"CT","39.10236","-77.1288","1D","    (39.1024, -77.1288)"
"201590542","4199","260040060",,"09/13/2026 01:32:00 AM",,"90G","1","Crime Against Society","Liquor Law Violations","LIQUOR (DESCRIBE OFFENSE)","BETHESDA","4900 BLK  ST ELMO AVE","BETHESDA","MD","20814","MCPD","Parking Garage - County","D","2D2","048","4900",,"ST ELMO",,"AVE","0.0","0.0","2D","    (0.0, 0.0)"
"201590643","1399","260040063","09/13/2026 01:14:27 AM","09/13/2026 01:14:00 AM",,"13B","2","Crime Against Person","Simple Assault","ASSAULT - 2ND DEGREE","WHEATON","2400 BLK  BLUERIDGE AVE","SILVER SPRING","MD","20902","MCPD","Residence - Apartment/Condo","L","4L1","358","2400",,"BLUERIDGE",,"AVE","39.043","-77.0499","4D","    (39.043, -77.0499)"
"201590770","4199","260040061","09/13/2026 01:06:37 AM","09/13/2026 01:06:00 AM","09/13/2026 01:26:00 AM","90G","1","Crime Against Society","Liquor Law Violations","LIQUOR (DESCRIBE OFFENSE)","BETHESDA","4900 BLK  ST ELMO AVE","BETHESDA","MD","20814","MCPD","Parking Garage - County","D","2D2","048","4900",,"ST ELMO",,"AVE","0.0","0.0","2D","    (0.0, 0.0)"
"201590543","5212","260040058","09/13/2026 12:06:31 AM","09/13/2026 12:06:00 AM",,"520","1","Crime Against Society","Weapon Law Violations","WEAPON - POSSESSION","TAKOMA PARK","7400 BLK  NEW HAMPSHIRE AVE","TAKOMA PARK","MD","20912","TPPD","Residence - Apartment/Condo","T","8T3","807","7400",,"NEW HAMPSHIRE",,"AVE","38.98337","-76.9883","TPPD","    (38.9834, -76.9883)"
"201590543","5299","260040058","09/13/2026 12:06:31 AM","09/13/2026 12:06:00 AM",,"520","1","Crime Against Society","Weapon Law Violations","WEAPON OFFENSE (DESCRIBE OFFENSE)","TAKOMA PARK","7400 BLK  NEW HAMPSHIRE AVE","TAKOMA PARK","MD","20912","TPPD","Residence - Apartment/Condo","T","8T3","807","7400",,"NEW HAMPSHIRE",,"AVE","38.98337","-76.9883","TPPD","    (38.9834, -76.9883)"
"201591289","9105","260040115",,"09/13/2026 12:00:00 AM","09/13/2026 01:14:00 PM","90Z","1","Crime Against Society","All Other Offenses","LOST PROPERTY","MONTGOMERY VILLAGE","1  BLK S SUMMIT AVE","GAITHERSBURG","MD","20877","GPD","Street - Other","P","6P3","431","1","S","SUMMIT",,"AVE","39.14219","-77.1933","6D","    (39.1422, -77.1933)"
"201590618","1305","260040129","09/13/2026 02:05:17 PM","09/13/2026 12:00:00 AM",,"13A","1","Crime Against Person","Aggravated Assault","ASSAULT - AGGRAVATED - NON-FAMILY-OTHER WEAPON","BETHESDA","2000 BLK  EAST WEST HWY","SILVER SPRING","MD","20910","MCPD","Residence - Nursing Home","D","2D1","086","2000",,"EAST WEST",,"HWY","38.99544","-77.0423","2D","    (38.9954, -77.0423)"
"201590541","9199","260040055","09/12/2026 11:58:48 PM","09/12/2026 11:58:00 PM",,"90Z","1","Crime Against Society","All Other Offenses","POLICE INFORMATION","GERMANTOWN","13900 BLK  LULLABY RD","GERMANTOWN","MD","20874","MCPD","Residence - Single Family","N","5N2","596","13900",,"LULLABY",,"RD","39.17685","-77.2859","5D","    (39.1769, -77.2859)"
"201590783","2303","260040052","09/12/2026 10:42:21 PM","09/12/2026 10:42:00 PM",,"23C","1","Crime Against Property","Shoplifting","LARCENY - SHOPLIFTING","BETHESDA","5000 BLK  BRADLEY BLV","CHEVY CHASE","MD","20815","MCPD","Grocery/Supermarket","D","2D2","016","5000",,"BRADLEY",,"BLV","38.978","-77.0987","2D","    (38.978, -77.0987)"
"201590538","1313","260040053","09/12/2026 10:41:22 PM","09/12/2026 10:41:00 PM",,"13B","1","Crime Against Person","Simple Assault","ASSAULT - SIMPLE","SILVER SPRING","9100 BLK  PINEY BRANCH RD","SILVER SPRING","MD","20903","MCPD","Residence - Yard","G","3G3","133","9100",,"PINEY BRANCH",,"RD","39.00116","-76.988","3D","    (39.0012, -76.988)"
"201590537","1399","260040049","09/12/2026 10:07:57 PM","09/12/2026 10:07:00 PM",,"13B","1","Crime Against Person","Simple Assault","ASSAULT - 2ND DEGREE","MONTGOMERY VILLAGE","1  BLK E DEER PARK DR","GAITHERSBURG","MD","20877","GPD","Residence - Carport","P","6P3","432","1","E","DEER PARK",,"DR","39.13218","-77.1889","6D","    (39.1322, -77.1889)"
"201590537","4801","260040049","09/12/2026 10:07:57 PM","09/12/2026 10:07:00 PM",,"90Z","1","Crime Against Society","All Other Offenses","OBSTRUCT POLICE - RESISTING OFFICER","MONTGOMERY VILLAGE","1  BLK E DEER PARK DR","GAITHERSBURG","MD","20877","GPD","Residence - Carport","P","6P3","432","1","E","DEER PARK",,"DR","39.13218","-77.1889","6D","    (39.1322, -77.1889)"
"201590540","9107","260040057",,"09/12/2026 10:00:00 PM","09/13/2026 12:30:00 AM","90Z","1","Crime Against Society","All Other Offenses","MISSING PERSON","WHEATON","3800 BLK  DUNSINANE DR","SILVER SPRING","MD","20906","MCPD","Residence -Townhouse/Duplex","K","4K1","346","3800",,"DUNSINANE",,"DR","39.09528","-77.0751","4D","    (39.0953, -77.0751)"
"201591545","2399","260040050","09/12/2026 10:00:05 PM","09/12/2026 10:00:00 PM",,"23H","1","Crime Against Property","All other Larceny","LARCENY (DESCRIBE OFFENSE)","MONTGOMERY VILLAGE","15700 BLK  SHADY GROVE RD","GAITHERSBURG","MD","20877","MCPD","Parking Lot - Commercial","P","6P3","757","15700",,"SHADY GROVE",,"RD","39.11328","-77.1866","6D","    (39.1133, -77.1866)"
"201590656","4104","260040045","09/12/2026 09:59:06 PM","09/12/2026 09:59:00 PM",,"90G","1","Crime Against Society","Liquor Law Violations","LIQUOR - POSSESS","MONTGOMERY VILLAGE","300 BLK N FREDERICK AVE","GAITHERSBURG","MD","20877","GPD","Parking Lot - Residential","P","6P2","428","300","N","FREDERICK",,"AVE","39.09494","-77.1473","6D","    (39.0949, -77.1473)"
"201590534","9113","260040046","09/12/2026 09:58:59 PM","09/12/2026 09:58:00 PM",,"90Z","1","Crime Against Society","All Other Offenses","MENTAL ILLNESS - EMERGENCY PETITION","WHEATON","13600 BLK  STARGAZER LA","SILVER SPRING","MD","20906","MCPD","Residence -Townhouse/Duplex","L","4L3","370","13600",,"STARGAZER",,"LA","39.07917","-77.0345","4D","    (39.0792, -77.0345)"
"201590653","1399","260040043","09/12/2026 09:43:07 PM","09/12/2026 09:43:00 PM",,"13B","1","Crime Against Person","Simple Assault","ASSAULT - 2ND DEGREE","WHEATON","12200 BLK  VEIRS MILL RD","SILVER SPRING","MD","20906","MCPD","Parking Lot - Commercial","L","4L3","525","12200",,"VEIRS MILL",,"RD","39.05614","-77.0826","4D","    (39.0561, -77.0826)"
"201590689","2205","260040212","09/14/2026 08:28:22 AM","09/12/2026 09:34:00 PM","09/12/2026 09:48:00 PM","220","1","Crime Against Property","Burglary/Breaking and Entering","BURGLARY - NO FORCED ENTRY-NONRESIDENTIAL","MONTGOMERY VILLAGE","1  BLK  MEEM AVE","GAITHERSBURG","MD","20877","GPD","Commercial - Industrial park","P","6P2","428","1",,"MEEM",,"AVE","39.14064","-77.202","6D","    (39.1406, -77.202)"
"201590536","2202","260040047","09/12/2026 09:33:24 PM","09/12/2026 09:33:00 PM",,"220","1","Crime Against Property","Burglary/Breaking and Entering","BURGLARY - FORCED ENTRY-RESIDENTIAL","SILVER SPRING","800 BLK  FOREST GLEN RD","SILVER SPRING","MD","20901","MCPD","Residence - Single Family","I","3I3","162","800",,"FOREST GLEN",,"RD","39.01719","-77.0217","3D","    (39.0172, -77.0217)"
"201590527","9201","260040041","09/12/2026 09:12:10 PM","09/12/2026 09:12:00 PM",,"90Z","1","Crime Against Society","All Other Offenses","OVERDOSE","WHEATON","4100 BLK  TULARE DR","SILVER SPRING","MD","20906","MCPD","Residence - Single Family","L","4L1","524","4100",,"TULARE",,"DR","39.05167","-77.0804","4D","    (39.0517, -77.0804)"
"201590519","2305","260039956",,"09/12/2026 09:10:00 PM",,"23F","1","Crime Against Property","Theft From Motor Vehicle","LARCENY - FROM AUTO","SILVER SPRING","8000 BLK  GEORGIA AVE","SILVER SPRING","MD","20910","MCPD","Street - Residential","G","3G1","091","8000",,"GEORGIA",,"AVE","38.98809","-77.0267","3D","    (38.9881, -77.0267)"
"201590539","2308","260040054","09/12/2026 11:03:05 PM","09/12/2026 09:00:00 PM","09/12/2026 09:20:00 PM","23D","1","Crime Against Property","Theft from Building","LARCENY - FROM BLDG","MONTGOMERY VILLAGE","200 BLK  RIO BLV","GAITHERSBURG","MD","20878","GPD","Bar/Night Club","P","6P1","549","200",,"RIO",,"BLV","0.0","0.0","6D","    (0.0, 0.0)"
"201590721","1399","260040039","09/12/2026 08:46:32 PM","09/12/2026 08:46:00 PM",,"13B","2","Crime Against Person","Simple Assault","ASSAULT - 2ND DEGREE","SILVER SPRING","8000 BLK  13TH ST","SILVER SPRING","MD","20910","MCPD","Hotel/Motel/Etc.","G","3G1","090","8000",,"13TH",,"ST","0.0","0.0","3D","    (0.0, 0.0)"
"201590566","9113","260040040","09/12/2026 08:44:27 PM","09/12/2026 08:44:00 PM",,"90Z","1","Crime Against Society","All Other Offenses","MENTAL ILLNESS - EMERGENCY PETITION","GERMANTOWN","18100 BLK  CHALET DR","GERMANTOWN","MD","20874","MCPD","Residence - Apartment/Condo","N","5N2","448","18100",,"CHALET",,"DR","0.0","0.0","5D","    (0.0, 0.0)"
"201590529","9106","260040038","09/12/2026 08:37:43 PM","09/12/2026 08:37:00 PM",,"90Z","1","Crime Against Society","All Other Offenses","MENTAL ILLNESS","WHEATON",,"SILVER SPRING","MD","20902","MCPD","Street - Commercial","L","4L2","356",,,"REEDIE",,"DR","39.03908","-77.0486","4D","    (39.0391, -77.0486)"
"201590572","2308","260040087","09/13/2026 08:58:23 AM","09/12/2026 08:00:00 PM","09/12/2026 11:30:00 PM","23D","1","Crime Against Property","Theft from Building","LARCENY - FROM BLDG","ROCKVILLE","11800 BLK  CENTURION WAY","POTOMAC","MD","20854","MCPD","Residence - Single Family","B","1B2","453","11800",,"CENTURION",,"WAY","39.07147","-77.2451","1D","    (39.0715, -77.2451)"
"201590535","3550","260040036","09/12/2026 07:56:02 PM","09/12/2026 07:56:00 PM",,"35B","1","Crime Against Society","Drug Equipment Violations","DRUGS - NARCOTIC EQUIP - POSSESS","WHEATON",,"SILVER SPRING","MD","20906","MCPD","Street - Residential","L","4L3","307",,,"CLEARFIELD",,"RD","39.0569","-77.0879","4D","    (39.0569, -77.0879)"
"201590564","2305","260040086","09/13/2026 08:28:29 AM","09/12/2026 07:50:00 PM","09/13/2026 08:15:00 AM","23F","1","Crime Against Property","Theft From Motor Vehicle","LARCENY - FROM AUTO","BETHESDA","1  BLK  ENGLISHMAN CT","ROCKVILLE","MD","20852","MCPD","Parking Lot - Residential","E","2E1","190","1",,"ENGLISHMAN",,"CT","39.0276","-77.1109","2D","    (39.0276, -77.1109)"
"201590587","2902","260040094","09/13/2026 10:10:25 AM","09/12/2026 07:50:00 PM","09/12/2026 09:40:00 PM","290","1","Crime Against Property","Destruction/Damage/Vandalism of Property","DAMAGE PROPERTY - PRIVATE","WHEATON","3000 BLK  BEL PRE RD","SILVER SPRING","MD","20906","MCPD","Parking Lot - Residential","K","4K1","348","3000",,"BEL PRE",,"RD","39.09096","-77.061","4D","    (39.091, -77.061)"
"201590591","2303","260040122","09/13/2026 01:53:31 PM","09/12/2026 07:40:00 PM","09/12/2026 07:47:00 PM","23C","1","Crime Against Property","Shoplifting","LARCENY - SHOPLIFTING","BETHESDA","11800 BLK  GRAND PARK AVE","ROCKVILLE","MD","20852","MCPD","Retail - Beauty/Barber Shop","E","2E1","188","11800",,"GRAND PARK",,"AVE","39.049","-77.1169","2D","    (39.049, -77.1169)"
"201590583","2902","260040116","09/13/2026 12:48:52 PM","09/12/2026 07:40:00 PM","09/13/2026 12:15:00 PM","290","1","Crime Against Property","Destruction/Damage/Vandalism of Property","DAMAGE PROPERTY - PRIVATE","WHEATON","3000 BLK  BEL PRE RD","SILVER SPRING","MD","20906","MCPD","Parking Lot - Residential","K","4K1","348","3000",,"BEL PRE",,"RD","39.09096","-77.061","4D","    (39.091, -77.061)"
"201590525","5311","260040035","09/12/2026 07:18:07 PM","09/12/2026 07:17:00 PM",,"90C","1","Crime Against Society","Disorderly Conduct","PUBLIC PEACE - DISORDERLY CONDUCT","SILVER SPRING","12000 BLK  CHERRY HILL RD","SILVER SPRING","MD","20904","MCPD","Retail - Department/Discount Store","I","3I1","146","12000",,"CHERRY HILL",,"RD","39.05259","-76.9531","3D","    (39.0526, -76.9531)"
"201590530","2303","260040032","09/12/2026 07:08:04 PM","09/12/2026 07:08:00 PM",,"23C","1","Crime Against Property","Shoplifting","LARCENY - SHOPLIFTING","SILVER SPRING","10100 BLK  COLESVILLE RD","SILVER SPRING","MD","20901","MCPD","Retail - Drug Store/Pharmacy","I","3I3","155","10100",,"COLESVILLE",,"RD","39.02037","-77.0127","3D","    (39.0204, -77.0127)"
"201590522","3530","260040034","09/12/2026 07:07:09 PM","09/12/2026 07:07:00 PM",,"35A","1","Crime Against Society","Drug/Narcotic Violations","DRUGS - COCAINE - SELL","SILVER SPRING","900 BLK  BONIFANT ST","SILVER SPRING","MD","20910","MCPD","Street - Alley","G","3G1","670","900",,"BONIFANT",,"ST","38.99437","-77.0241","3D","    (38.9944, -77.0241)"
"201590522","3550","260040034","09/12/2026 07:07:09 PM","09/12/2026 07:07:00 PM",,"35B","1","Crime Against Society","Drug Equipment Violations","DRUGS - NARCOTIC EQUIP - POSSESS","SILVER SPRING","900 BLK  BONIFANT ST","SILVER SPRING","MD","20910","MCPD","Street - Alley","G","3G1","670","900",,"BONIFANT",,"ST","38.99437","-77.0241","3D","    (38.9944, -77.0241)"
"201590531","1399","260040048","09/12/2026 09:31:49 PM","09/12/2026 07:00:00 PM",,"13B","1","Crime Against Person","Simple Assault","ASSAULT - 2ND DEGREE","WHEATON","1  BLK  BAUGHMAN CT","SILVER SPRING","MD","20906","MCPD","Street - Residential","K","4K3","796","1",,"BAUGHMAN",,"CT","39.10276","-77.0424","4D","    (39.1028, -77.0424)"
"201590614","2303","260040033","09/12/2026 06:53:04 PM","09/12/2026 06:53:00 PM",,"23C","1","Crime Against Property","Shoplifting","LARCENY - SHOPLIFTING","GERMANTOWN","20900 BLK  FREDERICK RD","GERMANTOWN","MD","20876","MCPD","Retail - Department/Discount Store","M","5M1","701","20900",,"FREDERICK",,"RD","39.19829","-77.2448","5D","    (39.1983, -77.2448)"
"201590515","9105","260040028","09/12/2026 06:42:07 PM","09/12/2026 06:42:00 PM",,"90Z","1","Crime Against Society","All Other Offenses","LOST PROPERTY","ROCKVILLE","14900 BLK  SHADY GROVE RD","ROCKVILLE","MD","20850","RCPD","Grocery/Supermarket","B","1B1","241","14900",,"SHADY GROVE",,"RD","39.09938","-77.1925","1D","    (39.0994, -77.1925)"
"201590526","2902","260040031","09/12/2026 06:32:26 PM","09/12/2026 06:32:00 PM",,"290","1","Crime Against Property","Destruction/Damage/Vandalism of Property","DAMAGE PROPERTY - PRIVATE","SILVER SPRING","2100 BLK  BELVEDERE BLV","SILVER SPRING","MD","20902","MCPD","Parking Garage - Residential","G","3G2","175","2100",,"BELVEDERE",,"BLV","39.01944","-77.0449","3D","    (39.0194, -77.0449)"
"201590576","2404","260040106","09/13/2026 12:06:35 PM","09/12/2026 06:30:00 PM","09/13/2026 10:00:00 AM","240","1","Crime Against Property","Motor Vehicle Theft","AUTO THEFT - VEHICLE THEFT","MONTGOMERY VILLAGE","10000 BLK  VANDERBILT CIR","ROCKVILLE","MD","20850","MCPD","Parking Lot - Residential","P","6P1","751","10000",,"VANDERBILT",,"CIR","39.10958","-77.2083","6D","    (39.1096, -77.2083)"
"201590514","1399","260040024","09/12/2026 06:14:50 PM","09/12/2026 06:14:00 PM",,"13B","1","Crime Against Person","Simple Assault","ASSAULT - 2ND DEGREE","GERMANTOWN","22600 BLK  NEWCUT RD","CLARKSBURG","MD","20871","MCPD","Convenience Store","M","5M3","476","22600",,"NEWCUT",,"RD","0.0","0.0","5D","    (0.0, 0.0)"
"201590672","2305","260040089","09/13/2026 09:41:15 AM","09/12/2026 06:00:00 PM","09/13/2026 09:30:00 AM","23F","1","Crime Against Property","Theft From Motor Vehicle","LARCENY - FROM AUTO","BETHESDA","10400 BLK  ENGLISHMAN DR","ROCKVILLE","MD","20852","MCPD","Parking Lot - Residential","E","2E1","190","10400",,"ENGLISHMAN",,"DR","39.02578","-77.1084","2D","    (39.0258, -77.1084)"
"201590511","3605","260040020","09/12/2026 05:52:25 PM","09/12/2026 05:51:00 PM",,"90C","1","Crime Against Society","Disorderly Conduct","SEX OFFENSE - INDECENT EXPOSURE","SILVER SPRING","8200 BLK  DIXON AVE","SILVER SPRING","MD","20910","MCPD","Street - Other","G","3G1","094","8200",,"DIXON",,"AVE","0.0","0.0","3D","    (0.0, 0.0)"
"201590511","1399","260040020","09/12/2026 05:52:25 PM","09/12/2026 05:51:00 PM",,"13B","1","Crime Against Person","Simple Assault","ASSAULT - 2ND DEGREE","SILVER SPRING","8200 BLK  DIXON AVE","SILVER SPRING","MD","20910","MCPD","Street - Other","G","3G1","094","8200",,"DIXON",,"AVE","0.0","0.0","3D","    (0.0, 0.0)"
"201590528","9199","260040026","09/12/2026 05:48:48 PM","09/12/2026 05:48:00 PM",,"90Z","1","Crime Against Society","All Other Offenses","POLICE INFORMATION","SILVER SPRING","14100 BLK  CASTLE BLV","SILVER SPRING","MD","20904","MCPD","Residence - Single Family","I","3I2","380","14100",,"CASTLE",,"BLV","0.0","0.0","3D","    (0.0, 0.0)"
"201590501","2399","260040008",,"09/12/2026 04:50:00 PM",,"23H","1","Crime Against Property","All other Larceny","LARCENY (DESCRIBE OFFENSE)","SILVER SPRING","900 BLK  ELLSWORTH DR","SILVER SPRING","MD","20910","MCPD","Street - Commercial","G","3G1","109","900",,"ELLSWORTH",,"DR","38.99686","-77.0254","3D","    (38.9969, -77.0254)"
"201590553","1399","260040016","09/12/2026 04:42:48 PM","09/12/2026 04:42:00 PM",,"13B","1","Crime Against Person","Simple Assault","ASSAULT - 2ND DEGREE","ROCKVILLE","2000 BLK  DUNDEE RD","ROCKVILLE","MD","20850","RCPD","Residence - Single Family","B","1B1","238","2000",,"DUNDEE",,"RD","39.08809","-77.183","1D","    (39.0881, -77.183)"
"201590553","2902","260040016","09/12/2026 04:42:48 PM","09/12/2026 04:42:00 PM",,"290","1","Crime Against Property","Destruction/Damage/Vandalism of Property","DAMAGE PROPERTY - PRIVATE","ROCKVILLE","2000 BLK  DUNDEE RD","ROCKVILLE","MD","20850","RCPD","Residence - Single Family","B","1B1","238","2000",,"DUNDEE",,"RD","39.08809","-77.183","1D","    (39.0881, -77.183)"
"201590507","1399","260040012","09/12/2026 03:58:44 PM","09/12/2026 03:58:00 PM",,"13B","1","Crime Against Person","Simple Assault","ASSAULT - 2ND DEGREE","MONTGOMERY VILLAGE","200 BLK  OAKTON RD","GAITHERSBURG","MD","20877","GPD","Residence - Single Family","P","6P3","432","200",,"OAKTON",,"RD","39.13636","-77.1844","6D","    (39.1364, -77.1844)"
"201590499","2303","260040010","09/12/2026 03:57:19 PM","09/12/2026 03:57:00 PM",,"23C","1","Crime Against Property","Shoplifting","LARCENY - SHOPLIFTING","SILVER SPRING","15700 BLK  OLD COLUMBIA PIKE PIK","BURTONSVILLE","MD","20866","MCPD","Retail - Department/Discount Store","I","3I2","382","15700",,"OLD COLUMBIA PIKE",,"PIK","0.0","0.0","3D","    (0.0, 0.0)"
"201590504","1399","260040013","09/12/2026 03:51:18 PM","09/12/2026 03:51:00 PM",,"13B","2","Crime Against Person","Simple Assault","ASSAULT - 2ND DEGREE","WHEATON","2200 BLK  GLENALLAN AVE","SILVER SPRING","MD","20906","MCPD","Residence - Apartment/Condo","L","4L3","368","2200",,"GLENALLAN",,"AVE","39.06168","-77.0461","4D","    (39.0617, -77.0461)"
"201590524","2902","260040009","09/12/2026 03:44:44 PM","09/12/2026 03:44:00 PM",,"290","1","Crime Against Property","Destruction/Damage/Vandalism of Property","DAMAGE PROPERTY - PRIVATE","SILVER SPRING","8700 BLK  GEORGIA AVE","SILVER SPRING","MD","20910","MCPD","Parking Garage - Commercial","G","3G1","108","8700",,"GEORGIA",,"AVE","38.99752","-77.0297","3D","    (38.9975, -77.0297)"
"201590505","5404","260040005","09/12/2026 03:24:09 PM","09/12/2026 03:24:00 PM",,"90D","1","Crime Against Society","Driving Under the Influence","DRIVING UNDER THE INFLUENCE LIQUOR","WHEATON","11100 BLK  VEIRS MILL RD","SILVER SPRING","MD","20902","MCPD","Retail - Department/Discount Store","L","4L2","321","11100",,"VEIRS MILL",,"RD","39.03756","-77.0519","4D","    (39.0376, -77.0519)"
"201590736","2399","260040281","09/14/2026 02:43:39 PM","09/12/2026 03:00:00 PM",,"23H","1","Crime Against Property","All other Larceny","LARCENY (DESCRIBE OFFENSE)","SILVER SPRING","3300 BLK  CASTLE RIDGE CIR","SILVER SPRING","MD","20904","MCPD","Residence -Townhouse/Duplex","I","3I2","380","3300",,"CASTLE RIDGE",,"CIR","39.08644","-76.9422","3D","    (39.0864, -76.9422)"
"201590517","9199","260039999",,"09/12/2026 03:00:00 PM",,"90Z","1","Crime Against Society","All Other Offenses","POLICE INFORMATION","GERMANTOWN","20200 BLK  LAUREL HILL WAY","GERMANTOWN","MD","20874","GPD","Residence - Single Family","N","5N1","465","20200",,"LAUREL HILL",,"WAY","39.18737","-77.2827","5D","    (39.1874, -77.2827)"
"201590503","9199","260040003","09/12/2026 02:36:19 PM","09/12/2026 02:36:00 PM",,"90Z","1","Crime Against Society","All Other Offenses","POLICE INFORMATION","WHEATON","2400 BLK  KIMBERLY ST","SILVER SPRING","MD","20902","MCPD","Residence - Single Family","L","4L2","323","2400",,"KIMBERLY",,"ST","39.03189","-77.0501","4D","    (39.0319, -77.0501)"
"201590596","2399","260040002","09/12/2026 02:08:04 PM","09/12/2026 02:08:00 PM",,"23H","1","Crime Against Property","All other Larceny","LARCENY (DESCRIBE OFFENSE)","GERMANTOWN","12900 BLK  WISTERIA DR","GERMANTOWN","MD","20874","MCPD","Street - Other","N","5N1","702","12900",,"WISTERIA",,"DR","39.17689","-77.27","5D","    (39.1769, -77.27)"
"201590495","2303","260039997","09/12/2026 01:58:32 PM","09/12/2026 01:58:00 PM",,"23C","1","Crime Against Property","Shoplifting","LARCENY - SHOPLIFTING","WHEATON","11100 BLK  VEIRS MILL RD","SILVER SPRING","MD","20902","MCPD","Retail - Mall","L","4L2","321","11100",,"VEIRS MILL",,"RD","39.03756","-77.0519","4D","    (39.0376, -77.0519)"
"201591000","2308","260040233","09/14/2026 10:07:08 AM","09/12/2026 01:30:00 PM","09/13/2026 02:00:00 PM","23D","1","Crime Against Property","Theft from Building","LARCENY - FROM BLDG","BETHESDA","2300 BLK  COLSTON DR","SILVER SPRING","MD","20910","MCPD","Other/Unknown","D","2D1","087","2300",,"COLSTON",,"DR","38.99441","-77.0478","2D","    (38.9944, -77.0478)"
"201590491","9021","260039995","09/12/2026 01:08:35 PM","09/12/2026 01:08:00 PM",,"90I","1","Crime Against Not a Crime","Runaway","JUVENILE - RUNAWAY","GERMANTOWN","11500 BLK  ALDBURG WAY","GERMANTOWN","MD","20876","MCPD","Residence - Single Family","M","5M1","471","11500",,"ALDBURG",,"WAY","0.0","0.0","5D","    (0.0, 0.0)"
"201590497","2499","260039989","09/12/2026 12:13:16 PM","09/12/2026 12:45:00 PM","09/12/2026 12:10:00 PM","240","1","Crime Against Property","Motor Vehicle Theft","STOLEN VEHICLE (DESCRIBE OFFENSE)","ROCKVILLE","14900 BLK  SHADY GROVE RD","ROCKVILLE","MD","20850","RCPD","Street - Commercial","B","1B1","241","14900",,"SHADY GROVE",,"RD","39.09938","-77.1925","1D","    (39.0994, -77.1925)"
"201590483","1399","260039991","09/12/2026 12:06:53 PM","09/12/2026 12:06:00 PM",,"13B","1","Crime Against Person","Simple Assault","ASSAULT - 2ND DEGREE","GERMANTOWN","20300 BLK  BRANDERMILL DR","GERMANTOWN","MD","20876","MCPD","Residence - Single Family","M","5M1","471","20300",,"BRANDERMILL",,"DR","39.1905","-77.2339","5D","    (39.1905, -77.2339)"
"201590703","2303","260039990","09/12/2026 12:04:35 PM","09/12/2026 12:04:00 PM",,"23C","1","Crime Against Property","Shoplifting","LARCENY - SHOPLIFTING","BETHESDA","7100 BLK  DEMOCRACY BLV","BETHESDA","MD","20817","MCPD","Retail - Clothing","E","2E2","204","7100",,"DEMOCRACY",,"BLV","39.02202","-77.1473","2D","    (39.022, -77.1473)"
"201591049","9105","260040641","09/16/2026 03:53:10 PM","09/12/2026 12:00:00 PM",,"90Z","1","Crime Against Society","All Other Offenses","LOST PROPERTY","SILVER SPRING","10200 BLK  NEW HAMPSHIRE AVE","SILVER SPRING","MD","20903","MCPD","Gas Station","I","3I3","143","10200",,"NEW HAMPSHIRE",,"AVE","39.02224","-76.9774","3D","    (39.0222, -76.9774)"
"201590489","2303","260039987","09/12/2026 12:06:15 PM","09/12/2026 11:53:00 AM",,"23C","1","Crime Against Property","Shoplifting","LARCENY - SHOPLIFTING","GERMANTOWN","20900 BLK  FREDERICK RD","GERMANTOWN","MD","20876","MCPD","Retail - Department/Discount Store","M","5M1","701","20900",,"FREDERICK",,"RD","39.19829","-77.2448","5D","    (39.1983, -77.2448)"
"201590512","1399","260039982","09/12/2026 11:06:40 AM","09/12/2026 11:05:00 AM",,"13B","2","Crime Against Person","Simple Assault","ASSAULT - 2ND DEGREE","GERMANTOWN","28700 BLK  RIDGE RD","MT AIRY","MD","21771","MCPD","Residence - Single Family","M","5M2","485","28700",,"RIDGE",,"RD","0.0","0.0","5D","    (0.0, 0.0)"
"201590479","9021","260039979","09/12/2026 11:10:27 AM","09/12/2026 11:00:00 AM","09/12/2026 11:30:00 AM","90I","1","Crime Against Not a Crime","Runaway","JUVENILE - RUNAWAY","MONTGOMERY VILLAGE","17000 BLK  CATALPA CT","DERWOOD","MD","20855","MCPD","Residence - Single Family","R","6R3","665","17000",,"CATALPA",,"CT","39.13579","-77.1473","6D","    (39.1358, -77.1473)"
"201590481","3504","260039986","09/12/2026 11:48:55 AM","09/12/2026 11:00:00 AM","09/12/2026 12:00:00 PM","35A","1","Crime Against Society","Drug/Narcotic Violations","DRUGS - HALLUCINOGEN - POSSESS","MONTGOMERY VILLAGE","8500 BLK  SNOUFFER SCHOOL RD","GAITHERSBURG","MD","20879","MCPD","Street - Alley","R","6R3","421","8500",,"SNOUFFER SCHOOL",,"RD","39.16819","-77.175","6D","    (39.1682, -77.175)"
"201590490","1399","260039988",,"09/12/2026 11:00:00 AM",,"13B","1","Crime Against Person","Simple Assault","ASSAULT - 2ND DEGREE","MONTGOMERY VILLAGE","9900 BLK  MEDICAL CENTER DR","ROCKVILLE","MD","20850","MCPD","Hospital/Emergency Care Center","P","6P1","721","9900",,"MEDICAL CENTER",,"DR","39.09681","-77.1997","6D","    (39.0968, -77.1997)"
"201590500","2605","260040000","09/12/2026 03:08:53 PM","09/12/2026 10:48:00 AM",,"26B","1","Crime Against Property","Credit Card/Automatic Teller Machine Fraud","FRAUD - ILLEGAL USE CREDIT CARDS","ROCKVILLE","10000 BLK  COLEBROOK AVE","POTOMAC","MD","20854","MCPD","Residence - Single Family","B","1B2","230","10000",,"COLEBROOK",,"AVE","39.04551","-77.2061","1D","    (39.0455, -77.2061)"
"201590486","3806","260039981","09/12/2026 10:38:01 AM","09/12/2026 10:38:00 AM",,"90F","1","Crime Against Society","Family Offenses, NonViolent","FAMILY OFFENSE - NEGLECT CHILD (INCLUDES NONSUPPOR","WHEATON","17300 BLK  BUEHLER RD","OLNEY","MD","20832","MCPD","Other/Unknown","K","4K3","642","17300",,"BUEHLER",,"RD","39.14255","-77.0588","4D","    (39.1426, -77.0588)"
"201590492","1399","260039978","09/12/2026 10:42:50 AM","09/12/2026 10:31:00 AM",,"13B","1","Crime Against Person","Simple Assault","ASSAULT - 2ND DEGREE","ROCKVILLE","2000 BLK  DUNDEE RD","ROCKVILLE","MD","20850","RCPD","Residence - Single Family","B","1B1","238","2000",,"DUNDEE",,"RD","39.08809","-77.183","1D","    (39.0881, -77.183)"
"201590487","9101","260039975","09/12/2026 10:12:56 AM","09/12/2026 10:12:00 AM",,"90Z","1","Crime Against Society","All Other Offenses","SUDDEN DEATH","WHEATON","3600 BLK  BANQUO DR","SILVER SPRING","MD","20906","MCPD","Residence -Townhouse/Duplex","K","4K1","346","3600",,"BANQUO",,"DR","39.09339","-77.0712","4D","    (39.0934, -77.0712)"
"201590477","9108","260039973","09/12/2026 09:55:09 AM","09/12/2026 09:55:00 AM",,"90Z","1","Crime Against Society","All Other Offenses","RECOVERED PROPERTY - MONT CO.","GERMANTOWN","20000 BLK  AIRCRAFT DR","GERMANTOWN","MD","20874","MCPD","Government Building","N","5N1","702","20000",,"AIRCRAFT",,"DR","39.18396","-77.2617","5D","    (39.184, -77.2617)"
"201590602","2304","260040138","09/13/2026 03:17:26 PM","09/12/2026 09:00:00 AM","09/12/2026 03:00:00 PM","23G","1","Crime Against Property","Theft of Motor Vehicle Parts or Accessories","LARCENY - AUTO PARTS","GERMANTOWN","12200 BLK  EAGLES NEST CT","GERMANTOWN","MD","20874","MCPD","Parking Lot - Residential","N","5N1","447","12200",,"EAGLES NEST",,"CT","39.16435","-77.2509","5D","    (39.1643, -77.2509)"
"201590842","2404","260040405","09/15/2026 09:44:59 AM","09/12/2026 08:45:00 AM","09/15/2026 09:27:00 AM","240","1","Crime Against Property","Motor Vehicle Theft","AUTO THEFT - VEHICLE THEFT","ROCKVILLE","500 BLK  SOUTHLAWN LA","ROCKVILLE","MD","20850","RCPD","Auto Dealership","A","1A1","287","500",,"SOUTHLAWN",,"LA","0.0","0.0","1D","    (0.0, 0.0)"
"201590475","2999","260039970","09/12/2026 09:00:41 AM","09/12/2026 08:39:00 AM",,"290","1","Crime Against Property","Destruction/Damage/Vandalism of Property","DAMAGE PROPERTY (DESCRIBE OFFENSE)","TAKOMA PARK","7200 BLK  TRESCOTT AVE","TAKOMA PARK","MD","20912","TPPD","Street - In vehicle","T","8T2","805","7200",,"TRESCOTT",,"AVE","38.98176","-76.994","TPPD","    (38.9818, -76.994)"
"201590474","9101","260039968","09/12/2026 08:29:41 AM","09/12/2026 08:29:00 AM",,"90Z","1","Crime Against Society","All Other Offenses","SUDDEN DEATH","BETHESDA","5200 BLK  POOKS HILL RD","BETHESDA","MD","20814","MCPD","Residence - Apartment/Condo","E","2E1","071","5200",,"POOKS HILL",,"RD","39.01434","-77.1061","2D","    (39.0143, -77.1061)"
"201590888","2303","260040471",,"09/12/2026 08:16:00 AM","09/12/2026 08:45:00 AM","23C","1","Crime Against Property","Shoplifting","LARCENY - SHOPLIFTING","GERMANTOWN","20900 BLK  FREDERICK RD","GERMANTOWN","MD","20876","MCPD","Grocery/Supermarket","M","5M1","701","20900",,"FREDERICK",,"RD","39.19829","-77.2448","5D","    (39.1983, -77.2448)"
"201590560","2305","260039964","09/12/2026 08:11:22 AM","09/12/2026 08:11:00 AM",,"23F","1","Crime Against Property","Theft From Motor Vehicle","LARCENY - FROM AUTO","SILVER SPRING","8000 BLK  13TH ST","SILVER SPRING","MD","20910","MCPD","Parking Garage - County","G","3G1","090","8000",,"13TH",,"ST","0.0","0.0","3D","    (0.0, 0.0)"
"201590468","9107","260039965","09/12/2026 07:38:36 AM","09/12/2026 07:38:00 AM",,"90Z","1","Crime Against Society","All Other Offenses","MISSING PERSON","TAKOMA PARK","7100 BLK  WOODLAND AVE","TAKOMA PARK","MD","20912","TPPD","Residence - Single Family","T","8T1","802","7100",,"WOODLAND",,"AVE","38.97746","-77.0037","TPPD","    (38.9775, -77.0037)"
"201590463","2610","260039849",,"09/12/2026 07:06:00 AM",,"26F","1","Crime Against Property","Identity Theft","IDENTITY THEFT","SILVER SPRING","8700 BLK  1ST AVE","SILVER SPRING","MD","20910","MCPD","Cyberspace","G","3G1","095","8700",,"1ST",,"AVE","0.0","0.0","3D","    (0.0, 0.0)"
"201590494","1399","260039960","09/12/2026 07:05:53 AM","09/12/2026 07:05:00 AM",,"13B","1","Crime Against Person","Simple Assault","ASSAULT - 2ND DEGREE","WHEATON","5300 BLK  NORBECK RD","ROCKVILLE","MD","20853","MCPD","Residence -Townhouse/Duplex","K","4K1","529","5300",,"NORBECK",,"RD","39.09735","-77.1061","4D","    (39.0973, -77.1061)"
"201590518","2399","260040015","09/12/2026 04:55:45 PM","09/12/2026 07:00:00 AM","09/12/2026 12:00:00 AM","23H","1","Crime Against Property","All other Larceny","LARCENY (DESCRIBE OFFENSE)","SILVER SPRING","900 BLK  BUCKINGHAM DR","SILVER SPRING","MD","20901","MCPD","Other/Unknown","G","3G3","133","900",,"BUCKINGHAM",,"DR","39.0077","-76.9943","3D","    (39.0077, -76.9943)"
"201590471","1399","260039959","09/12/2026 06:59:29 AM","09/12/2026 06:59:00 AM",,"13B","1","Crime Against Person","Simple Assault","ASSAULT - 2ND DEGREE","BETHESDA","4400 BLK  WILLARD AVE","CHEVY CHASE","MD","20815","MCPD","Street - Commercial","D","2D2","005","4400",,"WILLARD",,"AVE","38.96191","-77.0862","2D","    (38.9619, -77.0862)"
"201590470","1399","260039962","09/12/2026 07:39:39 AM","09/12/2026 06:00:00 AM",,"13B","1","Crime Against Person","Simple Assault","ASSAULT - 2ND DEGREE","GERMANTOWN","19800 BLK  OBSERVATION DR","GERMANTOWN","MD","20876","MCPD","Hospital/Emergency Care Center","M","5M1","468","19800",,"OBSERVATION",,"DR","39.18076","-77.2441","5D","    (39.1808, -77.2441)"
"201590466","2404","260039961","09/12/2026 06:53:02 AM","09/12/2026 05:00:00 AM","09/12/2026 05:30:00 AM","240","1","Crime Against Property","Motor Vehicle Theft","AUTO THEFT - VEHICLE THEFT","SILVER SPRING","1000 BLK  QUEBEC TER","SILVER SPRING","MD","20903","MCPD","Parking Lot - Residential","G","3G3","132","1000",,"QUEBEC",,"TER","0.0","0.0","3D","    (0.0, 0.0)"
"201590457","9199","260039953","09/12/2026 04:33:39 AM","09/12/2026 04:33:00 AM",,"90Z","1","Crime Against Society","All Other Offenses","POLICE INFORMATION","MONTGOMERY VILLAGE","19500 BLK  TRANSHIRE RD","MONTGOMERY VILLAGE","MD","20886","MCPD","Residence -Townhouse/Duplex","R","6R2","544","19500",,"TRANSHIRE",,"RD","39.17537","-77.1972","6D","    (39.1754, -77.1972)"
"201590459","2999","260039955","09/12/2026 04:20:03 AM","09/12/2026 04:20:00 AM",,"290","1","Crime Against Property","Destruction/Damage/Vandalism of Property","DAMAGE PROPERTY (DESCRIBE OFFENSE)","SILVER SPRING","1500 BLK  HAMPSHIRE WEST CT","SILVER SPRING","MD","20903","MCPD","Residence - Apartment/Condo","I","3I3","137","1500",,"HAMPSHIRE WEST",,"CT","39.00841","-76.9807","3D","    (39.0084, -76.9807)"
"201590459","1313","260039955","09/12/2026 04:20:03 AM","09/12/2026 04:20:00 AM",,"13B","1","Crime Against Person","Simple Assault","ASSAULT - SIMPLE","SILVER SPRING","1500 BLK  HAMPSHIRE WEST CT","SILVER SPRING","MD","20903","MCPD","Residence - Apartment/Condo","I","3I3","137","1500",,"HAMPSHIRE WEST",,"CT","39.00841","-76.9807","3D","    (39.0084, -76.9807)"
"201590453","9199","260039952","09/12/2026 04:25:36 AM","09/12/2026 03:40:00 AM",,"90Z","1","Crime Against Society","All Other Offenses","POLICE INFORMATION","ROCKVILLE","600 BLK  BLANDFORD ST","ROCKVILLE","MD","20850","RCPD","Residence - Apartment/Condo","A","1A2","260","600",,"BLANDFORD",,"ST","39.07754","-77.1508","1D","    (39.0775, -77.1508)"
"201590456","4801","260039949","09/12/2026 03:02:21 AM","09/12/2026 03:02:00 AM",,"90Z","1","Crime Against Society","All Other Offenses","OBSTRUCT POLICE - RESISTING OFFICER","MONTGOMERY VILLAGE","700 BLK S FREDERICK AVE","GAITHERSBURG","MD","20877","GPD","Gas Station","P","6P3","432","700","S","FREDERICK",,"AVE","39.12795","-77.1852","6D","    (39.1279, -77.1852)"
"201590456","2303","260039949","09/12/2026 03:02:21 AM","09/12/2026 03:02:00 AM",,"23C","1","Crime Against Property","Shoplifting","LARCENY - SHOPLIFTING","MONTGOMERY VILLAGE","700 BLK S FREDERICK AVE","GAITHERSBURG","MD","20877","GPD","Gas Station","P","6P3","432","700","S","FREDERICK",,"AVE","39.12795","-77.1852","6D","    (39.1279, -77.1852)"
"201590562","2305","260039967","09/12/2026 08:29:27 AM","09/12/2026 02:30:00 AM","09/12/2026 07:40:00 AM","23F","1","Crime Against Property","Theft From Motor Vehicle","LARCENY - FROM AUTO","SILVER SPRING","7700 BLK  BLAIR RD","TAKOMA PARK","MD","20912","MCPD","Parking Lot - Commercial","G","3G1","091","7700",,"BLAIR",,"RD","0.0","0.0","3D","    (0.0, 0.0)"
"201590523","2902","260039946","09/12/2026 02:04:53 AM","09/12/2026 02:04:00 AM",,"290","1","Crime Against Property","Destruction/Damage/Vandalism of Property","DAMAGE PROPERTY - PRIVATE","MONTGOMERY VILLAGE","600 BLK  KINGFISHER AVE","GAITHERSBURG","MD","20877","GPD","Street - In vehicle","P","6P3","419","600",,"KINGFISHER",,"AVE","39.1546","-77.1909","6D","    (39.1546, -77.1909)"
"201590485","2305","260039992","09/12/2026 11:59:38 AM","09/12/2026 02:00:00 AM","09/12/2026 06:00:00 AM","23F","1","Crime Against Property","Theft From Motor Vehicle","LARCENY - FROM AUTO","BETHESDA","6700 BLK  DEMOCRACY BLV","BETHESDA","MD","20817","MCPD","Hotel/Motel/Etc.","E","2E1","197","6700",,"DEMOCRACY",,"BLV","39.02146","-77.1379","2D","    (39.0215, -77.1379)"
"201590447","3530","260039944",,"09/12/2026 01:41:00 AM",,"35A","1","Crime Against Society","Drug/Narcotic Violations","DRUGS - COCAINE - SELL","GERMANTOWN","20000 BLK  AIRCRAFT DR","GERMANTOWN","MD","20874","MCPD","Street - In vehicle","N","5N1","702","20000",,"AIRCRAFT",,"DR","39.18396","-77.2617","5D","    (39.184, -77.2617)"
"201590680","2305","260040119","09/13/2026 01:04:34 PM","09/12/2026 12:00:00 AM","09/13/2026 11:00:00 AM","23F","1","Crime Against Property","Theft From Motor Vehicle","LARCENY - FROM AUTO","BETHESDA","8600 BLK  16TH ST","SILVER SPRING","MD","20910","MCPD","Parking Lot - Residential","D","2D1","517","8600",,"16TH",,"ST","0.0","0.0","2D","    (0.0, 0.0)"
"201590510","5016","260040004","09/12/2026 03:05:30 PM","09/12/2026 12:00:00 AM",,"90Z","1","Crime Against Society","All Other Offenses","OBSTRUCT GOVT - VIOLATION OF A COURT ORDER","BETHESDA","11000 BLK  MADISON ST","KENSINGTON","MD","20895","MCPD","Residence - Single Family","D","2D1","314","11000",,"MADISON",,"ST","39.03601","-77.0701","2D","    (39.036, -77.0701)"
"201590813","2404","260040392","09/15/2026 08:28:37 AM","09/11/2026 11:30:00 PM","09/15/2026 08:00:00 AM","240","1","Crime Against Property","Motor Vehicle Theft","AUTO THEFT - VEHICLE THEFT","SILVER SPRING","8300 BLK  PINEY BRANCH RD","SILVER SPRING","MD","20910","MCPD","Residence - Driveway","G","3G1","115","8300",,"PINEY BRANCH",,"RD","38.9937","-77.009","3D","    (38.9937, -77.009)"
"201590985","2305","260040604","09/16/2026 12:46:27 PM","09/11/2026 11:00:00 PM","09/12/2026 02:30:00 AM","23F","1","Crime Against Property","Theft From Motor Vehicle","LARCENY - FROM AUTO","SILVER SPRING","8100 BLK  FENTON ST","SILVER SPRING","MD","20910","MCPD","Parking Garage - Other","G","3G1","093","8100",,"FENTON",,"ST","38.99021","-77.0239","3D","    (38.9902, -77.0239)"
"201590563","2305","260039972","09/12/2026 08:49:21 AM","09/11/2026 11:00:00 PM","09/12/2026 07:45:00 AM","23F","1","Crime Against Property","Theft From Motor Vehicle","LARCENY - FROM AUTO","SILVER SPRING","7900 BLK  GEORGIA AVE","SILVER SPRING","MD","20910","MCPD","Parking Lot - Commercial","G","3G1","090","7900",,"GEORGIA",,"AVE","38.98534","-77.0266","3D","    (38.9853, -77.0266)"
"201590444","9199","260039939","09/11/2026 11:09:34 PM","09/11/2026 10:43:00 PM","09/11/2026 11:10:00 PM","90Z","1","Crime Against Society","All Other Offenses","POLICE INFORMATION","WHEATON","11100 BLK  GEORGIA AVE","SILVER SPRING","MD","20902","MCPD","Residence - Apartment/Condo","L","4L2","352","11100",,"GEORGIA",,"AVE","0.0","0.0","4D","    (0.0, 0.0)"
"201590445","9199","260039941","09/11/2026 10:39:57 PM","09/11/2026 10:39:00 PM",,"90Z","1","Crime Against Society","All Other Offenses","POLICE INFORMATION","ROCKVILLE","15200 BLK  SUGARLAND RD","POOLESVILLE","MD","20837","MCPD","Residence - Driveway","B","1B3","461","15200",,"SUGARLAND",,"RD","39.10405","-77.3673","1D","    (39.1041, -77.3673)"
"201590435","3550","260039931",,"09/11/2026 10:21:00 PM",,"35B","1","Crime Against Society","Drug Equipment Violations","DRUGS - NARCOTIC EQUIP - POSSESS","MONTGOMERY VILLAGE","9600 BLK  LOST KNIFE RD","GAITHERSBURG","MD","20877","GPD","Street - Bus Stop","R","6R1","505","9600",,"LOST KNIFE",,"RD","39.15237","-77.1983","6D","    (39.1524, -77.1983)"
"201590439","9101","260039937","09/11/2026 10:12:21 PM","09/11/2026 10:12:00 PM",,"90Z","1","Crime Against Society","All Other Offenses","SUDDEN DEATH","ROCKVILLE","11700 BLK  KAREN DR","POTOMAC","MD","20854","MCPD","Residence - Single Family","B","1B1","222","11700",,"KAREN",,"DR","0.0","0.0","1D","    (0.0, 0.0)"
"201590449","5404","260039935","09/11/2026 09:59:56 PM","09/11/2026 09:59:00 PM",,"90D","1","Crime Against Society","Driving Under the Influence","DRIVING UNDER THE INFLUENCE LIQUOR","WHEATON","12400 BLK  GOODHILL RD","SILVER SPRING","MD","20906","MCPD","Street - In vehicle","L","4L3","334","12400",,"GOODHILL",,"RD","39.05937","-77.0715","4D","    (39.0594, -77.0715)"
"201590440","2999","260039933","09/11/2026 09:52:48 PM","09/11/2026 09:52:00 PM",,"290","1","Crime Against Property","Destruction/Damage/Vandalism of Property","DAMAGE PROPERTY (DESCRIBE OFFENSE)","ROCKVILLE","300 BLK  PRETTYMAN DR","ROCKVILLE","MD","20850","RCPD","Residence - Apartment/Condo","B","1B1","241","300",,"PRETTYMAN",,"DR","39.09418","-77.1939","1D","    (39.0942, -77.1939)"
"201590458","9021","260039934","09/11/2026 09:48:30 PM","09/11/2026 09:48:00 PM",,"90I","1","Crime Against Not a Crime","Runaway","JUVENILE - RUNAWAY","WHEATON","1700 BLK  MAYHEW DR","SILVER SPRING","MD","20902","MCPD","Residence - Single Family","L","4L2","353","1700",,"MAYHEW",,"DR","39.03618","-77.0373","4D","    (39.0362, -77.0373)"
"201591118","9105","260040650","09/16/2026 04:26:19 PM","09/11/2026 09:30:00 PM",,"90Z","1","Crime Against Society","All Other Offenses","LOST PROPERTY","ROCKVILLE","1200 BLK  GLADSTONE DR","ROCKVILLE","MD","20851","RCPD","Parking Lot - Residential","A","1A2","292","1200",,"GLADSTONE",,"DR","39.08421","-77.1276","1D","    (39.0842, -77.1276)"
"201590472","2404","260039969","09/12/2026 08:43:58 AM","09/11/2026 09:30:00 PM","09/12/2026 08:45:00 AM","240","1","Crime Against Property","Motor Vehicle Theft","AUTO THEFT - VEHICLE THEFT","BETHESDA","7500 BLK  BYBROOK LA","CHEVY CHASE","MD","20815","MCPD","Residence - Driveway","D","2D1","010","7500",,"BYBROOK",,"LA","38.98394","-77.0587","2D","    (38.9839, -77.0587)"
"201590864","3532","260039924",,"09/11/2026 09:00:00 PM",,"35A","1","Crime Against Society","Drug/Narcotic Violations","DRUGS - COCAINE - POSSESS","SILVER SPRING",,"SILVER SPRING","MD","20904","MCPD","Street - In vehicle","I","3I1","145",,,"STEWART",,"LA","39.00034","-77.0738","3D","    (39.0003, -77.0738)"
"201590858","4199","260039927","09/11/2026 08:59:08 PM","09/11/2026 08:59:00 PM",,"90G","1","Crime Against Society","Liquor Law Violations","LIQUOR (DESCRIBE OFFENSE)","BETHESDA","5000 BLK  NICHOLSON LA","ROCKVILLE","MD","20852","MCPD","Parking Lot - Commercial","D","2D1","187","5000",,"NICHOLSON",,"LA","39.04696","-77.1027","2D","    (39.047, -77.1027)"
"201590858","3550","260039927","09/11/2026 08:59:08 PM","09/11/2026 08:59:00 PM",,"35B","1","Crime Against Society","Drug Equipment Violations","DRUGS - NARCOTIC EQUIP - POSSESS","BETHESDA","5000 BLK  NICHOLSON LA","ROCKVILLE","MD","20852","MCPD","Parking Lot - Commercial","D","2D1","187","5000",,"NICHOLSON",,"LA","39.04696","-77.1027","2D","    (39.047, -77.1027)"
"201590437","9199","260039936","09/11/2026 08:55:26 PM","09/11/2026 08:55:00 PM",,"90Z","1","Crime Against Society","All Other Offenses","POLICE INFORMATION","WHEATON","12700 BLK  LAYHILL RD","SILVER SPRING","MD","20906","MCPD","Residence - Apt Ofc/Storage","L","4L3","368","12700",,"LAYHILL",,"RD","39.06454","-77.049","4D","    (39.0645, -77.049)"
"201590434","9107","260039923","09/11/2026 08:50:29 PM","09/11/2026 08:50:00 PM",,"90Z","1","Crime Against Society","All Other Offenses","MISSING PERSON","MONTGOMERY VILLAGE","1  BLK  IVY OAK CT","GAITHERSBURG","MD","20877","MCPD","Residence -Townhouse/Duplex","R","6R3","542","1",,"IVY OAK",,"CT","39.15652","-77.1589","6D","    (39.1565, -77.1589)"
"201590498","9101","260039920","09/11/2026 08:41:36 PM","09/11/2026 08:41:00 PM",,"90Z","1","Crime Against Society","All Other Offenses","SUDDEN DEATH","SILVER SPRING","11700 BLK  OLD COLUMBIA PIKE PIK","SILVER SPRING","MD","20904","MCPD","Residence - Apartment/Condo","I","3I1","145","11700",,"OLD COLUMBIA PIKE",,"PIK","0.0","0.0","3D","    (0.0, 0.0)"
"201590431","2399","260039928","09/11/2026 08:14:57 PM","09/11/2026 08:14:00 PM",,"23H","1","Crime Against Property","All other Larceny","LARCENY (DESCRIBE OFFENSE)","MONTGOMERY VILLAGE","19800 BLK  WHEELWRIGHT DR","MONTGOMERY VILLAGE","MD","20886","MCPD","Residence -Townhouse/Duplex","R","6R2","547","19800",,"WHEELWRIGHT",,"DR","39.18104","-77.212","6D","    (39.181, -77.212)"
"201590423","9108","260039919","09/11/2026 08:09:35 PM","09/11/2026 08:09:00 PM",,"90Z","1","Crime Against Society","All Other Offenses","RECOVERED PROPERTY - MONT CO.","ROCKVILLE","1  BLK W MONTGOMERY AVE","ROCKVILLE","MD","20850","RCPD","Government Building","A","1A1","255","1","W","MONTGOMERY",,"AVE","39.1457","-77.2037","1D","    (39.1457, -77.2037)"
"201590416","5202","260039876",,"09/11/2026 08:01:00 PM",,"520","1","Crime Against Society","Weapon Law Violations","WEAPON - CONCEALED","MONTGOMERY VILLAGE","18700 BLK N FREDERICK AVE","GAITHERSBURG","MD","20879","MCPD","Street - Other","R","6R2","545","18700","N","FREDERICK",,"AVE","39.16256","-77.2253","6D","    (39.1626, -77.2253)"
"201590416","3599","260039876",,"09/11/2026 08:01:00 PM",,"35A","1","Crime Against Society","Drug/Narcotic Violations","DRUGS - DANGEROUS (DESCRIBE OFFENSE)","MONTGOMERY VILLAGE","18700 BLK N FREDERICK AVE","GAITHERSBURG","MD","20879","MCPD","Street - Other","R","6R2","545","18700","N","FREDERICK",,"AVE","39.16256","-77.2253","6D","    (39.1626, -77.2253)"
"201590416","3550","260039876",,"09/11/2026 08:01:00 PM",,"35B","1","Crime Against Society","Drug Equipment Violations","DRUGS - NARCOTIC EQUIP - POSSESS","MONTGOMERY VILLAGE","18700 BLK N FREDERICK AVE","GAITHERSBURG","MD","20879","MCPD","Street - Other","R","6R2","545","18700","N","FREDERICK",,"AVE","39.16256","-77.2253","6D","    (39.1626, -77.2253)"
"201590533","2303","260039916",,"09/11/2026 08:00:00 PM",,"23C","1","Crime Against Property","Shoplifting","LARCENY - SHOPLIFTING","WHEATON","11100 BLK  VEIRS MILL RD","SILVER SPRING","MD","20902","MCPD","Retail - Mall","L","4L2","321","11100",,"VEIRS MILL",,"RD","39.03756","-77.0519","4D","    (39.0376, -77.0519)"
"201590506","2304","260040019","09/12/2026 05:58:36 PM","09/11/2026 08:00:00 PM","09/12/2026 04:00:00 PM","23G","1","Crime Against Property","Theft of Motor Vehicle Parts or Accessories","LARCENY - AUTO PARTS","GERMANTOWN","12900 BLK  PINNACLE DR","GERMANTOWN","MD","20874","MCPD","Parking Lot - Residential","N","5N1","702","12900",,"PINNACLE",,"DR","39.18209","-77.2651","5D","    (39.1821, -77.2651)"
"201590454","5311","260039918","09/11/2026 07:53:12 PM","09/11/2026 07:53:00 PM",,"90C","1","Crime Against Society","Disorderly Conduct","PUBLIC PEACE - DISORDERLY CONDUCT","MONTGOMERY VILLAGE","200 BLK N FREDERICK AVE","GAITHERSBURG","MD","20877","GPD","Street - Bus Stop","P","6P2","428","200","N","FREDERICK",,"AVE","39.09454","-77.1506","6D","    (39.0945, -77.1506)"
"201590454","5299","260039918","09/11/2026 07:53:12 PM","09/11/2026 07:53:00 PM",,"520","1","Crime Against Society","Weapon Law Violations","WEAPON OFFENSE (DESCRIBE OFFENSE)","MONTGOMERY VILLAGE","200 BLK N FREDERICK AVE","GAITHERSBURG","MD","20877","GPD","Street - Bus Stop","P","6P2","428","200","N","FREDERICK",,"AVE","39.09454","-77.1506","6D","    (39.0945, -77.1506)"
"201590454","4801","260039918","09/11/2026 07:53:12 PM","09/11/2026 07:53:00 PM",,"90Z","1","Crime Against Society","All Other Offenses","OBSTRUCT POLICE - RESISTING OFFICER","MONTGOMERY VILLAGE","200 BLK N FREDERICK AVE","GAITHERSBURG","MD","20877","GPD","Street - Bus Stop","P","6P2","428","200","N","FREDERICK",,"AVE","39.09454","-77.1506","6D","    (39.0945, -77.1506)"
"201590415","9199","260039911","09/11/2026 07:42:42 PM","09/11/2026 07:42:00 PM",,"90Z","1","Crime Against Society","All Other Offenses","POLICE INFORMATION","MONTGOMERY VILLAGE","18800 BLK  WOODFIELD RD","GAITHERSBURG","MD","20879","MCPD","Parking Lot - Commercial","R","6R3","421","18800",,"WOODFIELD",,"RD","39.16425","-77.1572","6D","    (39.1643, -77.1572)"
"201590837","4199","260039906","09/11/2026 07:14:22 PM","09/11/2026 07:30:00 PM",,"90G","1","Crime Against Society","Liquor Law Violations","LIQUOR (DESCRIBE OFFENSE)","ROCKVILLE","1800 BLK  ROCKVILLE PIK","ROCKVILLE","MD","20852","MCPD","Street - In vehicle","A","1A2","272","1800",,"ROCKVILLE",,"PIK","39.06028","-77.1226","1D","    (39.0603, -77.1226)"
"201590565","2305","260039996","09/12/2026 10:18:58 AM","09/11/2026 07:00:00 PM","09/12/2026 09:00:00 AM","23F","1","Crime Against Property","Theft From Motor Vehicle","LARCENY - FROM AUTO","GERMANTOWN","19300 BLK  HOTTINGER CIR","GERMANTOWN","MD","20874","MCPD","Street - Residential","N","5N1","447","19300",,"HOTTINGER",,"CIR","39.17332","-77.2535","5D","    (39.1733, -77.2535)"
"201590411","5309","260039903","09/11/2026 06:58:24 PM","09/11/2026 06:58:00 PM",,"90Z","1","Crime Against Society","All Other Offenses","PUBLIC PEACE - HARASSING COMMUNICATION","ROCKVILLE","11100 BLK  CANDLELIGHT LA","POTOMAC","MD","20854","MCPD","Residence - Single Family","B","1B1","221","11100",,"CANDLELIGHT",,"LA","39.03858","-77.1697","1D","    (39.0386, -77.1697)"
"201590420","9061","260039907","09/11/2026 07:19:09 PM","09/11/2026 06:53:00 PM",,"90Z","1","Crime Against Society","All Other Offenses","FUGITIVE FROM MD JURISDICTION","ROCKVILLE","1  BLK W MONTGOMERY AVE","ROCKVILLE","MD","20850","RCPD","Government Building","A","1A1","255","1","W","MONTGOMERY",,"AVE","39.1457","-77.2037","1D","    (39.1457, -77.2037)"
"201590442","9113","260039909","09/11/2026 06:45:34 PM","09/11/2026 06:45:00 PM",,"90Z","1","Crime Against Society","All Other Offenses","MENTAL ILLNESS - EMERGENCY PETITION","SILVER SPRING","500 BLK  THAYER AVE","SILVER SPRING","MD","20910","MCPD","Residence - Apartment/Condo","G","3G1","514","500",,"THAYER",,"AVE","38.99384","-77.0115","3D","    (38.9938, -77.0115)"
"201590446","9113","260039912","09/11/2026 06:45:02 PM","09/11/2026 06:44:00 PM",,"90Z","1","Crime Against Society","All Other Offenses","MENTAL ILLNESS - EMERGENCY PETITION","ROCKVILLE","800 BLK  ELMCROFT BLV","ROCKVILLE","MD","20850","RCPD","Residence - Single Family","A","1A1","439","800",,"ELMCROFT",,"BLV","39.11525","-77.1685","1D","    (39.1153, -77.1685)"
"201590677","9062","260039896",,"09/11/2026 06:25:00 PM",,"90Z","1","Crime Against Society","All Other Offenses","FUGITIVE FROM JUSTICE (OUT OF STATE)","ROCKVILLE","1300 BLK  SEVEN LOCKS RD","POTOMAC","MD","20854","MCPD","Jail/Prison","B","1B1","228","1300",,"SEVEN LOCKS",,"RD","39.06691","-77.1616","1D","    (39.0669, -77.1616)"
"201590428","9108","260039902","09/11/2026 06:22:13 PM","09/11/2026 06:22:00 PM",,"90Z","1","Crime Against Society","All Other Offenses","RECOVERED PROPERTY - MONT CO.","GERMANTOWN","11500 BLK  SIR SPENCER WAY","GERMANTOWN","MD","20876","MCPD","Street - Other","M","5M1","472","11500",,"SIR SPENCER",,"WAY","39.19622","-77.2392","5D","    (39.1962, -77.2392)"
"201590438","2303","260039901","09/11/2026 06:17:22 PM","09/11/2026 06:17:00 PM",,"23C","1","Crime Against Property","Shoplifting","LARCENY - SHOPLIFTING","WHEATON","11100 BLK  VEIRS MILL RD","SILVER SPRING","MD","20902","MCPD","Retail - Mall","L","4L2","321","11100",,"VEIRS MILL",,"RD","39.03756","-77.0519","4D","    (39.0376, -77.0519)"
"201590424","9113","260039922","09/11/2026 06:14:12 PM","09/11/2026 06:14:00 PM",,"90Z","1","Crime Against Society","All Other Offenses","MENTAL ILLNESS - EMERGENCY PETITION","SILVER SPRING",,"SILVER SPRING","MD","20904","MCPD","Street - Commercial","I","3I1","145",,,"COLUMBIA",,"PIK","38.9762","-77.0072","3D","    (38.9762, -77.0072)"
"201590409","9113","260039892","09/11/2026 05:30:38 PM","09/11/2026 05:30:00 PM",,"90Z","1","Crime Against Society","All Other Offenses","MENTAL ILLNESS - EMERGENCY PETITION","MONTGOMERY VILLAGE","6100 BLK  GRANBY RD","DERWOOD","MD","20855","MCPD","Residence - Single Family","R","6R3","716","6100",,"GRANBY",,"RD","39.16815","-77.1241","6D","    (39.1681, -77.1241)"
"201590404","9105","260039894","09/11/2026 05:58:52 PM","09/11/2026 05:00:00 PM","09/11/2026 05:30:00 PM","90Z","1","Crime Against Society","All Other Offenses","LOST PROPERTY","ROCKVILLE","5700 BLK  BOU AVE","ROCKVILLE","MD","20852","MCPD","Other/Unknown","A","1A2","735","5700",,"BOU",,"AVE","0.0","0.0","1D","    (0.0, 0.0)"
"201590992","2399","260040607","09/16/2026 12:31:25 PM","09/11/2026 05:00:00 PM",,"23H","1","Crime Against Property","All other Larceny","LARCENY (DESCRIBE OFFENSE)","TAKOMA PARK","7500 BLK  MAPLE AVE","TAKOMA PARK","MD","20912","TPPD","School - Elementary/Secondary","T","8T2","804","7500",,"MAPLE",,"AVE","0.0","0.0","TPPD","    (0.0, 0.0)"
"201590469","2305","260039966","09/12/2026 08:26:04 AM","09/11/2026 05:00:00 PM","09/12/2026 07:30:00 AM","23F","1","Crime Against Property","Theft From Motor Vehicle","LARCENY - FROM AUTO","SILVER SPRING","10300 BLK  CASTLEHEDGE TER","SILVER SPRING","MD","20902","MCPD","Parking Lot - Residential","G","3G2","168","10300",,"CASTLEHEDGE",,"TER","39.02518","-77.0407","3D","    (39.0252, -77.0407)"
"201590829","1199","260040228","09/14/2026 10:16:57 AM","09/11/2026 04:50:00 PM","09/11/2026 05:10:00 PM","11D","1","Crime Against Person","Forcible Fondling","SEX ASSAULT - FONDLING","GERMANTOWN","22500 BLK  WIMS RD","CLARKSBURG","MD","20871","MCPD","School - Elementary/Secondary","M","5M3","598","22500",,"WIMS",,"RD","0.0","0.0","5D","    (0.0, 0.0)"
"201590413","9021","260039888","09/11/2026 04:50:30 PM","09/11/2026 04:50:00 PM",,"90I","1","Crime Against Not a Crime","Runaway","JUVENILE - RUNAWAY","WHEATON","3100 BLK  HEWITT AVE","SILVER SPRING","MD","20906","MCPD","Residence - Apartment/Condo","K","4K1","348","3100",,"HEWITT",,"AVE","0.0","0.0","4D","    (0.0, 0.0)"
"201590843","2303","260039884","09/11/2026 04:42:03 PM","09/11/2026 04:42:00 PM",,"23C","1","Crime Against Property","Shoplifting","LARCENY - SHOPLIFTING","WHEATON","11100 BLK  VEIRS MILL RD","SILVER SPRING","MD","20902","MCPD","Retail - Mall","L","4L2","321","11100",,"VEIRS MILL",,"RD","39.03756","-77.0519","4D","    (39.0376, -77.0519)"
"201590725","2308","260039886","09/11/2026 04:31:56 PM","09/11/2026 04:31:00 PM",,"23D","1","Crime Against Property","Theft from Building","LARCENY - FROM BLDG","SILVER SPRING","3000 BLK  PIANO LA","SILVER SPRING","MD","20904","MCPD","Residence - Single Family","I","3I2","378","3000",,"PIANO",,"LA","0.0","0.0","3D","    (0.0, 0.0)"
"201590406","1204","260039883","09/11/2026 04:30:25 PM","09/11/2026 04:30:00 PM",,"120","1","Crime Against Property","Robbery","ROBBERY - STREET-GUN","GERMANTOWN","13000 BLK  TOWN COMMONS DR","GERMANTOWN","MD","20874","MCPD","Street - Residential","N","5N1","702","13000",,"TOWN COMMONS",,"DR","39.18209","-77.2683","5D","    (39.1821, -77.2683)"
"201590374","9108","260039863",,"09/11/2026 03:32:00 PM","09/11/2026 03:50:00 PM","90Z","1","Crime Against Society","All Other Offenses","RECOVERED PROPERTY - MONT CO.","BETHESDA","4800 BLK  RUGBY AVE","BETHESDA","MD","20814","MCPD","Other/Unknown","D","2D2","049","4800",,"RUGBY",,"AVE","0.0","0.0","2D","    (0.0, 0.0)"
"201590488","2601","260039980","09/12/2026 11:02:31 AM","09/11/2026 03:30:00 PM","09/11/2026 05:30:00 PM","26A","1","Crime Against Property","False Pretenses/Swindle/Confidence Game","FRAUD - CONFIDENCE GAME","MONTGOMERY VILLAGE","17600 BLK  LARCHMONT TER","GAITHERSBURG","MD","20877","MCPD","Street - Residential","P","6P3","767","17600",,"LARCHMONT",,"TER","39.14646","-77.1737","6D","    (39.1465, -77.1737)"
"201590382","9199","260039870","09/11/2026 03:18:37 PM","09/11/2026 03:18:00 PM","09/11/2026 04:06:00 PM","90Z","1","Crime Against Society","All Other Offenses","POLICE INFORMATION","ROCKVILLE","14900 BLK  SHADY GROVE RD","ROCKVILLE","MD","20850","RCPD","Parking Lot - Commercial","B","1B1","241","14900",,"SHADY GROVE",,"RD","39.09938","-77.1925","1D","    (39.0994, -77.1925)"
"201590443","9199","260039921","09/11/2026 08:31:28 PM","09/11/2026 03:15:00 PM","09/11/2026 11:40:00 PM","90Z","1","Crime Against Society","All Other Offenses","POLICE INFORMATION","ROCKVILLE","300 BLK S HORNERS LA","ROCKVILLE","MD","20850","RCPD","Residence - Single Family","A","1A1","284","300","S","HORNERS",,"LA","39.08852","-77.1433","1D","    (39.0885, -77.1433)"
"201590601","2304","260040141","09/13/2026 02:48:28 PM","09/11/2026 02:48:00 PM","09/13/2026 02:46:00 PM","23G","1","Crime Against Property","Theft of Motor Vehicle Parts or Accessories","LARCENY - AUTO PARTS","ROCKVILLE","2000 BLK  BALTIMORE RD","ROCKVILLE","MD","20851","RCPD","Parking Lot - Residential","A","1A2","290","2000",,"BALTIMORE",,"RD","39.08424","-77.119","1D","    (39.0842, -77.119)"
"201590387","9042","260039868","09/11/2026 02:45:33 PM","09/11/2026 02:45:00 PM",,"90Z","1","Crime Against Society","All Other Offenses","SUICIDE - ATTEMPT","MONTGOMERY VILLAGE","20000 BLK  HOB HILL WAY","MONTGOMERY VILLAGE","MD","20886","MCPD","Residence -Townhouse/Duplex","R","6R2","504","20000",,"HOB HILL",,"WAY","0.0","0.0","6D","    (0.0, 0.0)"
"201590436","1399","260039859","09/11/2026 02:36:09 PM","09/11/2026 02:36:00 PM",,"13B","1","Crime Against Person","Simple Assault","ASSAULT - 2ND DEGREE","GERMANTOWN","20000 BLK  AIRCRAFT DR","GERMANTOWN","MD","20874","MCPD","Retail - Beauty/Barber Shop","N","5N1","702","20000",,"AIRCRAFT",,"DR","39.18396","-77.2617","5D","    (39.184, -77.2617)"
"201590986","2303","260040602",,"09/11/2026 02:25:00 PM",,"23C","1","Crime Against Property","Shoplifting","LARCENY - SHOPLIFTING","BETHESDA","7100 BLK  DEMOCRACY BLV","BETHESDA","MD","20817","MCPD","Retail - Clothing","E","2E2","204","7100",,"DEMOCRACY",,"BLV","39.02202","-77.1473","2D","    (39.022, -77.1473)"
"201590373","9199","260039860","09/11/2026 02:17:46 PM","09/11/2026 02:17:00 PM",,"90Z","1","Crime Against Society","All Other Offenses","POLICE INFORMATION","ROCKVILLE","1  BLK W MONTGOMERY AVE","ROCKVILLE","MD","20850","RCPD","Street - Other","A","1A1","255","1","W","MONTGOMERY",,"AVE","39.1457","-77.2037","1D","    (39.1457, -77.2037)"
"201590679","9199","260039865",,"09/11/2026 02:00:00 PM","09/11/2026 02:58:00 PM","90Z","1","Crime Against Society","All Other Offenses","POLICE INFORMATION","BETHESDA","7100 BLK  WHITTIER BLV","BETHESDA","MD","20817","MCPD","School - Elementary/Secondary","E","2E1","026","7100",,"WHITTIER",,"BLV","38.9813","-77.1257","2D","    (38.9813, -77.1257)"
"201590375","9199","260039867","09/11/2026 01:58:37 PM","09/11/2026 01:58:00 PM",,"90Z","1","Crime Against Society","All Other Offenses","POLICE INFORMATION","WHEATON","18100 BLK  PRINCE PHILIP DR","OLNEY","MD","20832","MCPD","Hospital/Emergency Care Center","K","4K3","401","18100",,"PRINCE PHILIP",,"DR","39.15425","-77.0569","4D","    (39.1542, -77.0569)"
"201590354","2304","260039852","09/11/2026 01:52:49 PM","09/11/2026 01:52:00 PM",,"23G","1","Crime Against Property","Theft of Motor Vehicle Parts or Accessories","LARCENY - AUTO PARTS","SILVER SPRING","11400 BLK  STEWART LA","SILVER SPRING","MD","20904","MCPD","Parking Lot - Residential","I","3I1","145","11400",,"STEWART",,"LA","39.04396","-76.9802","3D","    (39.044, -76.9802)"
"201590362","9199","260039858","09/11/2026 01:46:59 PM","09/11/2026 01:46:00 PM",,"90Z","1","Crime Against Society","All Other Offenses","POLICE INFORMATION","BETHESDA","4800 BLK  RUGBY AVE","BETHESDA","MD","20814","MCPD","Other/Unknown","D","2D2","049","4800",,"RUGBY",,"AVE","0.0","0.0","2D","    (0.0, 0.0)"
"201590398","3550","260039848",,"09/11/2026 01:44:00 PM",,"35B","1","Crime Against Society","Drug Equipment Violations","DRUGS - NARCOTIC EQUIP - POSSESS","MONTGOMERY VILLAGE","18300 BLK  CONTOUR RD","GAITHERSBURG","MD","20877","MCPD","Street - Bus Stop","R","6R1","505","18300",,"CONTOUR",,"RD","39.15531","-77.2004","6D","    (39.1553, -77.2004)"
"201590377","3899","260039854","09/11/2026 01:43:39 PM","09/11/2026 01:43:00 PM","09/11/2026 12:00:00 AM","90F","1","Crime Against Society","Family Offenses, NonViolent","FAMILY OFFENSE (DESCRIBE OFFENSE)","SILVER SPRING","700 BLK  SLIGO AVE","SILVER SPRING","MD","20910","MCPD","Residence - Apartment/Condo","G","3G1","515","700",,"SLIGO",,"AVE","0.0","0.0","3D","    (0.0, 0.0)"
"201590371","1399","260039862",,"09/11/2026 01:42:00 PM","09/11/2026 03:23:00 PM","13B","1","Crime Against Person","Simple Assault","ASSAULT - 2ND DEGREE","ROCKVILLE","1300 BLK  PICCARD DR","ROCKVILLE","MD","20850","MCPD","Residence - Other","A","1A1","242","1300",,"PICCARD",,"DR","39.10186","-77.1771","1D","    (39.1019, -77.1771)"
"201590838","2303","260039845","09/11/2026 01:32:22 PM","09/11/2026 01:32:00 PM",,"23C","1","Crime Against Property","Shoplifting","LARCENY - SHOPLIFTING","WHEATON","11100 BLK  VEIRS MILL RD","SILVER SPRING","MD","20902","MCPD","Retail - Mall","L","4L2","321","11100",,"VEIRS MILL",,"RD","39.03756","-77.0519","4D","    (39.0376, -77.0519)"
"201590603","2303","260039853","09/11/2026 01:31:02 PM","09/11/2026 01:31:00 PM",,"23C","1","Crime Against Property","Shoplifting","LARCENY - SHOPLIFTING","ROCKVILLE","5700 BLK  BOU AVE","ROCKVILLE","MD","20852","MCPD","Retail - Department/Discount Store","A","1A2","735","5700",,"BOU",,"AVE","0.0","0.0","1D","    (0.0, 0.0)"
"201590394","9109","260039850","09/11/2026 01:30:00 PM","09/11/2026 01:30:00 PM",,"90Z","1","Crime Against Society","All Other Offenses","RECOVERED PROPERTY - OTHER","ROCKVILLE","800 BLK  1ST ST","ROCKVILLE","MD","20850","RCPD","Park","A","1A1","286","800",,"1ST",,"ST","0.0","0.0","1D","    (0.0, 0.0)"
"201590561","2303","260039836","09/11/2026 01:04:15 PM","09/11/2026 01:04:00 PM",,"23C","1","Crime Against Property","Shoplifting","LARCENY - SHOPLIFTING","SILVER SPRING","12000 BLK  CHERRY HILL RD","SILVER SPRING","MD","20904","MCPD","Bank - ATM","I","3I1","146","12000",,"CHERRY HILL",,"RD","39.05259","-76.9531","3D","    (39.0526, -76.9531)"
"201590350","9113","260039840","09/11/2026 12:44:56 PM","09/11/2026 12:44:00 PM",,"90Z","1","Crime Against Society","All Other Offenses","MENTAL ILLNESS - EMERGENCY PETITION","MONTGOMERY VILLAGE","14900 BLK  BROSCHART RD","ROCKVILLE","MD","20850","MCPD","Other/Unknown","P","6P1","721","14900",,"BROSCHART",,"RD","39.10017","-77.2012","6D","    (39.1002, -77.2012)"
"201590410","2902","260039872","09/11/2026 12:43:34 PM","09/11/2026 12:43:00 PM",,"290","1","Crime Against Property","Destruction/Damage/Vandalism of Property","DAMAGE PROPERTY - PRIVATE","MONTGOMERY VILLAGE","15000 BLK  BROSCHART RD","ROCKVILLE","MD","20850","MCPD","School - Elementary/Secondary","P","6P1","721","15000",,"BROSCHART",,"RD","39.10179","-77.2003","6D","    (39.1018, -77.2003)"
"201591022","1399","260040644",,"09/11/2026 12:30:00 PM",,"13B","1","Crime Against Person","Simple Assault","ASSAULT - 2ND DEGREE","SILVER SPRING","8400 BLK  COLESVILLE RD","SILVER SPRING","MD","20910","MCPD","Air/Bus/Train/Metro Terminal","G","3G1","094","8400",,"COLESVILLE",,"RD","38.99394","-77.0315","3D","    (38.9939, -77.0315)"
"201590348","9201","260039831","09/11/2026 12:28:17 PM","09/11/2026 12:28:00 PM",,"90Z","1","Crime Against Society","All Other Offenses","OVERDOSE","SILVER SPRING","1  BLK  UNIVERSITY BLV E","SILVER SPRING","MD","20901","MCPD","School - Elementary/Secondary","I","3I3","156","1",,"UNIVERSITY","E","BLV","39.02037","-77.0127","3D","    (39.0204, -77.0127)"
"201590776","2605","260039904","09/11/2026 06:52:17 PM","09/11/2026 12:00:00 PM",,"26B","1","Crime Against Property","Credit Card/Automatic Teller Machine Fraud","FRAUD - ILLEGAL USE CREDIT CARDS","MONTGOMERY VILLAGE","1  BLK  HIGHLAND AVE","GAITHERSBURG","MD","20877","MCPD","Other/Unknown","R","6R1","548","1",,"HIGHLAND",,"AVE","39.14658","-77.2","6D","    (39.1466, -77.2)"
"201591139","2308","260040809","09/17/2026 01:37:08 PM","09/11/2026 12:00:00 PM","09/12/2026 12:00:00 PM","23D","1","Crime Against Property","Theft from Building","LARCENY - FROM BLDG","SILVER SPRING","1500 BLK  FOREST GLEN RD","SILVER SPRING","MD","20910","MCPD","Hospital/Emergency Care Center","G","3G2","169","1500",,"FOREST GLEN",,"RD","39.01613","-77.0329","3D","    (39.0161, -77.0329)"
"201590389","9199","260039857","09/11/2026 11:48:22 AM","09/11/2026 11:48:00 AM",,"90Z","1","Crime Against Society","All Other Offenses","POLICE INFORMATION","MONTGOMERY VILLAGE","18400 BLK  CHERRY LAUREL LA","GAITHERSBURG","MD","20879","MCPD","Parking Lot - Residential","R","6R3","420","18400",,"CHERRY LAUREL",,"LA","39.15953","-77.1649","6D","    (39.1595, -77.1649)"
"201590370","9199","260039829","09/11/2026 11:47:15 AM","09/11/2026 11:46:00 AM",,"90Z","1","Crime Against Society","All Other Offenses","POLICE INFORMATION","BETHESDA","6500 BLK  79TH ST","CABIN JOHN","MD","20818","MCPD","Residence - Yard","E","2E2","063","6500",,"79TH",,"ST","0.0","0.0","2D","    (0.0, 0.0)"
"201590343","5299","260039811",,"09/11/2026 11:44:00 AM",,"520","1","Crime Against Society","Weapon Law Violations","WEAPON OFFENSE (DESCRIBE OFFENSE)","GERMANTOWN",,"CLARKSBURG","MD","20871","MCPD","Street - Bus Stop","M","5M3","476",,,"FREDERICK",,"RD","39.24915","-77.2973","5D","    (39.2492, -77.2973)"
"201590353","1399","260039828","09/11/2026 11:34:47 AM","09/11/2026 11:34:00 AM",,"13B","1","Crime Against Person","Simple Assault","ASSAULT - 2ND DEGREE","WHEATON",,"SILVER SPRING","MD","20902","MCPD","Street - Bus Stop","L","4L2","355",,,"GEORGIA",,"AVE","39.10125","-77.0769","4D","    (39.1013, -77.0769)"
"201590353","5311","260039828","09/11/2026 11:34:47 AM","09/11/2026 11:34:00 AM",,"90C","1","Crime Against Society","Disorderly Conduct","PUBLIC PEACE - DISORDERLY CONDUCT","WHEATON",,"SILVER SPRING","MD","20902","MCPD","Gas Station","L","4L2","355",,,"GEORGIA",,"AVE","39.10125","-77.0769","4D","    (39.1013, -77.0769)"
"201590353","4801","260039828","09/11/2026 11:34:47 AM","09/11/2026 11:34:00 AM",,"90Z","1","Crime Against Society","All Other Offenses","OBSTRUCT POLICE - RESISTING OFFICER","WHEATON",,"SILVER SPRING","MD","20902","MCPD","Gas Station","L","4L2","355",,,"GEORGIA",,"AVE","39.10125","-77.0769","4D","    (39.1013, -77.0769)"
"201590378","1399","260039826","09/11/2026 11:30:47 AM","09/11/2026 11:30:00 AM",,"13B","1","Crime Against Person","Simple Assault","ASSAULT - 2ND DEGREE","GERMANTOWN","19500 BLK  WATERS RD","GERMANTOWN","MD","20874","MCPD","Retail - Other","N","5N1","702","19500",,"WATERS",,"RD","0.0","0.0","5D","    (0.0, 0.0)"
"201590433","9199","260039929","09/11/2026 11:21:32 AM","09/11/2026 11:21:00 AM",,"90Z","1","Crime Against Society","All Other Offenses","POLICE INFORMATION","TAKOMA PARK","7100 BLK  WOODLAND AVE","TAKOMA PARK","MD","20912","TPPD","Residence - Single Family","T","8T1","802","7100",,"WOODLAND",,"AVE","38.97746","-77.0037","TPPD","    (38.9775, -77.0037)"
"201590824","9105","260040417",,"09/11/2026 11:18:00 AM",,"90Z","1","Crime Against Society","All Other Offenses","LOST PROPERTY","GERMANTOWN","19500 BLK  WATERS RD","GERMANTOWN","MD","20874","MCPD","Residence - Apartment/Condo","N","5N1","702","19500",,"WATERS",,"RD","0.0","0.0","5D","    (0.0, 0.0)"
"201590358","2399","260039841","09/11/2026 01:23:47 PM","09/11/2026 11:00:00 AM","09/11/2026 12:00:00 PM","23H","1","Crime Against Property","All other Larceny","LARCENY (DESCRIBE OFFENSE)","SILVER SPRING","8500 BLK  2ND AVE","SILVER SPRING","MD","20910","MCPD","Street - Commercial","G","3G1","095","8500",,"2ND",,"AVE","0.0","0.0","3D","    (0.0, 0.0)"
"201590341","9199","260039822","09/11/2026 10:25:25 AM","09/11/2026 10:25:00 AM",,"90Z","1","Crime Against Society","All Other Offenses","POLICE INFORMATION","ROCKVILLE","10700 BLK  GAINSBOROUGH RD","POTOMAC","MD","20854","MCPD","School - Elementary/Secondary","B","1B1","221","10700",,"GAINSBOROUGH",,"RD","39.03052","-77.1727","1D","    (39.0305, -77.1727)"
"201590773","2610","260039871","09/11/2026 03:25:04 PM","09/11/2026 10:00:00 AM",,"26F","1","Crime Against Property","Identity Theft","IDENTITY THEFT","MONTGOMERY VILLAGE","19000 BLK  MONTGOMERY VILLAGE AVE","MONTGOMERY VILLAGE","MD","20886","MCPD","Other/Unknown","R","6R2","546","19000",,"MONTGOMERY VILLAGE",,"AVE","39.16884","-77.2047","6D","    (39.1688, -77.2047)"
"201590379","1302","260039816","09/11/2026 10:02:57 AM","09/11/2026 09:50:00 AM","09/11/2026 02:00:00 PM","13A","1","Crime Against Person","Aggravated Assault","ASSAULT - AGGRAVATED - FAMILY-OTHER WEAPON","BETHESDA","7800 BLK  ORACLE PL","POTOMAC","MD","20854","MCPD","Residence -Townhouse/Duplex","E","2E2","520","7800",,"ORACLE",,"PL","39.03226","-77.1584","2D","    (39.0323, -77.1584)"
"201590385","9113","260039814","09/11/2026 09:46:34 AM","09/11/2026 09:46:00 AM",,"90Z","1","Crime Against Society","All Other Offenses","MENTAL ILLNESS - EMERGENCY PETITION","GERMANTOWN","12800 BLK  LOCBURY CIR","GERMANTOWN","MD","20874","MCPD","Retail - Other","N","5N1","702","12800",,"LOCBURY",,"CIR","0.0","0.0","5D","    (0.0, 0.0)"
"201590464","9101","260039810","09/11/2026 09:23:37 AM","09/11/2026 09:23:00 AM",,"90Z","1","Crime Against Society","All Other Offenses","SUDDEN DEATH","MONTGOMERY VILLAGE","400 BLK  RUSSELL AVE","GAITHERSBURG","MD","20877","GPD","Residence - Nursing Home","R","6R1","548","400",,"RUSSELL",,"AVE","39.14859","-77.1996","6D","    (39.1486, -77.1996)"
"201590339","1399","260039793","09/11/2026 08:28:23 AM","09/11/2026 08:28:00 AM",,"13B","1","Crime Against Person","Simple Assault","ASSAULT - 2ND DEGREE","GERMANTOWN","22400 BLK  BRICK HAVEN WAY","CLARKSBURG","MD","20871","MCPD","School - Elementary/Secondary","M","5M3","598","22400",,"BRICK HAVEN",,"WAY","39.22071","-77.263","5D","    (39.2207, -77.263)"
"201590347","9199","260039797","09/11/2026 07:21:32 AM","09/11/2026 07:21:00 AM",,"90Z","1","Crime Against Society","All Other Offenses","POLICE INFORMATION","WHEATON","19500 BLK  OLNEY MILL RD","OLNEY","MD","20832","MCPD","School - Elementary/Secondary","K","4K3","400","19500",,"OLNEY MILL",,"RD","39.17692","-77.0693","4D","    (39.1769, -77.0693)"
"201590346","9101","260039784","09/11/2026 07:21:55 AM","09/11/2026 07:21:00 AM","09/11/2026 12:00:00 AM","90Z","1","Crime Against Society","All Other Offenses","SUDDEN DEATH","SILVER SPRING","500 BLK  THAYER AVE","SILVER SPRING","MD","20910","MCPD","Residence - Apartment/Condo","G","3G1","113","500",,"THAYER",,"AVE","38.99384","-77.0115","3D","    (38.9938, -77.0115)"
"201590326","9106","260039783","09/11/2026 07:13:36 AM","09/11/2026 07:13:00 AM",,"90Z","1","Crime Against Society","All Other Offenses","MENTAL ILLNESS","MONTGOMERY VILLAGE","18800 BLK  PURPLE MARTIN LA","GAITHERSBURG","MD","20879","MCPD","Residence -Townhouse/Duplex","R","6R1","503","18800",,"PURPLE MARTIN",,"LA","39.16521","-77.188","6D","    (39.1652, -77.188)"
"201590335","1399","260039779","09/11/2026 07:04:33 AM","09/11/2026 07:04:00 AM",,"13B","2","Crime Against Person","Simple Assault","ASSAULT - 2ND DEGREE","MONTGOMERY VILLAGE","9800 BLK  HELLINGLY PL","MONTGOMERY VILLAGE","MD","20886","MCPD","Residence -Townhouse/Duplex","R","6R1","766","9800",,"HELLINGLY",,"PL","39.15921","-77.2039","6D","    (39.1592, -77.2039)"
"201590493","9199","260039785","09/11/2026 06:50:41 AM","09/11/2026 06:50:00 AM",,"90Z","1","Crime Against Society","All Other Offenses","POLICE INFORMATION","WHEATON","13300 BLK  ARCTIC AVE","ROCKVILLE","MD","20853","MCPD","School - Elementary/Secondary","K","4K1","340","13300",,"ARCTIC",,"AVE","0.0","0.0","4D","    (0.0, 0.0)"
"201590325","9101","260039778","09/11/2026 06:44:14 AM","09/11/2026 06:44:00 AM",,"90Z","1","Crime Against Society","All Other Offenses","SUDDEN DEATH","ROCKVILLE","9600 BLK  BARKSTON CT","ROCKVILLE","MD","20850","MCPD","Residence - Single Family","B","1B1","236","9600",,"BARKSTON",,"CT","39.06147","-77.1989","1D","    (39.0615, -77.1989)"
"201590363","9113","260039788","09/11/2026 06:15:26 AM","09/11/2026 06:15:00 AM",,"90Z","1","Crime Against Society","All Other Offenses","MENTAL ILLNESS - EMERGENCY PETITION","GERMANTOWN","18200 BLK  SMOKE HOUSE CT","GERMANTOWN","MD","20874","MCPD","Residence -Townhouse/Duplex","N","5N2","448","18200",,"SMOKE HOUSE",,"CT","39.15308","-77.2675","5D","    (39.1531, -77.2675)"
"201590329","2404","260039800","09/11/2026 08:30:37 AM","09/11/2026 05:00:00 AM",,"240","1","Crime Against Property","Motor Vehicle Theft","AUTO THEFT - VEHICLE THEFT","SILVER SPRING","11600 BLK  STEWART LA","SILVER SPRING","MD","20904","MCPD","Parking Lot - Residential","I","3I1","145","11600",,"STEWART",,"LA","39.0455","-76.9849","3D","    (39.0455, -76.9849)"
"201590321","2999","260039773","09/11/2026 04:26:25 AM","09/11/2026 04:24:00 AM",,"290","1","Crime Against Property","Destruction/Damage/Vandalism of Property","DAMAGE PROPERTY (DESCRIBE OFFENSE)","TAKOMA PARK","1  BLK  HICKORY AVE","TAKOMA PARK","MD","20912","TPPD","Street - Residential","T","8T1","802","1",,"HICKORY",,"AVE","38.97599","-77.0074","TPPD","    (38.976, -77.0074)"
"201590321","2305","260039773","09/11/2026 04:26:25 AM","09/11/2026 04:24:00 AM",,"23F","1","Crime Against Property","Theft From Motor Vehicle","LARCENY - FROM AUTO","TAKOMA PARK","1  BLK  HICKORY AVE","TAKOMA PARK","MD","20912","TPPD","Street - Residential","T","8T1","802","1",,"HICKORY",,"AVE","38.97599","-77.0074","TPPD","    (38.976, -77.0074)"
"201590320","2499","260039772","09/11/2026 03:10:35 AM","09/11/2026 03:10:00 AM",,"240","1","Crime Against Property","Motor Vehicle Theft","STOLEN VEHICLE (DESCRIBE OFFENSE)","SILVER SPRING","14900 BLK  SADDLE CREEK DR","BURTONSVILLE","MD","20866","MCPD","Residence - Driveway","I","3I2","381","14900",,"SADDLE CREEK",,"DR","39.1003","-76.918","3D","    (39.1003, -76.918)"
"201590318","9101","260039771","09/11/2026 02:42:14 AM","09/11/2026 02:42:00 AM",,"90Z","1","Crime Against Society","All Other Offenses","SUDDEN DEATH","MONTGOMERY VILLAGE","19400 BLK  HAVEN WHITE CT","GAITHERSBURG","MD","20879","MCPD","Residence - Single Family","R","6R3","417","19400",,"HAVEN WHITE",,"CT","39.17182","-77.1422","6D","    (39.1718, -77.1422)"
"201590361","2299","260039844","09/11/2026 12:40:57 PM","09/11/2026 02:24:00 AM","09/11/2026 02:26:00 AM","220","1","Crime Against Property","Burglary/Breaking and Entering","BURGLARY (DESCRIBE OFFENSE)","BETHESDA","7300 BLK  WISCONSIN AVE","BETHESDA","MD","20814","MCPD","Commercial - Office Building","D","2D2","034","7300",,"WISCONSIN",,"AVE","38.98224","-77.0931","2D","    (38.9822, -77.0931)"
"201590665","2303","260039766","09/11/2026 01:09:51 AM","09/11/2026 01:09:00 AM",,"23C","1","Crime Against Property","Shoplifting","LARCENY - SHOPLIFTING","MONTGOMERY VILLAGE","700 BLK S FREDERICK AVE","GAITHERSBURG","MD","20877","GPD","Convenience Store","P","6P3","432","700","S","FREDERICK",,"AVE","39.12795","-77.1852","6D","    (39.1279, -77.1852)"
"201590314","2404","260039770","09/11/2026 01:09:07 AM","09/11/2026 01:09:00 AM",,"240","1","Crime Against Property","Motor Vehicle Theft","AUTO THEFT - VEHICLE THEFT","MONTGOMERY VILLAGE","17600 BLK  TOWNE CREST DR","GAITHERSBURG","MD","20877","MCPD","Parking Lot - Residential","P","6P3","767","17600",,"TOWNE CREST",,"DR","39.14506","-77.1738","6D","    (39.1451, -77.1738)"
"201590317","5016","260039769","09/11/2026 12:54:17 AM","09/11/2026 12:54:00 AM",,"90Z","1","Crime Against Society","All Other Offenses","OBSTRUCT GOVT - VIOLATION OF A COURT ORDER","SILVER SPRING","500 BLK  THAYER AVE","SILVER SPRING","MD","20910","MCPD","Residence - Apartment/Condo","G","3G1","514","500",,"THAYER",,"AVE","38.99384","-77.0115","3D","    (38.9938, -77.0115)"
"201590317","1399","260039769","09/11/2026 12:54:17 AM","09/11/2026 12:54:00 AM",,"13B","3","Crime Against Person","Simple Assault","ASSAULT - 2ND DEGREE","SILVER SPRING","500 BLK  THAYER AVE","SILVER SPRING","MD","20910","MCPD","Residence - Apartment/Condo","G","3G1","514","500",,"THAYER",,"AVE","38.99384","-77.0115","3D","    (38.9938, -77.0115)"
"201591183","9105","260040837","09/17/2026 03:55:05 PM","09/11/2026 12:00:00 AM","09/14/2026 07:00:00 AM","90Z","1","Crime Against Society","All Other Offenses","LOST PROPERTY","ROCKVILLE","1400 BLK  ROCKVILLE PIK","ROCKVILLE","MD","20852","MCPD","Other/Unknown","A","1A2","266","1400",,"ROCKVILLE",,"PIK","39.06745","-77.1285","1D","    (39.0675, -77.1285)"
"201590701","2304","260040247",,"09/11/2026 12:00:00 AM","09/14/2026 12:00:00 PM","23G","1","Crime Against Property","Theft of Motor Vehicle Parts or Accessories","LARCENY - AUTO PARTS","BETHESDA","4400 BLK  ELM ST","CHEVY CHASE","MD","20815","MCPD","Street - Residential","D","2D2","035","4400",,"ELM",,"ST","0.0","0.0","2D","    (0.0, 0.0)"
"201591016","2605","260040636","09/16/2026 02:55:50 PM","09/11/2026 12:00:00 AM","09/16/2026 12:00:00 AM","26B","1","Crime Against Property","Credit Card/Automatic Teller Machine Fraud","FRAUD - ILLEGAL USE CREDIT CARDS","SILVER SPRING","2300 BLK  HOMESTEAD DR","SILVER SPRING","MD","20902","MCPD","Other/Unknown","G","3G2","173","2300",,"HOMESTEAD",,"DR","39.0256","-77.0474","3D","    (39.0256, -77.0474)"
"201590316","5016","260039762","09/10/2026 11:29:11 PM","09/10/2026 11:29:00 PM","09/10/2026 11:29:00 PM","90Z","1","Crime Against Society","All Other Offenses","OBSTRUCT GOVT - VIOLATION OF A COURT ORDER","MONTGOMERY VILLAGE","2600 BLK  RESEARCH BLV","ROCKVILLE","MD","20850","MCPD","Residence - Apartment/Condo","P","6P1","721","2600",,"RESEARCH",,"BLV","39.10499","-77.1904","6D","    (39.105, -77.1904)"
"201590311","9201","260039761","09/10/2026 11:16:12 PM","09/10/2026 11:16:00 PM",,"90Z","1","Crime Against Society","All Other Offenses","OVERDOSE","ROCKVILLE","8900 BLK  TUCKERMAN LA","POTOMAC","MD","20854","MCPD","Residence - Single Family","B","1B1","225","8900",,"TUCKERMAN",,"LA","39.04871","-77.1841","1D","    (39.0487, -77.1841)"
"201590319","9113","260039758","09/10/2026 09:26:33 PM","09/10/2026 11:14:00 PM","09/10/2026 11:40:00 PM","90Z","1","Crime Against Society","All Other Offenses","MENTAL ILLNESS - EMERGENCY PETITION","ROCKVILLE","100 BLK  MONROE ST","ROCKVILLE","MD","20850","RCPD","Residence - Apartment/Condo","A","1A1","276","100",,"MONROE",,"ST","39.08284","-77.1489","1D","    (39.0828, -77.1489)"
"201590319","9052","260039758","09/10/2026 09:26:33 PM","09/10/2026 11:14:00 PM","09/10/2026 11:40:00 PM","90Z","1","Crime Against Society","All Other Offenses","FIRE CODE VIOLATION","ROCKVILLE","100 BLK  MONROE ST","ROCKVILLE","MD","20850","RCPD","Residence - Apartment/Condo","A","1A1","276","100",,"MONROE",,"ST","39.08284","-77.1489","1D","    (39.0828, -77.1489)"
"201590312","2901","260039760","09/10/2026 10:50:41 PM","09/10/2026 10:50:00 PM",,"290","1","Crime Against Property","Destruction/Damage/Vandalism of Property","DAMAGE PROPERTY - BUSINESS","BETHESDA","8100 BLK  WISCONSIN AVE","BETHESDA","MD","20814","MCPD","Hotel/Motel/Etc.","D","2D2","049","8100",,"WISCONSIN",,"AVE","38.99123","-77.0956","2D","    (38.9912, -77.0956)"
"201590312","2203","260039760","09/10/2026 10:50:41 PM","09/10/2026 10:50:00 PM",,"220","1","Crime Against Property","Burglary/Breaking and Entering","BURGLARY - FORCED ENTRY-NONRESIDENTIAL","BETHESDA","8100 BLK  WISCONSIN AVE","BETHESDA","MD","20814","MCPD","Hotel/Motel/Etc.","D","2D2","049","8100",,"WISCONSIN",,"AVE","38.99123","-77.0956","2D","    (38.9912, -77.0956)"
"201590307","9113","260039757","09/10/2026 10:33:43 PM","09/10/2026 10:33:00 PM",,"90Z","1","Crime Against Society","All Other Offenses","MENTAL ILLNESS - EMERGENCY PETITION","GERMANTOWN","12900 BLK  FALLING WATER CIR","GERMANTOWN","MD","20874","MCPD","Residence - Apartment/Condo","N","5N1","702","12900",,"FALLING WATER",,"CIR","39.18591","-77.2658","5D","    (39.1859, -77.2658)"
"201590313","2699","260039759","09/10/2026 10:24:33 PM","09/10/2026 10:24:00 PM",,"26A","1","Crime Against Property","False Pretenses/Swindle/Confidence Game","FRAUD (DESCRIBE OFFENSE)","BETHESDA","10500 BLK  WEYMOUTH ST","BETHESDA","MD","20814","MCPD","Bank/S&L/Credit Union","D","2D1","185","10500",,"WEYMOUTH",,"ST","39.02888","-77.0958","2D","    (39.0289, -77.0958)"
"201590333","2404","260039809","09/11/2026 09:05:05 AM","09/10/2026 10:00:00 PM","09/11/2026 07:00:00 AM","240","1","Crime Against Property","Motor Vehicle Theft","AUTO THEFT - VEHICLE THEFT","WHEATON","14100 BLK  WEEPING WILLOW DR","SILVER SPRING","MD","20906","MCPD","Parking Lot - Residential","K","4K1","348","14100",,"WEEPING WILLOW",,"DR","39.08771","-77.0675","4D","    (39.0877, -77.0675)"
"201590450","9113","260039756","09/10/2026 09:52:08 PM","09/10/2026 09:52:00 PM",,"90Z","1","Crime Against Society","All Other Offenses","MENTAL ILLNESS - EMERGENCY PETITION","BETHESDA","5300 BLK  MARINELLI RD","ROCKVILLE","MD","20852","MCPD","Shelter-Mission/Homeless","D","2D1","187","5300",,"MARINELLI",,"RD","39.04795","-77.1054","2D","    (39.048, -77.1054)"
"201590308","9106","260039751","09/10/2026 09:37:46 PM","09/10/2026 09:37:00 PM","09/10/2026 09:37:00 PM","90Z","1","Crime Against Society","All Other Offenses","MENTAL ILLNESS","SILVER SPRING","1200 BLK  SCHINDLER DR","SILVER SPRING","MD","20903","MCPD","Residence - Single Family","I","3I3","144","1200",,"SCHINDLER",,"DR","39.0321","-76.9878","3D","    (39.0321, -76.9878)"
"201590297","1216","260039754","09/10/2026 09:28:48 PM","09/10/2026 09:28:00 PM",,"120","1","Crime Against Property","Robbery","ROBBERY - STRONG ARM","SILVER SPRING",,"SILVER SPRING","MD","20910","MCPD","Gas Station","G","3G1","108",,,"GEORGIA",,"AVE","39.10125","-77.0769","3D","    (39.1013, -77.0769)"
"201590673","9199","260039748","09/10/2026 09:17:37 PM","09/10/2026 09:17:00 PM",,"90Z","1","Crime Against Society","All Other Offenses","POLICE INFORMATION","BETHESDA","4300 BLK  WILLOW LA","CHEVY CHASE","MD","20815","MCPD","Street - In vehicle","D","2D2","035","4300",,"WILLOW",,"LA","38.98266","-77.0869","2D","    (38.9827, -77.0869)"
"201590282","1399","260039740","09/10/2026 08:46:47 PM","09/10/2026 08:46:00 PM",,"13B","1","Crime Against Person","Simple Assault","ASSAULT - 2ND DEGREE","WHEATON","12500 BLK  LAYHILL RD","SILVER SPRING","MD","20906","MCPD","Street - Bus Stop","L","4L3","351","12500",,"LAYHILL",,"RD","39.06162","-77.0509","4D","    (39.0616, -77.0509)"
"201590281","2303","260039742","09/10/2026 08:46:13 PM","09/10/2026 08:46:00 PM",,"23C","1","Crime Against Property","Shoplifting","LARCENY - SHOPLIFTING","MONTGOMERY VILLAGE","7200 BLK  MUNCASTER MILL RD","DERWOOD","MD","20855","MCPD","Retail - Department/Discount Store","R","6R3","665","7200",,"MUNCASTER MILL",,"RD","39.14562","-77.1439","6D","    (39.1456, -77.1439)"
"201590359","2304","260039834",,"09/10/2026 08:30:00 PM","09/11/2026 11:30:00 AM","23G","1","Crime Against Property","Theft of Motor Vehicle Parts or Accessories","LARCENY - AUTO PARTS","SILVER SPRING","11700 BLK  OLD COLUMBIA PIKE PIK","SILVER SPRING","MD","20904","MCPD","Parking Lot - Residential","I","3I1","145","11700",,"OLD COLUMBIA PIKE",,"PIK","0.0","0.0","3D","    (0.0, 0.0)"
"201590376","2999","260039866","09/11/2026 03:17:11 PM","09/10/2026 08:30:00 PM","09/11/2026 02:30:00 PM","290","1","Crime Against Property","Destruction/Damage/Vandalism of Property","DAMAGE PROPERTY (DESCRIBE OFFENSE)","SILVER SPRING","1700 BLK  MT PISGAH LA","SILVER SPRING","MD","20903","MCPD","Street - Residential","I","3I3","138","1700",,"MT PISGAH",,"LA","39.01506","-76.9761","3D","    (39.0151, -76.9761)"
"201590392","1399","260039738","09/10/2026 08:23:26 PM","09/10/2026 08:23:00 PM",,"13B","1","Crime Against Person","Simple Assault","ASSAULT - 2ND DEGREE","GERMANTOWN","25900 BLK  RIDGE RD","DAMASCUS","MD","20872","MCPD","School - Elementary/Secondary","M","5M2","615","25900",,"RIDGE",,"RD","0.0","0.0","5D","    (0.0, 0.0)"
"201590451","2399","260039739","09/10/2026 08:38:29 PM","09/10/2026 08:15:00 PM","09/10/2026 08:20:00 PM","23H","1","Crime Against Property","All other Larceny","LARCENY (DESCRIBE OFFENSE)","ROCKVILLE","12500 BLK  PARKLAWN DR","ROCKVILLE","MD","20852","MCPD","Other/Unknown","A","1A2","302","12500",,"PARKLAWN",,"DR","39.06158","-77.1166","1D","    (39.0616, -77.1166)"
"201590278","9199","260039735","09/10/2026 08:11:15 PM","09/10/2026 08:11:00 PM",,"90Z","1","Crime Against Society","All Other Offenses","POLICE INFORMATION","TAKOMA PARK","1000 BLK  HEATHER AVE","TAKOMA PARK","MD","20912","TPPD","Residence - Single Family","T","8T3","808","1000",,"HEATHER",,"AVE","38.98008","-76.9932","TPPD","    (38.9801, -76.9932)"
"201590286","1399","260039737","09/10/2026 08:10:04 PM","09/10/2026 08:09:00 PM",,"13B","1","Crime Against Person","Simple Assault","ASSAULT - 2ND DEGREE","SILVER SPRING","11400 BLK  LOCKWOOD DR","SILVER SPRING","MD","20904","MCPD","Residence - Apartment/Condo","I","3I1","145","11400",,"LOCKWOOD",,"DR","39.04098","-76.9876","3D","    (39.041, -76.9876)"
"201590292","9112","260039741","09/10/2026 07:49:32 PM","09/10/2026 07:49:00 PM",,"90Z","1","Crime Against Society","All Other Offenses","MENTAL TRANSPORT - ONLY","MONTGOMERY VILLAGE","19000 BLK  MILLS CHOICE RD","MONTGOMERY VILLAGE","MD","20886","MCPD","Residence - Apartment/Condo","R","6R2","546","19000",,"MILLS CHOICE",,"RD","39.16801","-77.2083","6D","    (39.168, -77.2083)"
"201590304","2599","260039730","09/10/2026 07:40:21 PM","09/10/2026 07:40:00 PM",,"250","1","Crime Against Property","Counterfeiting/Forgery","COUNTERFEITING (DESCRIBE OFFENSE)","SILVER SPRING","8500 BLK  FENTON ST","SILVER SPRING","MD","20910","MCPD","Restaurant","G","3G1","671","8500",,"FENTON",,"ST","38.9954","-77.0244","3D","    (38.9954, -77.0244)"
"201590393","9101","260039736","09/10/2026 07:38:25 PM","09/10/2026 07:38:00 PM",,"90Z","1","Crime Against Society","All Other Offenses","SUDDEN DEATH","SILVER SPRING","11200 BLK  OAK LEAF DR","SILVER SPRING","MD","20901","MCPD","Residence - Apartment/Condo","I","3I1","518","11200",,"OAK LEAF",,"DR","39.03844","-76.9949","3D","    (39.0384, -76.9949)"
"201590418","2305","260039905","09/11/2026 07:14:58 PM","09/10/2026 07:30:00 PM","09/11/2026 05:30:00 PM","23F","1","Crime Against Property","Theft From Motor Vehicle","LARCENY - FROM AUTO","GERMANTOWN","9800 BLK  BETHESDA CHURCH RD","DAMASCUS","MD","20872","MCPD","Parking Lot - Residential","M","5M2","615","9800",,"BETHESDA CHURCH",,"RD","39.28365","-77.2018","5D","    (39.2837, -77.2018)"
"201590279","1399","260039731","09/10/2026 07:30:59 PM","09/10/2026 07:30:00 PM","09/10/2026 09:00:00 PM","13B","2","Crime Against Person","Simple Assault","ASSAULT - 2ND DEGREE","WHEATON","2200 BLK  BEL PRE RD","SILVER SPRING","MD","20906","MCPD","Restaurant","K","4K1","530","2200",,"BEL PRE",,"RD","39.09053","-77.0465","4D","    (39.0905, -77.0465)"
"201590300","9113","260039747","09/10/2026 07:51:06 PM","09/10/2026 07:00:00 PM","09/10/2026 07:51:00 PM","90Z","1","Crime Against Society","All Other Offenses","MENTAL ILLNESS - EMERGENCY PETITION","WHEATON","300 BLK  OLNEY SANDY SPRING RD","SANDY SPRING","MD","20860","MCPD","School - Elementary/Secondary","K","4K2","390","300",,"OLNEY SANDY SPRING",,"RD","39.14911","-77.0175","4D","    (39.1491, -77.0175)"
"201590712","5311","260039725",,"09/10/2026 07:00:00 PM","09/10/2026 09:00:00 PM","90C","1","Crime Against Society","Disorderly Conduct","PUBLIC PEACE - DISORDERLY CONDUCT","GERMANTOWN","25900 BLK  RIDGE RD","DAMASCUS","MD","20872","MCPD","School - Elementary/Secondary","M","5M2","615","25900",,"RIDGE",,"RD","0.0","0.0","5D","    (0.0, 0.0)"
"201590737","2902","260039723","09/10/2026 06:59:58 PM","09/10/2026 06:59:00 PM",,"290","1","Crime Against Property","Destruction/Damage/Vandalism of Property","DAMAGE PROPERTY - PRIVATE","SILVER SPRING","2100 BLK  BELVEDERE BLV","SILVER SPRING","MD","20902","MCPD","Parking Garage - Residential","G","3G2","175","2100",,"BELVEDERE",,"BLV","39.01944","-77.0449","3D","    (39.0194, -77.0449)"
"201590290","1103","260039726","09/10/2026 06:57:46 PM","09/10/2026 06:57:00 PM",,"11A","1","Crime Against Person","Forcible Rape","RAPE - STRONG-ARM","WHEATON","2500 BLK  RANDOLPH RD","SILVER SPRING","MD","20902","MCPD","Residence - Single Family","L","4L3","335","2500",,"RANDOLPH",,"RD","39.05749","-77.0521","4D","    (39.0575, -77.0521)"
"201590280","3550","260039727","09/10/2026 07:45:06 PM","09/10/2026 06:50:00 PM",,"35B","1","Crime Against Society","Drug Equipment Violations","DRUGS - NARCOTIC EQUIP - POSSESS","SILVER SPRING","11500 BLK  FEBRUARY CIR","SILVER SPRING","MD","20904","MCPD","Residence - Apartment/Condo","I","3I1","145","11500",,"FEBRUARY",,"CIR","39.0471","-76.9764","3D","    (39.0471, -76.9764)"
"201590272","5707","260039721","09/10/2026 06:32:33 PM","09/10/2026 06:32:00 PM",,"90J","1","Crime Against Society","Trespass of Real Property","TRESPASSING","BETHESDA","7800 BLK  WISCONSIN AVE","BETHESDA","MD","20814","MCPD","Retail - Drug Store/Pharmacy","D","2D2","045","7800",,"WISCONSIN",,"AVE","38.98827","-77.095","2D","    (38.9883, -77.095)"
"201590369","9199","260039717",,"09/10/2026 06:27:00 PM",,"90Z","1","Crime Against Society","All Other Offenses","POLICE INFORMATION","SILVER SPRING","900 BLK  BONIFANT ST","SILVER SPRING","MD","20910","MCPD","Street - Commercial","G","3G1","670","900",,"BONIFANT",,"ST","38.99437","-77.0241","3D","    (38.9944, -77.0241)"
"201590296","9199","260039729","09/10/2026 06:16:52 PM","09/10/2026 06:16:00 PM","09/10/2026 09:00:00 PM","90Z","1","Crime Against Society","All Other Offenses","POLICE INFORMATION","SILVER SPRING",,"TAKOMA PARK","MD","20912","TPPD","Street - Other","G","3G3","129",,,"FLOWER",,"AVE","38.98857","-77.0009","3D","    (38.9886, -77.0009)"
"201590365","9199","260039719",,"09/10/2026 06:14:00 PM",,"90Z","1","Crime Against Society","All Other Offenses","POLICE INFORMATION","ROCKVILLE","16500 BLK  SHADY GROVE RD","GAITHERSBURG","MD","20877","MCPD","Other/Unknown","A","1A1","438","16500",,"SHADY GROVE",,"RD","39.12677","-77.1735","1D","    (39.1268, -77.1735)"
"201590298","3605","260039720","09/10/2026 05:53:48 PM","09/10/2026 05:53:00 PM",,"90C","1","Crime Against Society","Disorderly Conduct","SEX OFFENSE - INDECENT EXPOSURE","SILVER SPRING","1100 BLK  WAYNE AVE","SILVER SPRING","MD","20910","MCPD","Street - Commercial","G","3G1","094","1100",,"WAYNE",,"AVE","0.0","0.0","3D","    (0.0, 0.0)"
"201590289","3532","260039709","09/10/2026 05:45:32 PM","09/10/2026 05:45:00 PM",,"35A","1","Crime Against Society","Drug/Narcotic Violations","DRUGS - COCAINE - POSSESS","MONTGOMERY VILLAGE","9600 BLK  LOST KNIFE RD","GAITHERSBURG","MD","20877","MCPD","Street - Bus Stop","R","6R1","505","9600",,"LOST KNIFE",,"RD","39.15237","-77.1983","6D","    (39.1524, -77.1983)"
"201590555","2304","260039998","09/12/2026 02:24:54 PM","09/10/2026 05:30:00 PM","09/11/2026 03:00:00 PM","23G","1","Crime Against Property","Theft of Motor Vehicle Parts or Accessories","LARCENY - AUTO PARTS","SILVER SPRING","400 BLK  WATERFORD RD","SILVER SPRING","MD","20901","MCPD","Street - Residential","I","3I3","153","400",,"WATERFORD",,"RD","39.01731","-77.0022","3D","    (39.0173, -77.0022)"
"201590332","2203","260039791","09/11/2026 08:07:28 AM","09/10/2026 05:20:00 PM","09/11/2026 07:39:00 AM","220","1","Crime Against Property","Burglary/Breaking and Entering","BURGLARY - FORCED ENTRY-NONRESIDENTIAL","ROCKVILLE","500 BLK  MT VERNON PL","ROCKVILLE","MD","20850","RCPD","Residence - Apartment/Condo","A","1A2","260","500",,"MT VERNON",,"PL","39.07819","-77.1493","1D","    (39.0782, -77.1493)"
"201590276","2399","260039704","09/10/2026 05:20:31 PM","09/10/2026 05:20:00 PM",,"23H","1","Crime Against Property","All other Larceny","LARCENY (DESCRIBE OFFENSE)","GERMANTOWN","20700 BLK  CRYSTAL HILL CIR","GERMANTOWN","MD","20874","MCPD","Bank/S&L/Credit Union","N","5N1","465","20700",,"CRYSTAL HILL",,"CIR","39.19652","-77.2757","5D","    (39.1965, -77.2757)"
"201590268","2303","260039703","09/10/2026 05:08:21 PM","09/10/2026 05:15:00 PM",,"23C","1","Crime Against Property","Shoplifting","LARCENY - SHOPLIFTING","GERMANTOWN","20900 BLK  FREDERICK RD","GERMANTOWN","MD","20876","MCPD","Retail - Department/Discount Store","M","5M1","701","20900",,"FREDERICK",,"RD","39.19829","-77.2448","5D","    (39.1983, -77.2448)"
"201590294","9199","260039702","09/10/2026 05:14:38 PM","09/10/2026 05:10:00 PM",,"90Z","1","Crime Against Society","All Other Offenses","POLICE INFORMATION","ROCKVILLE","100 BLK  ABERDEEN RD","ROCKVILLE","MD","20850","RCPD","Residence - Single Family","A","1A2","250","100",,"ABERDEEN",,"RD","39.0847","-77.1668","1D","    (39.0847, -77.1668)"
"201591156","9105","260040827","09/17/2026 03:04:57 PM","09/10/2026 05:00:00 PM","09/17/2026 02:00:00 PM","90Z","1","Crime Against Society","All Other Offenses","LOST PROPERTY","BETHESDA","5500 BLK  ROOSEVELT ST","BETHESDA","MD","20817","MCPD","Other/Unknown","E","2E1","056","5500",,"ROOSEVELT",,"ST","38.99547","-77.1115","2D","    (38.9955, -77.1115)"
"201590380","9105","260039873","09/11/2026 03:35:43 PM","09/10/2026 05:00:00 PM","09/11/2026 02:45:00 PM","90Z","1","Crime Against Society","All Other Offenses","LOST PROPERTY","SILVER SPRING","8600 BLK  MANCHESTER RD","SILVER SPRING","MD","20901","MCPD","Other/Unknown","G","3G3","126","8600",,"MANCHESTER",,"RD","38.99837","-77.0069","3D","    (38.9984, -77.0069)"
"201590265","9199","260039710","09/10/2026 05:43:41 PM","09/10/2026 04:45:00 PM","09/10/2026 06:00:00 PM","90Z","1","Crime Against Society","All Other Offenses","POLICE INFORMATION","BETHESDA","4800 BLK  RUGBY AVE","BETHESDA","MD","20814","MCPD","Parking Garage - Commercial","D","2D2","049","4800",,"RUGBY",,"AVE","0.0","0.0","2D","    (0.0, 0.0)"
"201590283","9201","260039698","09/10/2026 04:26:07 PM","09/10/2026 04:26:00 PM",,"90Z","1","Crime Against Society","All Other Offenses","OVERDOSE","WHEATON","12500 BLK  GEORGIA AVE","SILVER SPRING","MD","20906","MCPD","Parking Garage - Metro","L","4L3","351","12500",,"GEORGIA",,"AVE","0.0","0.0","4D","    (0.0, 0.0)"
"201590480","2303","260039714","09/10/2026 05:54:06 PM","09/10/2026 04:23:00 PM",,"23C","1","Crime Against Property","Shoplifting","LARCENY - SHOPLIFTING","GERMANTOWN","20900 BLK  FREDERICK RD","GERMANTOWN","MD","20876","MCPD","Retail - Department/Discount Store","M","5M1","701","20900",,"FREDERICK",,"RD","39.19829","-77.2448","5D","    (39.1983, -77.2448)"
"201590301","9021","260039713","09/10/2026 04:15:58 PM","09/10/2026 04:15:00 PM",,"90I","1","Crime Against Not a Crime","Runaway","JUVENILE - RUNAWAY","WHEATON","1400 BLK  PEACEFUL LA","SILVER SPRING","MD","20904","MCPD","Residence - Single Family","L","4L3","375","1400",,"PEACEFUL",,"LA","39.06801","-76.9833","4D","    (39.068, -76.9833)"
"201590262","9199","260039699","09/10/2026 04:15:22 PM","09/10/2026 04:15:00 PM",,"90Z","1","Crime Against Society","All Other Offenses","POLICE INFORMATION","GERMANTOWN","12400 BLK  MILESTONE CENTER DR","GERMANTOWN","MD","20876","MCPD","Other/Unknown","M","5M3","474","12400",,"MILESTONE CENTER",,"DR","39.20208","-77.2609","5D","    (39.2021, -77.2609)"
"201590293","9199","260039693","09/10/2026 04:10:53 PM","09/10/2026 04:10:00 PM",,"90Z","1","Crime Against Society","All Other Offenses","POLICE INFORMATION","SILVER SPRING","700 BLK  BAYFIELD ST","TAKOMA PARK","MD","20912","MCPD","School - Elementary/Secondary","G","3G3","130","700",,"BAYFIELD",,"ST","38.99595","-76.9977","3D","    (38.996, -76.9977)"
"201591137","2601","260040804","09/17/2026 01:11:27 PM","09/10/2026 04:00:00 PM","09/17/2026 01:00:00 PM","26A","1","Crime Against Property","False Pretenses/Swindle/Confidence Game","FRAUD - CONFIDENCE GAME","ROCKVILLE","1200 BLK  MAPLE GROVE LA","ROCKVILLE","MD","20850","MCPD","Other/Unknown","A","1A1","439","1200",,"MAPLE GROVE",,"LA","39.11474","-77.1789","1D","    (39.1147, -77.1789)"
"201590284","9113","260039689","09/10/2026 04:00:33 PM","09/10/2026 03:58:00 PM",,"90Z","1","Crime Against Society","All Other Offenses","MENTAL ILLNESS - EMERGENCY PETITION","WHEATON","4100 BLK  BROOKEVILLE RD","BROOKEVILLE","MD","20833","MCPD","Residence - Single Family","K","4K3","635","4100",,"BROOKEVILLE",,"RD","39.18248","-77.0817","4D","    (39.1825, -77.0817)"
"201590274","2303","260039682","09/10/2026 03:27:26 PM","09/10/2026 03:27:00 PM","09/10/2026 03:36:00 PM","23C","1","Crime Against Property","Shoplifting","LARCENY - SHOPLIFTING","GERMANTOWN","20600 BLK  SENECA MEADOWS PKW","GERMANTOWN","MD","20876","MCPD","Retail - Clothing","M","5M1","701","20600",,"SENECA MEADOWS",,"PKW","39.19843","-77.2567","5D","    (39.1984, -77.2567)"
"201590271","9113","260039686","09/10/2026 03:20:21 PM","09/10/2026 03:20:00 PM",,"90Z","1","Crime Against Society","All Other Offenses","MENTAL ILLNESS - EMERGENCY PETITION","BETHESDA",,"BETHESDA","MD","20814","MCPD","Street - Commercial","D","2D2","049",,,"WOODMONT",,"AVE","38.98706","-77.096","2D","    (38.9871, -77.096)"
"201590269","2308","260039685","09/10/2026 03:19:26 PM","09/10/2026 03:19:00 PM",,"23D","1","Crime Against Property","Theft from Building","LARCENY - FROM BLDG","MONTGOMERY VILLAGE","400 BLK N FREDERICK AVE","GAITHERSBURG","MD","20877","GPD","Retail - Department/Discount Store","R","6R1","548","400","N","FREDERICK",,"AVE","39.1457","-77.2037","6D","    (39.1457, -77.2037)"
"201590310","2404","260039764",,"09/10/2026 03:00:00 PM","09/10/2026 11:30:00 PM","240","1","Crime Against Property","Motor Vehicle Theft","AUTO THEFT - VEHICLE THEFT","MONTGOMERY VILLAGE","400 BLK  QUINCE ORCHARD RD","GAITHERSBURG","MD","20878","MCPD","Parking Lot - Park & Ride","P","6P2","445","400",,"QUINCE ORCHARD",,"RD","39.14797","-77.2181","6D","    (39.148, -77.2181)"
"201590270","2901","260039707","09/10/2026 05:37:50 PM","09/10/2026 02:53:00 PM",,"290","1","Crime Against Property","Destruction/Damage/Vandalism of Property","DAMAGE PROPERTY - BUSINESS","BETHESDA","8100 BLK  WISCONSIN AVE","BETHESDA","MD","20814","MCPD","Hotel/Motel/Etc.","D","2D2","049","8100",,"WISCONSIN",,"AVE","38.99123","-77.0956","2D","    (38.9912, -77.0956)"
"201590863","9105","260040431",,"09/10/2026 02:41:00 PM",,"90Z","1","Crime Against Society","All Other Offenses","LOST PROPERTY","ROCKVILLE","17400 BLK  HUGHES RD","POOLESVILLE","MD","20837","MCPD","Residence -Townhouse/Duplex","B","1B3","499","17400",,"HUGHES",,"RD","0.0","0.0","1D","    (0.0, 0.0)"
"201590243","9109","260039644",,"09/10/2026 02:30:00 PM",,"90Z","1","Crime Against Society","All Other Offenses","RECOVERED PROPERTY - OTHER","MONTGOMERY VILLAGE","1  BLK S SUMMIT AVE","GAITHERSBURG","MD","20877","GPD","Government Building","P","6P3","431","1","S","SUMMIT",,"AVE","39.14219","-77.1933","6D","    (39.1422, -77.1933)"
"201590330","9199","260039805",,"09/10/2026 02:20:00 PM","09/10/2026 02:30:00 PM","90Z","1","Crime Against Society","All Other Offenses","POLICE INFORMATION","ROCKVILLE","2100 BLK  WOOTTON PKW","ROCKVILLE","MD","20850","RCPD","School - Elementary/Secondary","B","1B1","238","2100",,"WOOTTON",,"PKW","39.07499","-77.1822","1D","    (39.075, -77.1822)"
"201590364","3530","260039680","09/10/2026 02:19:59 PM","09/10/2026 02:10:00 PM","09/10/2026 04:00:00 PM","35A","1","Crime Against Society","Drug/Narcotic Violations","DRUGS - COCAINE - SELL","ROCKVILLE","100 BLK  1ST ST","ROCKVILLE","MD","20851","RCPD","Street - Other","A","1A2","295","100",,"1ST",,"ST","0.0","0.0","1D","    (0.0, 0.0)"
"201590253","0911","260039676","09/10/2026 02:05:55 PM","09/10/2026 02:05:00 PM",,"09A","1","Crime Against Person","Murder and Nonnegligent Manslaughter","HOMICIDE - WILLFUL KILL-GUN","SILVER SPRING","1700 BLK  JANUARY DR","SILVER SPRING","MD","20904","MCPD","Street - Other","I","3I1","145","1700",,"JANUARY",,"DR","39.0471","-76.9764","3D","    (39.0471, -76.9764)"
"201590250","5707","260039671","09/10/2026 02:14:21 PM","09/10/2026 02:00:00 PM","09/10/2026 03:00:00 PM","90J","1","Crime Against Society","Trespass of Real Property","TRESPASSING","ROCKVILLE","1600 BLK  CHAPMAN AVE","ROCKVILLE","MD","20852","RCPD","Retail - Other","A","1A2","273","1600",,"CHAPMAN",,"AVE","39.06381","-77.1236","1D","    (39.0638, -77.1236)"
"201590252","9113","260039666","09/10/2026 01:56:13 PM","09/10/2026 01:56:00 PM",,"90Z","1","Crime Against Society","All Other Offenses","MENTAL ILLNESS - EMERGENCY PETITION","WHEATON","3500 BLK  HARGO ST","SILVER SPRING","MD","20906","MCPD","Residence - Single Family","L","4L3","334","3500",,"HARGO",,"ST","0.0","0.0","4D","    (0.0, 0.0)"
"201590237","9105","260039657",,"09/10/2026 01:52:00 PM",,"90Z","1","Crime Against Society","All Other Offenses","LOST PROPERTY","WHEATON","2300 BLK  RANDOLPH RD","SILVER SPRING","MD","20902","MCPD","Residence - Single Family","L","4L1","366","2300",,"RANDOLPH",,"RD","39.05861","-77.0485","4D","    (39.0586, -77.0485)"
"201590275","9199","260039697","09/10/2026 04:26:14 PM","09/10/2026 01:50:00 PM","09/10/2026 04:13:00 PM","90Z","1","Crime Against Society","All Other Offenses","POLICE INFORMATION","ROCKVILLE","800 BLK  FESTIVAL ST","ROCKVILLE","MD","20852","RCPD","Residence - Apartment/Condo","A","1A2","273","800",,"FESTIVAL",,"ST","39.06381","-77.1236","1D","    (39.0638, -77.1236)"
"201590255","9199","260039660","09/10/2026 01:27:43 PM","09/10/2026 01:27:00 PM",,"90Z","1","Crime Against Society","All Other Offenses","POLICE INFORMATION","ROCKVILLE",,"ROCKVILLE","MD","20852","MCPD","Street - In vehicle","B","1B1","732",,,"N270 X1 TO X4",,"HWY","39.0307","-77.1264","1D","    (39.0307, -77.1264)"
"201590247","9112","260039672","09/10/2026 01:24:13 PM","09/10/2026 01:24:00 PM",,"90Z","1","Crime Against Society","All Other Offenses","MENTAL TRANSPORT - ONLY","MONTGOMERY VILLAGE","9200 BLK  WEATHERVANE PL","MONTGOMERY VILLAGE","MD","20886","MCPD","Residence -Townhouse/Duplex","R","6R2","504","9200",,"WEATHERVANE",,"PL","39.1825","-77.1906","6D","    (39.1825, -77.1906)"
"201590239","2303","260039653","09/10/2026 12:55:06 PM","09/10/2026 12:55:00 PM",,"23C","1","Crime Against Property","Shoplifting","LARCENY - SHOPLIFTING","SILVER SPRING","100 BLK  UNIVERSITY BLV W","SILVER SPRING","MD","20901","MCPD","Grocery/Supermarket","I","3I3","160","100",,"UNIVERSITY","W","BLV","39.02006","-77.0136","3D","    (39.0201, -77.0136)"
"201590704","2308","260040255","09/14/2026 12:44:28 PM","09/10/2026 12:55:00 PM",,"23D","1","Crime Against Property","Theft from Building","LARCENY - FROM BLDG","GERMANTOWN","13000 BLK  MIDDLEBROOK RD","GERMANTOWN","MD","20874","MCPD","Retail - Department/Discount Store","N","5N1","702","13000",,"MIDDLEBROOK",,"RD","39.18138","-77.2695","5D","    (39.1814, -77.2695)"
"201590705","2610","260039670","09/10/2026 12:53:04 PM","09/10/2026 12:53:00 PM",,"26F","1","Crime Against Property","Identity Theft","IDENTITY THEFT","MONTGOMERY VILLAGE","9800 BLK  WASHINGTONIAN BLV","GAITHERSBURG","MD","20878","GPD","Commercial - Office Building","P","6P1","549","9800",,"WASHINGTONIAN",,"BLV","39.11415","-77.197","6D","    (39.1142, -77.197)"
"201590419","2303","260039651","09/10/2026 12:39:39 PM","09/10/2026 12:39:00 PM",,"23C","1","Crime Against Property","Shoplifting","LARCENY - SHOPLIFTING","SILVER SPRING","900 BLK  ELLSWORTH DR","SILVER SPRING","MD","20910","MCPD","Retail - Clothing","G","3G1","109","900",,"ELLSWORTH",,"DR","38.99686","-77.0254","3D","    (38.9969, -77.0254)"
"201590288","9101","260039643","09/10/2026 12:02:12 PM","09/10/2026 12:06:00 PM",,"90Z","1","Crime Against Society","All Other Offenses","SUDDEN DEATH","TAKOMA PARK","7100 BLK  HOLLY AVE","TAKOMA PARK","MD","20912","TPPD","Residence - Single Family","T","8T1","801","7100",,"HOLLY",,"AVE","0.0","0.0","TPPD","    (0.0, 0.0)"
"201590395","9199","260039696","09/10/2026 04:59:21 PM","09/10/2026 12:00:00 PM",,"90Z","1","Crime Against Society","All Other Offenses","POLICE INFORMATION","WHEATON","1  BLK  TYNEWICK CT","SILVER SPRING","MD","20906","MCPD","Residence - Single Family","K","4K1","346","1",,"TYNEWICK",,"CT","39.09483","-77.0752","4D","    (39.0948, -77.0752)"
"201590914","2305","260040531","09/15/2026 08:34:41 PM","09/10/2026 12:00:00 PM","09/15/2026 04:35:00 PM","23F","1","Crime Against Property","Theft From Motor Vehicle","LARCENY - FROM AUTO","GERMANTOWN","20900 BLK  FREDERICK RD","GERMANTOWN","MD","20876","MCPD","Parking Lot - Commercial","M","5M1","701","20900",,"FREDERICK",,"RD","39.19829","-77.2448","5D","    (39.1983, -77.2448)"
"201590228","9199","260039641","09/10/2026 11:57:43 AM","09/10/2026 11:57:00 AM",,"90Z","1","Crime Against Society","All Other Offenses","POLICE INFORMATION","WHEATON","12100 BLK  VEIRS MILL RD","SILVER SPRING","MD","20906","MCPD","Restaurant","L","4L1","332","12100",,"VEIRS MILL",,"RD","39.05364","-77.0783","4D","    (39.0536, -77.0783)"
"201590818","1399","260040266",,"09/10/2026 11:45:00 AM","09/10/2026 11:55:00 AM","13B","1","Crime Against Person","Simple Assault","ASSAULT - 2ND DEGREE","WHEATON","11100 BLK  NEWPORT MILL RD","KENSINGTON","MD","20895","MCPD","School - Elementary/Secondary","L","4L2","318","11100",,"NEWPORT MILL",,"RD","39.03711","-77.0724","4D","    (39.0371, -77.0724)"
"201590478","2304","260039803","09/11/2026 08:45:12 AM","09/10/2026 11:40:00 AM","09/11/2026 12:00:00 AM","23G","1","Crime Against Property","Theft of Motor Vehicle Parts or Accessories","LARCENY - AUTO PARTS","SILVER SPRING","11400 BLK  LOCKWOOD DR","SILVER SPRING","MD","20904","MCPD","Parking Lot - Residential","I","3I1","145","11400",,"LOCKWOOD",,"DR","39.04098","-76.9876","3D","    (39.041, -76.9876)"
"201590366","2699","260039861","09/11/2026 02:48:39 PM","09/10/2026 11:14:00 AM","09/10/2026 11:14:00 AM","26A","1","Crime Against Property","False Pretenses/Swindle/Confidence Game","FRAUD (DESCRIBE OFFENSE)","GERMANTOWN","19600 BLK  CRYSTAL ROCK DR","GERMANTOWN","MD","20874","MCPD","Other/Unknown","N","5N1","595","19600",,"CRYSTAL ROCK",,"DR","39.17853","-77.263","5D","    (39.1785, -77.263)"
"201590372","1305","260039813","09/11/2026 09:53:22 AM","09/10/2026 11:00:00 AM",,"13A","1","Crime Against Person","Aggravated Assault","ASSAULT - AGGRAVATED - NON-FAMILY-OTHER WEAPON","SILVER SPRING","600 BLK  DEERHEAD CT","SILVER SPRING","MD","20904","MCPD","Residence - Single Family","I","3I1","149","600",,"DEERHEAD",,"CT","39.06751","-76.9975","3D","    (39.0675, -76.9975)"
"201590242","2308","260039662","09/10/2026 01:48:39 PM","09/10/2026 11:00:00 AM","09/10/2026 11:15:00 AM","23D","1","Crime Against Property","Theft from Building","LARCENY - FROM BLDG","WHEATON","2100 BLK  GLENALLAN AVE","SILVER SPRING","MD","20906","MCPD","Other/Unknown","L","4L3","368","2100",,"GLENALLAN",,"AVE","39.06056","-77.0449","4D","    (39.0606, -77.0449)"
"201590227","9021","260039637","09/10/2026 10:57:03 AM","09/10/2026 10:57:00 AM",,"90I","1","Crime Against Not a Crime","Runaway","JUVENILE - RUNAWAY","MONTGOMERY VILLAGE","15000 BLK  BROSCHART RD","ROCKVILLE","MD","20850","MCPD","Parking Lot - School","P","6P1","721","15000",,"BROSCHART",,"RD","39.10179","-77.2003","6D","    (39.1018, -77.2003)"
"201590570","2399","260040097","09/13/2026 10:08:27 AM","09/10/2026 10:37:00 AM","09/10/2026 09:00:00 PM","23H","1","Crime Against Property","All other Larceny","LARCENY (DESCRIBE OFFENSE)","BETHESDA","5400 BLK  MCGRATH BLV","ROCKVILLE","MD","20852","MCPD","Residence - Apartment/Condo","D","2D1","187","5400",,"MCGRATH",,"BLV","39.04863","-77.1082","2D","    (39.0486, -77.1082)"
"201590212","9105","260039622",,"09/10/2026 09:52:00 AM",,"90Z","1","Crime Against Society","All Other Offenses","LOST PROPERTY","ROCKVILLE","700 BLK E GUDE DR","ROCKVILLE","MD","20850","MCPD","Auto Repair","A","1A1","282","700","E","GUDE",,"DR","0.0","0.0","1D","    (0.0, 0.0)"
"201590249","2303","260039632","09/10/2026 09:35:50 AM","09/10/2026 09:35:00 AM",,"23C","1","Crime Against Property","Shoplifting","LARCENY - SHOPLIFTING","GERMANTOWN","13000 BLK  MIDDLEBROOK RD","GERMANTOWN","MD","20874","MCPD","Retail - Other","N","5N1","702","13000",,"MIDDLEBROOK",,"RD","39.18138","-77.2695","5D","    (39.1814, -77.2695)"
"201590693","2601","260040237","09/14/2026 10:50:10 AM","09/10/2026 09:20:00 AM","09/14/2026 10:50:00 AM","26A","1","Crime Against Property","False Pretenses/Swindle/Confidence Game","FRAUD - CONFIDENCE GAME","ROCKVILLE","400 BLK  TWINBROOK PKW","ROCKVILLE","MD","20851","RCPD","Residence - Nursing Home","A","1A2","294","400",,"TWINBROOK",,"PKW","39.07584","-77.1113","1D","    (39.0758, -77.1113)"
"201590521","2399","260040017","09/12/2026 05:05:01 PM","09/10/2026 09:00:00 AM","09/11/2026 07:00:00 PM","23H","1","Crime Against Property","All other Larceny","LARCENY (DESCRIBE OFFENSE)","ROCKVILLE","2400 BLK  HENSLOWE DR","POTOMAC","MD","20854","MCPD","Other/Unknown","B","1B1","227","2400",,"HENSLOWE",,"DR","39.06658","-77.1648","1D","    (39.0666, -77.1648)"
"201590208","9062","260039591",,"09/10/2026 08:54:00 AM",,"90Z","1","Crime Against Society","All Other Offenses","FUGITIVE FROM JUSTICE (OUT OF STATE)","ROCKVILLE","1300 BLK  SEVEN LOCKS RD","POTOMAC","MD","20854","MCPD","Jail/Prison","B","1B1","228","1300",,"SEVEN LOCKS",,"RD","39.06691","-77.1616","1D","    (39.0669, -77.1616)"
"201590207","9062","260039580",,"09/10/2026 08:50:00 AM",,"90Z","1","Crime Against Society","All Other Offenses","FUGITIVE FROM JUSTICE (OUT OF STATE)","ROCKVILLE","1300 BLK  SEVEN LOCKS RD","POTOMAC","MD","20854","MCPD","Jail/Prison","B","1B1","228","1300",,"SEVEN LOCKS",,"RD","39.06691","-77.1616","1D","    (39.0669, -77.1616)"
"201590223","5016","260039620","09/10/2026 08:23:25 AM","09/10/2026 08:15:00 AM",,"90Z","1","Crime Against Society","All Other Offenses","OBSTRUCT GOVT - VIOLATION OF A COURT ORDER","ROCKVILLE","16100 BLK  CRABBS BRANCH WAY","DERWOOD","MD","20855","MCPD","Parking Lot - Residential","A","1A1","281","16100",,"CRABBS BRANCH",,"WAY","39.11928","-77.1569","1D","    (39.1193, -77.1569)"
"201590230","9199","260039619","09/10/2026 08:15:44 AM","09/10/2026 08:15:00 AM",,"90Z","1","Crime Against Society","All Other Offenses","POLICE INFORMATION","WHEATON","13200 BLK  TIVOLI LAKE BLV","SILVER SPRING","MD","20906","MCPD","Residence - Single Family","L","4L3","370","13200",,"TIVOLI LAKE",,"BLV","39.07329","-77.032","4D","    (39.0733, -77.032)"
"201591239","9105","260040252",,"09/10/2026 08:00:00 AM","09/12/2026 01:00:00 AM","90Z","1","Crime Against Society","All Other Offenses","LOST PROPERTY","SILVER SPRING","11400 BLK  LOCKWOOD DR","SILVER SPRING","MD","20904","MCPD","Street - Residential","I","3I1","145","11400",,"LOCKWOOD",,"DR","39.04098","-76.9876","3D","    (39.041, -76.9876)"
"201590254","4802","260039618","09/10/2026 07:54:15 AM","09/10/2026 07:54:00 AM",,"90Z","1","Crime Against Society","All Other Offenses","OBSTRUCT POLICE - OBSTRUCT CRIMINAL INVEST","ROCKVILLE","1100 BLK  SEVEN LOCKS RD","POTOMAC","MD","20854","RCPD","Commercial - Office Building","B","1B1","228","1100",,"SEVEN LOCKS",,"RD","39.06255","-77.1607","1D","    (39.0626, -77.1607)"
"201590254","2507","260039618","09/10/2026 07:54:15 AM","09/10/2026 07:54:00 AM",,"250","1","Crime Against Property","Counterfeiting/Forgery","COUNTERFEITING - POSS COUNTERFEITED","ROCKVILLE","1100 BLK  SEVEN LOCKS RD","POTOMAC","MD","20854","RCPD","Commercial - Office Building","B","1B1","228","1100",,"SEVEN LOCKS",,"RD","39.06255","-77.1607","1D","    (39.0626, -77.1607)"
"201590254","2308","260039618","09/10/2026 07:54:15 AM","09/10/2026 07:54:00 AM",,"23D","1","Crime Against Property","Theft from Building","LARCENY - FROM BLDG","ROCKVILLE","1100 BLK  SEVEN LOCKS RD","POTOMAC","MD","20854","RCPD","Commercial - Office Building","B","1B1","228","1100",,"SEVEN LOCKS",,"RD","39.06255","-77.1607","1D","    (39.0626, -77.1607)"
"201590229","9199","260039617","09/10/2026 07:42:34 AM","09/10/2026 07:42:00 AM",,"90Z","1","Crime Against Society","All Other Offenses","POLICE INFORMATION","SILVER SPRING","700 BLK  SEEK LA","TAKOMA PARK","MD","20912","MCPD","Park","G","3G3","130","700",,"SEEK",,"LA","0.0","0.0","3D","    (0.0, 0.0)"
"201590427","2308","260039700","09/10/2026 04:44:06 PM","09/10/2026 07:20:00 AM","09/10/2026 03:30:00 PM","23D","1","Crime Against Property","Theft from Building","LARCENY - FROM BLDG","ROCKVILLE","11300 BLK  GAINSBOROUGH RD","POTOMAC","MD","20854","MCPD","School - Elementary/Secondary","B","1B1","224","11300",,"GAINSBOROUGH",,"RD","39.04376","-77.1717","1D","    (39.0438, -77.1717)"
"201590291","9107","260039752","09/10/2026 08:51:56 PM","09/10/2026 07:15:00 AM","09/10/2026 08:50:00 PM","90Z","1","Crime Against Society","All Other Offenses","MISSING PERSON","MONTGOMERY VILLAGE","200 BLK  GIRARD ST","GAITHERSBURG","MD","20877","MCPD","School - Elementary/Secondary","P","6P3","419","200",,"GIRARD",,"ST","39.14157","-77.1829","6D","    (39.1416, -77.1829)"
"201590285","2610","260039732","09/10/2026 07:48:41 PM","09/10/2026 07:00:00 AM","09/10/2026 07:45:00 PM","26F","1","Crime Against Property","Identity Theft","IDENTITY THEFT","ROCKVILLE","1000 BLK  COPPERSTONE CT","ROCKVILLE","MD","20852","RCPD","Residence - Other","A","1A2","263","1000",,"COPPERSTONE",,"CT","39.07558","-77.1418","1D","    (39.0756, -77.1418)"
"201590356","2304","260039827","09/11/2026 11:35:28 AM","09/10/2026 06:25:00 AM","09/10/2026 05:30:00 PM","23G","1","Crime Against Property","Theft of Motor Vehicle Parts or Accessories","LARCENY - AUTO PARTS","GERMANTOWN","19400 BLK  WALTER JOHNSON RD","GERMANTOWN","MD","20874","MCPD","Parking Lot - County","N","5N1","447","19400",,"WALTER JOHNSON",,"RD","39.17433","-77.2707","5D","    (39.1743, -77.2707)"
"201590217","9201","260039611","09/10/2026 06:04:08 AM","09/10/2026 06:04:00 AM","09/10/2026 06:15:00 AM","90Z","1","Crime Against Society","All Other Offenses","OVERDOSE","ROCKVILLE","300 BLK S STONESTREET AVE","ROCKVILLE","MD","20850","RCPD","Air/Bus/Train/Metro Terminal","A","1A1","284","300","S","STONESTREET",,"AVE","39.08542","-77.145","1D","    (39.0854, -77.145)"
"201590722","2610","260039879","09/11/2026 03:59:00 PM","09/10/2026 03:00:00 AM",,"26F","1","Crime Against Property","Identity Theft","IDENTITY THEFT","SILVER SPRING","3600 BLK  CHILDRESS TER","BURTONSVILLE","MD","20866","MCPD","Other/Unknown","I","3I2","380","3600",,"CHILDRESS",,"TER","39.09317","-76.9373","3D","    (39.0932, -76.9373)"
"201590931","1399","260040362","09/15/2026 12:43:04 AM","09/10/2026 02:00:00 AM",,"13B","1","Crime Against Person","Simple Assault","ASSAULT - 2ND DEGREE","WHEATON","14500 BLK  GILPIN RD","SILVER SPRING","MD","20906","MCPD","Residence - Single Family","K","4K1","371","14500",,"GILPIN",,"RD","0.0","0.0","4D","    (0.0, 0.0)"
"201590200","2404","260039615","09/10/2026 07:27:30 AM","09/10/2026 12:40:00 AM","09/10/2026 06:00:00 AM","240","1","Crime Against Property","Motor Vehicle Theft","AUTO THEFT - VEHICLE THEFT","SILVER SPRING","4000 BLK  SPARROW HOUSE LA","BURTONSVILLE","MD","20866","MCPD","Parking Lot - Residential","I","3I2","381","4000",,"SPARROW HOUSE",,"LA","39.09929","-76.9265","3D","    (39.0993, -76.9265)"
"201591441","2902","260041209","09/19/2026 09:12:24 PM","09/10/2026 12:00:00 AM","09/19/2026 07:27:00 PM","290","1","Crime Against Property","Destruction/Damage/Vandalism of Property","DAMAGE PROPERTY - PRIVATE","BETHESDA","10200 BLK  CAPITOL VIEW AVE","SILVER SPRING","MD","20910","MCPD","Residence - Single Family","D","2D1","176","10200",,"CAPITOL VIEW",,"AVE","39.02337","-77.0626","2D","    (39.0234, -77.0626)"
"201590196","2404","260039612","09/10/2026 06:28:56 AM","09/10/2026 12:00:00 AM","09/10/2026 04:43:00 AM","240","1","Crime Against Property","Motor Vehicle Theft","AUTO THEFT - VEHICLE THEFT","MONTGOMERY VILLAGE","200 BLK  PARK AVE","GAITHERSBURG","MD","20877","GPD","Parking Garage - Residential","P","6P3","427","200",,"PARK",,"AVE","0.0","0.0","6D","    (0.0, 0.0)"
"201590185","2303","260039604","09/09/2026 11:49:50 PM","09/09/2026 11:49:00 PM",,"23C","1","Crime Against Property","Shoplifting","LARCENY - SHOPLIFTING","BETHESDA","11400 BLK  ROCKVILLE PIK","ROCKVILLE","MD","20852","MCPD","Convenience Store","D","2D1","186","11400",,"ROCKVILLE",,"PIK","39.04189","-77.1103","2D","    (39.0419, -77.1103)"
"201590785","5404","260039605","09/09/2026 11:43:28 PM","09/09/2026 11:43:00 PM",,"90D","1","Crime Against Society","Driving Under the Influence","DRIVING UNDER THE INFLUENCE LIQUOR","GERMANTOWN",,"GERMANTOWN","MD","20874","MCPD","Street - In vehicle","N","5N1","702",,,"GERMANTOWN",,"RD","39.174","-77.2741","5D","    (39.174, -77.2741)"
"201590189","9113","260039606","09/09/2026 11:42:44 PM","09/09/2026 11:36:00 PM","09/10/2026 01:50:00 AM","90Z","1","Crime Against Society","All Other Offenses","MENTAL ILLNESS - EMERGENCY PETITION","ROCKVILLE","1100 BLK  CLAGETT DR","ROCKVILLE","MD","20851","RCPD","Residence - Single Family","A","1A2","296","1100",,"CLAGETT",,"DR","39.07424","-77.1334","1D","    (39.0742, -77.1334)"
"201590191","1305","260039603","09/09/2026 11:30:50 PM","09/09/2026 11:30:00 PM","09/09/2026 11:35:00 PM","13A","1","Crime Against Person","Aggravated Assault","ASSAULT - AGGRAVATED - NON-FAMILY-OTHER WEAPON","WHEATON",,"SILVER SPRING","MD","20902","MCPD","Street - Commercial","L","4L2","324",,,"VEIRS MILL",,"RD","39.05788","-77.0856","4D","    (39.0579, -77.0856)"
"201590182","9199","260039602","09/09/2026 10:38:13 PM","09/09/2026 10:38:00 PM",,"90Z","1","Crime Against Society","All Other Offenses","POLICE INFORMATION","BETHESDA","6700 BLK  WISCONSIN AVE","CHEVY CHASE","MD","20815","MCPD","Church/Synagogue/Temple","D","2D2","014","6700",,"WISCONSIN",,"AVE","38.97717","-77.0906","2D","    (38.9772, -77.0906)"
"201590187","9107","260039600","09/09/2026 10:32:38 PM","09/09/2026 10:32:00 PM",,"90Z","1","Crime Against Society","All Other Offenses","MISSING PERSON","WHEATON","3000 BLK  BEL PRE RD","SILVER SPRING","MD","20906","MCPD","Residence - Apartment/Condo","K","4K1","348","3000",,"BEL PRE",,"RD","39.09096","-77.061","4D","    (39.091, -77.061)"
"201590233","2404","260039648","09/10/2026 12:11:40 PM","09/09/2026 10:30:00 PM","09/10/2026 10:00:00 AM","240","1","Crime Against Property","Motor Vehicle Theft","AUTO THEFT - VEHICLE THEFT","GERMANTOWN","12400 BLK  GREAT PARK CIR","GERMANTOWN","MD","20876","MCPD","Parking Lot - Residential","M","5M3","474","12400",,"GREAT PARK",,"CIR","39.20327","-77.2576","5D","    (39.2033, -77.2576)"
"201590179","2399","260039598","09/09/2026 10:22:33 PM","09/09/2026 10:22:00 PM",,"23H","1","Crime Against Property","All other Larceny","LARCENY (DESCRIBE OFFENSE)","SILVER SPRING","1200 BLK  EAST WEST HWY","SILVER SPRING","MD","20910","MCPD","Retail - Drug Store/Pharmacy","G","3G1","089","1200",,"EAST WEST",,"HWY","38.98994","-77.0289","3D","    (38.9899, -77.0289)"
"201590367","4899","260039597","09/09/2026 10:10:16 PM","09/09/2026 10:10:00 PM",,"90Z","1","Crime Against Society","All Other Offenses","OBSTRUCT POLICE (DESCRIBE OFFENSE)","SILVER SPRING","3100 BLK  AUTOMOBILE BLV","SILVER SPRING","MD","20904","MCPD","Street - Commercial","I","3I2","378","3100",,"AUTOMOBILE",,"BLV","39.08107","-76.9463","3D","    (39.0811, -76.9463)"
"201590694","9101","260039636",,"09/09/2026 10:00:00 PM","09/10/2026 11:26:00 AM","90Z","1","Crime Against Society","All Other Offenses","SUDDEN DEATH","BETHESDA","9700 BLK  CONNECTICUT AVE","KENSINGTON","MD","20895","MCPD","Residence - Single Family","D","2D1","178","9700",,"CONNECTICUT",,"AVE","39.01274","-77.0802","2D","    (39.0127, -77.0802)"
"201590190","2303","260039594","09/09/2026 09:34:54 PM","09/09/2026 09:34:00 PM",,"23C","1","Crime Against Property","Shoplifting","LARCENY - SHOPLIFTING","WHEATON","11100 BLK  VEIRS MILL RD","SILVER SPRING","MD","20902","MCPD","Retail - Mall","L","4L2","321","11100",,"VEIRS MILL",,"RD","39.03756","-77.0519","4D","    (39.0376, -77.0519)"
"201590173","2610","260039596","09/09/2026 09:28:13 PM","09/09/2026 09:28:00 PM",,"26F","1","Crime Against Property","Identity Theft","IDENTITY THEFT","BETHESDA","7300 BLK  NEVIS RD","BETHESDA","MD","20817","MCPD","Commercial - Office Building","E","2E2","061","7300",,"NEVIS",,"RD","0.0","0.0","2D","    (0.0, 0.0)"
"201590167","9107","260039587","09/09/2026 09:09:19 PM","09/09/2026 09:09:00 PM",,"90Z","1","Crime Against Society","All Other Offenses","MISSING PERSON","SILVER SPRING","1500 BLK  HADDEN MANOR CT","SILVER SPRING","MD","20904","MCPD","Residence -Townhouse/Duplex","I","3I1","145","1500",,"HADDEN MANOR",,"CT","39.0425","-76.9794","3D","    (39.0425, -76.9794)"
"201590261","3532","260039590","09/09/2026 08:49:55 PM","09/09/2026 08:49:00 PM",,"35A","1","Crime Against Society","Drug/Narcotic Violations","DRUGS - COCAINE - POSSESS","MONTGOMERY VILLAGE","20000 BLK  HOFFSTEAD LA","MONTGOMERY VILLAGE","MD","20886","MCPD","Street - Residential","R","6R2","504","20000",,"HOFFSTEAD",,"LA","39.184","-77.1921","6D","    (39.184, -77.1921)"
"201590344","1306","260039815","09/11/2026 09:57:32 AM","09/09/2026 08:30:00 PM",,"13A","1","Crime Against Person","Aggravated Assault","ASSAULT - AGGRAVATED - NON-FAMILY-STRONG-ARM","WHEATON","18200 BLK  WINDSOR HILL DR","OLNEY","MD","20832","MCPD","Residence - Single Family","K","4K3","401","18200",,"WINDSOR HILL",,"DR","39.15302","-77.0589","4D","    (39.153, -77.0589)"
"201590184","9199","260039593","09/09/2026 08:25:37 PM","09/09/2026 08:25:00 PM",,"90Z","1","Crime Against Society","All Other Offenses","POLICE INFORMATION","ROCKVILLE","15800 BLK  QUINCE ORCHARD RD","GAITHERSBURG","MD","20878","MCPD","School - Elementary/Secondary","B","1B2","457","15800",,"QUINCE ORCHARD",,"RD","39.11526","-77.2529","1D","    (39.1153, -77.2529)"
"201590846","5404","260039584","09/09/2026 08:22:29 PM","09/09/2026 08:22:00 PM",,"90D","1","Crime Against Society","Driving Under the Influence","DRIVING UNDER THE INFLUENCE LIQUOR","GERMANTOWN","12900 BLK  WISTERIA DR","GERMANTOWN","MD","20874","MCPD","Street - Commercial","N","5N1","702","12900",,"WISTERIA",,"DR","39.17689","-77.27","5D","    (39.1769, -77.27)"
"201590164","9021","260039585","09/09/2026 08:18:30 PM","09/09/2026 08:18:00 PM",,"90I","1","Crime Against Not a Crime","Runaway","JUVENILE - RUNAWAY","SILVER SPRING","11700 BLK  OLD COLUMBIA PIKE PIK","SILVER SPRING","MD","20904","MCPD","Residence - Apartment/Condo","I","3I1","145","11700",,"OLD COLUMBIA PIKE",,"PIK","0.0","0.0","3D","    (0.0, 0.0)"
"201590169","9113","260039595","09/09/2026 08:14:00 PM","09/09/2026 08:14:00 PM",,"90Z","1","Crime Against Society","All Other Offenses","MENTAL ILLNESS - EMERGENCY PETITION","BETHESDA","8300 BLK  WISCONSIN AVE","BETHESDA","MD","20814","MCPD","Residence - Apartment/Condo","E","2E1","073","8300",,"WISCONSIN",,"AVE","38.99275","-77.096","2D","    (38.9928, -77.096)"
"201590183","1399","260039579","09/09/2026 07:52:11 PM","09/09/2026 07:52:00 PM",,"13B","1","Crime Against Person","Simple Assault","ASSAULT - 2ND DEGREE","GERMANTOWN","13500 BLK  DERRY GLEN CT","GERMANTOWN","MD","20874","MCPD","Residence - Other","N","5N1","702","13500",,"DERRY GLEN",,"CT","39.17878","-77.2786","5D","    (39.1788, -77.2786)"
"201590192","2404","260039609","09/10/2026 05:21:06 AM","09/09/2026 07:30:00 PM","09/10/2026 04:45:00 AM","240","1","Crime Against Property","Motor Vehicle Theft","AUTO THEFT - VEHICLE THEFT","SILVER SPRING","8500 BLK  11TH AVE","SILVER SPRING","MD","20903","MCPD","Residence - Single Family","G","3G3","132","8500",,"11TH",,"AVE","0.0","0.0","3D","    (0.0, 0.0)"
"201590159","1399","260039578","09/09/2026 07:27:13 PM","09/09/2026 07:30:00 PM",,"13B","1","Crime Against Person","Simple Assault","ASSAULT - 2ND DEGREE","SILVER SPRING","9200 BLK  PINEY BRANCH RD","SILVER SPRING","MD","20903","MCPD","Park","G","3G3","133","9200",,"PINEY BRANCH",,"RD","39.00121","-76.9876","3D","    (39.0012, -76.9876)"
"201590166","1116","260039577","09/09/2026 07:16:09 PM","09/09/2026 07:16:00 PM",,"36B","1","Crime Against Person","Statuory Rape","STATUTORY RAPE - NO FORCE","ROCKVILLE","1  BLK  GRAVENHURST CT","GAITHERSBURG","MD","20878","MCPD","Residence -Townhouse/Duplex","B","1B2","457","1",,"GRAVENHURST",,"CT","39.10474","-77.2586","1D","    (39.1047, -77.2586)"
"201590266","2404","260039716","09/10/2026 06:12:40 PM","09/09/2026 07:00:00 PM","09/10/2026 05:10:00 PM","240","1","Crime Against Property","Motor Vehicle Theft","AUTO THEFT - VEHICLE THEFT","MONTGOMERY VILLAGE","9900 BLK  SHELBURNE TER","GAITHERSBURG","MD","20878","MCPD","Parking Lot - Residential","P","6P1","752","9900",,"SHELBURNE",,"TER","39.1164","-77.2023","6D","    (39.1164, -77.2023)"
"201590235","2305","260039654","09/10/2026 01:15:18 PM","09/09/2026 07:00:00 PM","09/10/2026 01:00:00 PM","23F","1","Crime Against Property","Theft From Motor Vehicle","LARCENY - FROM AUTO","WHEATON","11900 BLK  JUDSON RD","SILVER SPRING","MD","20902","MCPD","Street - Residential","L","4L1","328","11900",,"JUDSON",,"RD","0.0","0.0","4D","    (0.0, 0.0)"
"201590198","2404","260039614","09/10/2026 06:53:03 AM","09/09/2026 07:00:00 PM","09/10/2026 06:00:00 AM","240","1","Crime Against Property","Motor Vehicle Theft","AUTO THEFT - VEHICLE THEFT","BETHESDA","7000 BLK  HILLCREST PL","CHEVY CHASE","MD","20815","MCPD","Residence - Driveway","D","2D2","013","7000",,"HILLCREST",,"PL","38.97922","-77.0808","2D","    (38.9792, -77.0808)"
"201590287","2303","260039574","09/09/2026 06:54:13 PM","09/09/2026 06:54:00 PM",,"23C","1","Crime Against Property","Shoplifting","LARCENY - SHOPLIFTING","SILVER SPRING","15700 BLK  OLD COLUMBIA PIKE PIK","BURTONSVILLE","MD","20866","MCPD","Retail - Other","I","3I2","382","15700",,"OLD COLUMBIA PIKE",,"PIK","0.0","0.0","3D","    (0.0, 0.0)"
"201590175","5707","260039575","09/09/2026 06:47:08 PM","09/09/2026 06:47:00 PM",,"90J","1","Crime Against Society","Trespass of Real Property","TRESPASSING","SILVER SPRING","1400 BLK  FOREST GLEN RD","SILVER SPRING","MD","20910","MCPD","Hospital/Emergency Care Center","G","3G2","169","1400",,"FOREST GLEN",,"RD","39.01635","-77.0319","3D","    (39.0164, -77.0319)"
"201590165","9113","260039573","09/09/2026 06:46:57 PM","09/09/2026 06:46:00 PM",,"90Z","1","Crime Against Society","All Other Offenses","MENTAL ILLNESS - EMERGENCY PETITION","WHEATON","5300 BLK  TRAILWAY DR","ROCKVILLE","MD","20853","MCPD","Residence - Single Family","K","4K1","394","5300",,"TRAILWAY",,"DR","39.10252","-77.1057","4D","    (39.1025, -77.1057)"
"201590902","9113","260040521","09/09/2026 06:30:20 PM","09/09/2026 06:30:00 PM",,"90Z","1","Crime Against Society","All Other Offenses","MENTAL ILLNESS - EMERGENCY PETITION","WHEATON","13000 BLK  WILTON OAKS DR","SILVER SPRING","MD","20906","MCPD","Residence - Single Family","L","4L3","350","13000",,"WILTON OAKS",,"DR","39.06917","-77.0505","4D","    (39.0692, -77.0505)"
"201590202","2404","260039616","09/10/2026 07:40:28 AM","09/09/2026 06:30:00 PM","09/10/2026 07:00:00 AM","240","1","Crime Against Property","Motor Vehicle Theft","AUTO THEFT - VEHICLE THEFT","GERMANTOWN","20200 BLK  HALETHORPE LA","GERMANTOWN","MD","20876","MCPD","Parking Lot - Residential","M","5M1","471","20200",,"HALETHORPE",,"LA","39.18557","-77.2339","5D","    (39.1856, -77.2339)"
"201590153","9105","260039566","09/09/2026 06:05:50 PM","09/09/2026 06:05:00 PM",,"90Z","1","Crime Against Society","All Other Offenses","LOST PROPERTY","BETHESDA","5700 BLK  MARINELLI RD","ROCKVILLE","MD","20852","MCPD","Hotel/Motel/Etc.","E","2E1","188","5700",,"MARINELLI",,"RD","39.04654","-77.1147","2D","    (39.0465, -77.1147)"
"201590157","2399","260039564","09/09/2026 06:02:27 PM","09/09/2026 06:02:00 PM",,"23H","1","Crime Against Property","All other Larceny","LARCENY (DESCRIBE OFFENSE)","SILVER SPRING","12700 BLK  CHILTON CIR","SILVER SPRING","MD","20904","MCPD","Residence - Single Family","I","3I1","149","12700",,"CHILTON",,"CIR","0.0","0.0","3D","    (0.0, 0.0)"
"201590211","2404","260039623","09/10/2026 09:10:07 AM","09/09/2026 06:00:00 PM","09/10/2026 08:30:00 AM","240","1","Crime Against Property","Motor Vehicle Theft","AUTO THEFT - VEHICLE THEFT","ROCKVILLE","12300 BLK  WILKINS AVE","ROCKVILLE","MD","20852","MCPD","Parking Lot - Commercial","A","1A2","302","12300",,"WILKINS",,"AVE","0.0","0.0","1D","    (0.0, 0.0)"
"201590168","9199","260039561","09/09/2026 05:41:17 PM","09/09/2026 05:41:00 PM",,"90Z","1","Crime Against Society","All Other Offenses","POLICE INFORMATION","SILVER SPRING","3300 BLK  GATESHEAD MANOR WAY","SILVER SPRING","MD","20904","MCPD","Street - Bus Stop","I","3I2","380","3300",,"GATESHEAD MANOR",,"WAY","39.07722","-76.9425","3D","    (39.0772, -76.9425)"
"201590158","2399","260039565","09/09/2026 06:11:01 PM","09/09/2026 05:15:00 PM","09/09/2026 05:30:00 PM","23H","1","Crime Against Property","All other Larceny","LARCENY (DESCRIBE OFFENSE)","WHEATON","11400 BLK  GEORGIA AVE","SILVER SPRING","MD","20902","MCPD","Retail - Department/Discount Store","L","4L2","355","11400",,"GEORGIA",,"AVE","0.0","0.0","4D","    (0.0, 0.0)"
"201590396","2304","260039877","09/11/2026 04:07:41 PM","09/09/2026 05:00:00 PM","09/11/2026 04:00:00 PM","23G","1","Crime Against Property","Theft of Motor Vehicle Parts or Accessories","LARCENY - AUTO PARTS","SILVER SPRING","1  BLK  GALWAY CT","SILVER SPRING","MD","20904","MCPD","Other/Unknown","I","3I1","377","1",,"GALWAY",,"CT","39.06189","-76.945","3D","    (39.0619, -76.945)"
"201590257","2305","260039688","09/10/2026 03:58:41 PM","09/09/2026 05:00:00 PM","09/10/2026 08:20:00 AM","23F","1","Crime Against Property","Theft From Motor Vehicle","LARCENY - FROM AUTO","BETHESDA","7000 BLK  HILLCREST PL","CHEVY CHASE","MD","20815","MCPD","Street - Residential","D","2D2","013","7000",,"HILLCREST",,"PL","38.97922","-77.0808","2D","    (38.9792, -77.0808)"
"201590197","2404","260039613","09/10/2026 06:54:23 AM","09/09/2026 05:00:00 PM","09/10/2026 06:20:00 AM","240","1","Crime Against Property","Motor Vehicle Theft","AUTO THEFT - VEHICLE THEFT","SILVER SPRING","14900 BLK  SADDLE CREEK DR","BURTONSVILLE","MD","20866","MCPD","Residence - Driveway","I","3I2","381","14900",,"SADDLE CREEK",,"DR","39.1003","-76.918","3D","    (39.1003, -76.918)"
"201590232","9113","260039556","09/09/2026 04:55:02 PM","09/09/2026 04:55:00 PM",,"90Z","1","Crime Against Society","All Other Offenses","MENTAL ILLNESS - EMERGENCY PETITION","SILVER SPRING","8800 BLK  GEORGIA AVE","SILVER SPRING","MD","20910","MCPD","Government Building","G","3G2","096","8800",,"GEORGIA",,"AVE","38.99948","-77.0318","3D","    (38.9995, -77.0318)"
"201590178","5707","260039557","09/09/2026 04:54:15 PM","09/09/2026 04:54:00 PM",,"90J","1","Crime Against Society","Trespass of Real Property","TRESPASSING","MONTGOMERY VILLAGE","9900 BLK  STEDWICK RD","MONTGOMERY VILLAGE","MD","20886","MCPD","Retail - Mall","R","6R2","546","9900",,"STEDWICK",,"RD","39.1697","-77.2043","6D","    (39.1697, -77.2043)"
"201590178","4199","260039557","09/09/2026 04:54:15 PM","09/09/2026 04:54:00 PM",,"90G","1","Crime Against Society","Liquor Law Violations","LIQUOR (DESCRIBE OFFENSE)","MONTGOMERY VILLAGE","9900 BLK  STEDWICK RD","MONTGOMERY VILLAGE","MD","20886","MCPD","Retail - Mall","R","6R2","546","9900",,"STEDWICK",,"RD","39.1697","-77.2043","6D","    (39.1697, -77.2043)"
"201590152","9108","260039552","09/09/2026 04:42:53 PM","09/09/2026 04:42:00 PM",,"90Z","1","Crime Against Society","All Other Offenses","RECOVERED PROPERTY - MONT CO.","MONTGOMERY VILLAGE","6500 BLK  PILGRIMS COV","DERWOOD","MD","20855","MCPD","Residence - Single Family","R","6R3","665","6500",,"PILGRIMS",,"COV","39.1388","-77.134","6D","    (39.1388, -77.134)"
"201590151","9199","260039550","09/09/2026 04:33:59 PM","09/09/2026 04:33:00 PM",,"90Z","1","Crime Against Society","All Other Offenses","POLICE INFORMATION","TAKOMA PARK","100 BLK  PHILADELPHIA AVE","TAKOMA PARK","MD","20912","TPPD","Library","T","8T2","804","100",,"PHILADELPHIA",,"AVE","38.98064","-77.0107","TPPD","    (38.9806, -77.0107)"
"201590258","3550","260039558",,"09/09/2026 04:22:00 PM",,"35B","1","Crime Against Society","Drug Equipment Violations","DRUGS - NARCOTIC EQUIP - POSSESS","SILVER SPRING","9900 BLK  NEW HAMPSHIRE AVE","SILVER SPRING","MD","20903","MCPD","Street - In vehicle","I","3I3","135","9900",,"NEW HAMPSHIRE",,"AVE","39.01801","-76.977","3D","    (39.018, -76.977)"
"201590360","2303","260039692","09/10/2026 04:30:38 PM","09/09/2026 04:20:00 PM","09/09/2026 05:00:00 PM","23C","1","Crime Against Property","Shoplifting","LARCENY - SHOPLIFTING","SILVER SPRING","900 BLK  ELLSWORTH DR","SILVER SPRING","MD","20910","MCPD","Retail - Clothing","G","3G1","109","900",,"ELLSWORTH",,"DR","38.99686","-77.0254","3D","    (38.9969, -77.0254)"
"201590161","9113","260039554","09/09/2026 04:17:56 PM","09/09/2026 04:17:00 PM",,"90Z","1","Crime Against Society","All Other Offenses","MENTAL ILLNESS - EMERGENCY PETITION","WHEATON","2300 BLK  JONES LA","SILVER SPRING","MD","20902","MCPD","Residence -Townhouse/Duplex","L","4L1","674","2300",,"JONES",,"LA","0.0","0.0","4D","    (0.0, 0.0)"
"201590156","9199","260039560","09/09/2026 04:22:36 PM","09/09/2026 04:16:00 PM",,"90Z","1","Crime Against Society","All Other Offenses","POLICE INFORMATION","SILVER SPRING","200 BLK  WILLIAMSBURG DR","SILVER SPRING","MD","20901","MCPD","Residence - Single Family","I","3I3","153","200",,"WILLIAMSBURG",,"DR","39.01882","-77.0053","3D","    (39.0188, -77.0053)"
"201590241","3550","260039549","09/09/2026 04:14:11 PM","09/09/2026 04:14:00 PM",,"35B","1","Crime Against Society","Drug Equipment Violations","DRUGS - NARCOTIC EQUIP - POSSESS","MONTGOMERY VILLAGE","9600 BLK  LOST KNIFE RD","GAITHERSBURG","MD","20877","MCPD","Street - Bus Stop","R","6R1","505","9600",,"LOST KNIFE",,"RD","39.15237","-77.1983","6D","    (39.1524, -77.1983)"
"201590241","3562","260039549","09/09/2026 04:14:11 PM","09/09/2026 04:14:00 PM",,"35A","1","Crime Against Society","Drug/Narcotic Violations","DRUGS - MARIJUANA - POSSESS","MONTGOMERY VILLAGE","9600 BLK  LOST KNIFE RD","GAITHERSBURG","MD","20877","MCPD","Street - Bus Stop","R","6R1","505","9600",,"LOST KNIFE",,"RD","39.15237","-77.1983","6D","    (39.1524, -77.1983)"
"201590139","9199","260039538",,"09/09/2026 04:05:00 PM",,"90Z","1","Crime Against Society","All Other Offenses","POLICE INFORMATION","ROCKVILLE","14600 BLK  ROTHGEB DR","ROCKVILLE","MD","20850","MCPD","Commercial - Industrial park","A","1A1","740","14600",,"ROTHGEB",,"DR","39.09579","-77.1339","1D","    (39.0958, -77.1339)"
"201591193","9107","260040875","09/17/2026 06:27:30 PM","09/09/2026 04:00:00 PM",,"90Z","1","Crime Against Society","All Other Offenses","MISSING PERSON","BETHESDA","5400 BLK  MARINELLI RD","ROCKVILLE","MD","20852","MCPD","Residence - Apartment/Condo","D","2D1","187","5400",,"MARINELLI",,"RD","39.0476","-77.1081","2D","    (39.0476, -77.1081)"
"201591057","2605","260040508","09/15/2026 06:35:24 PM","09/09/2026 04:00:00 PM",,"26B","1","Crime Against Property","Credit Card/Automatic Teller Machine Fraud","FRAUD - ILLEGAL USE CREDIT CARDS","WHEATON","3400 BLK  JANET RD","SILVER SPRING","MD","20906","MCPD","Other/Unknown","L","4L3","336","3400",,"JANET",,"RD","0.0","0.0","4D","    (0.0, 0.0)"
"201590140","9105","260039545","09/09/2026 03:58:00 PM","09/09/2026 03:58:00 PM",,"90Z","1","Crime Against Society","All Other Offenses","LOST PROPERTY","ROCKVILLE","1100 BLK  ROCKVILLE PIK","ROCKVILLE","MD","20852","MCPD","Other/Unknown","A","1A2","265","1100",,"ROCKVILLE",,"PIK","39.07121","-77.1322","1D","    (39.0712, -77.1322)"
"201590174","5016","260039551","09/09/2026 03:42:24 PM","09/09/2026 03:42:00 PM",,"90Z","1","Crime Against Society","All Other Offenses","OBSTRUCT GOVT - VIOLATION OF A COURT ORDER","SILVER SPRING","500 BLK  THAYER AVE","SILVER SPRING","MD","20910","MCPD","Residence - Apartment/Condo","G","3G1","514","500",,"THAYER",,"AVE","38.99384","-77.0115","3D","    (38.9938, -77.0115)"
"201590136","3532","260039458",,"09/09/2026 03:33:00 PM",,"35A","1","Crime Against Society","Drug/Narcotic Violations","DRUGS - COCAINE - POSSESS","SILVER SPRING","8700 BLK  PINEY BRANCH RD","SILVER SPRING","MD","20901","MCPD","Street - Other","G","3G3","128","8700",,"PINEY BRANCH",,"RD","38.99886","-76.9982","3D","    (38.9989, -76.9982)"
"201590162","2303","260039583","09/09/2026 03:27:08 PM","09/09/2026 03:27:00 PM",,"23C","1","Crime Against Property","Shoplifting","LARCENY - SHOPLIFTING","MONTGOMERY VILLAGE","1  BLK  GRAND CORNER AVE","GAITHERSBURG","MD","20878","GPD","Retail - Other","P","6P1","549","1",,"GRAND CORNER",,"AVE","39.11801","-77.2004","6D","    (39.118, -77.2004)"
"201590143","2308","260039542","09/09/2026 03:40:03 PM","09/09/2026 03:27:00 PM",,"23D","1","Crime Against Property","Theft from Building","LARCENY - FROM BLDG","MONTGOMERY VILLAGE","800 BLK S FREDERICK AVE","GAITHERSBURG","MD","20877","GPD","Doctor/Dentist/Vet Office","P","6P3","435","800","S","FREDERICK",,"AVE","39.12603","-77.1828","6D","    (39.126, -77.1828)"
"201590155","9199","260039541","09/09/2026 03:21:44 PM","09/09/2026 03:21:00 PM",,"90Z","1","Crime Against Society","All Other Offenses","POLICE INFORMATION","SILVER SPRING","1000 BLK  VENICE DR","SILVER SPRING","MD","20904","MCPD","Street - Residential","I","3I1","519","1000",,"VENICE",,"DR","39.05966","-76.9887","3D","    (39.0597, -76.9887)"
"201590349","9199","260039656","09/10/2026 11:38:13 AM","09/09/2026 03:00:00 PM",,"90Z","1","Crime Against Society","All Other Offenses","POLICE INFORMATION","WHEATON","11800 BLK  MONTICELLO AVE","SILVER SPRING","MD","20902","MCPD","Street - Residential","L","4L1","363","11800",,"MONTICELLO",,"AVE","39.04925","-77.0297","4D","    (39.0493, -77.0297)"
"201591565","1399","260040976",,"09/09/2026 03:00:00 PM","09/09/2026 03:10:00 PM","13B","1","Crime Against Person","Simple Assault","ASSAULT - 2ND DEGREE","WHEATON","2200 BLK  BEL PRE RD","SILVER SPRING","MD","20906","MCPD","Restaurant","K","4K1","530","2200",,"BEL PRE",,"RD","39.09053","-77.0465","4D","    (39.0905, -77.0465)"
"201590357","9109","260039843",,"09/09/2026 02:16:00 PM",,"90Z","1","Crime Against Society","All Other Offenses","RECOVERED PROPERTY - OTHER","ROCKVILLE","11300 BLK  SEVEN LOCKS RD","POTOMAC","MD","20854","MCPD","Gas Station","B","1B1","203","11300",,"SEVEN LOCKS",,"RD","39.0407","-77.159","1D","    (39.0407, -77.159)"
"201590127","2303","260039524","09/09/2026 02:08:28 PM","09/09/2026 02:08:00 PM",,"23C","1","Crime Against Property","Shoplifting","LARCENY - SHOPLIFTING","SILVER SPRING","10100 BLK  NEW HAMPSHIRE AVE","SILVER SPRING","MD","20903","MCPD","Retail - Department/Discount Store","I","3I3","140","10100",,"NEW HAMPSHIRE",,"AVE","39.02039","-76.9766","3D","    (39.0204, -76.9766)"
"201590220","2404","260039630","09/10/2026 10:01:23 AM","09/09/2026 02:00:00 PM","09/10/2026 09:00:00 AM","240","1","Crime Against Property","Motor Vehicle Theft","AUTO THEFT - VEHICLE THEFT","BETHESDA","8800 BLK  LANIER DR","SILVER SPRING","MD","20910","MCPD","Parking Lot - Residential","D","2D1","085","8800",,"LANIER",,"DR","38.99923","-77.0478","2D","    (38.9992, -77.0478)"
"201590138","2303","260039523","09/09/2026 02:14:39 PM","09/09/2026 02:00:00 PM",,"23C","1","Crime Against Property","Shoplifting","LARCENY - SHOPLIFTING","BETHESDA","5000 BLK  BRADLEY BLV","CHEVY CHASE","MD","20815","MCPD","Convenience Store","D","2D2","016","5000",,"BRADLEY",,"BLV","38.978","-77.0987","2D","    (38.978, -77.0987)"
"201590238","3550","260039572","09/09/2026 06:20:43 PM","09/09/2026 01:54:00 PM","09/09/2026 01:54:00 PM","35B","1","Crime Against Society","Drug Equipment Violations","DRUGS - NARCOTIC EQUIP - POSSESS","ROCKVILLE","300 BLK  WOODLAND RD","ROCKVILLE","MD","20850","RCPD","Street - Residential","A","1A1","283","300",,"WOODLAND",,"RD","39.13893","-77.1869","1D","    (39.1389, -77.1869)"
"201590994","5707","260039581",,"09/09/2026 01:51:00 PM",,"90J","1","Crime Against Society","Trespass of Real Property","TRESPASSING","SILVER SPRING","1  BLK  VETERANS PL","SILVER SPRING","MD","20910","MCPD","Community Center","G","3G1","671","1",,"VETERANS",,"PL","38.99791","-77.0246","3D","    (38.9979, -77.0246)"
"201590195","5707","260039522","09/09/2026 01:30:52 PM","09/09/2026 01:30:00 PM","09/09/2026 12:00:00 AM","90J","1","Crime Against Society","Trespass of Real Property","TRESPASSING","SILVER SPRING","800 BLK  ELLSWORTH DR","SILVER SPRING","MD","20910","MCPD","Restaurant","G","3G1","671","800",,"ELLSWORTH",,"DR","38.99791","-77.0246","3D","    (38.9979, -77.0246)"
"201590193","9101","260039526","09/09/2026 01:54:54 PM","09/09/2026 01:00:00 PM","09/09/2026 02:29:00 PM","90Z","1","Crime Against Society","All Other Offenses","SUDDEN DEATH","BETHESDA","9300 BLK  BELLS MILL RD","POTOMAC","MD","20854","MCPD","Residence - Single Family","E","2E2","220","9300",,"BELLS MILL",,"RD","39.0354","-77.1914","2D","    (39.0354, -77.1914)"
"201590803","9108","260039517","09/09/2026 12:54:55 PM","09/09/2026 12:49:00 PM",,"90Z","1","Crime Against Society","All Other Offenses","RECOVERED PROPERTY - MONT CO.","SILVER SPRING","1  BLK  UNIVERSITY BLV E","SILVER SPRING","MD","20901","MCPD","School - Elementary/Secondary","I","3I3","156","1",,"UNIVERSITY","E","BLV","39.02037","-77.0127","3D","    (39.0204, -77.0127)"
"201590149","9023","260039518","09/09/2026 12:36:23 PM","09/09/2026 12:36:00 PM",,"90Z","1","Crime Against Society","All Other Offenses","JUVENILE - OTHER","TAKOMA PARK","7600 BLK  PINEY BRANCH RD","TAKOMA PARK","MD","20912","TPPD","School - Elementary/Secondary","T","8T1","800","7600",,"PINEY BRANCH",,"RD","38.98549","-77.0142","TPPD","    (38.9855, -77.0142)"
"201590117","2303","260039515","09/09/2026 12:15:17 PM","09/09/2026 12:15:00 PM",,"23C","1","Crime Against Property","Shoplifting","LARCENY - SHOPLIFTING","SILVER SPRING","15700 BLK  OLD COLUMBIA PIKE PIK","BURTONSVILLE","MD","20866","MCPD","Retail - Clothing","I","3I2","382","15700",,"OLD COLUMBIA PIKE",,"PIK","0.0","0.0","3D","    (0.0, 0.0)"
"201590402","9112","260039744","09/10/2026 04:04:00 PM","09/09/2026 12:00:00 PM","09/10/2026 04:04:00 PM","90Z","1","Crime Against Society","All Other Offenses","MENTAL TRANSPORT - ONLY","WHEATON","1300 BLK  ELM GROVE CIR","SILVER SPRING","MD","20905","MCPD","Residence -Townhouse/Duplex","K","4K2","904","1300",,"ELM GROVE",,"CIR","39.0941","-76.9859","4D","    (39.0941, -76.9859)"
"201590351","2411","260039847","09/11/2026 01:14:37 PM","09/09/2026 12:00:00 PM","09/11/2026 12:00:00 AM","90Z","1","Crime Against Society","All Other Offenses","UNAUTHORIZED USE OF VEHICLE (INCLUDES JOY RIDING)","BETHESDA","7400 BLK  WESTLAKE TER","BETHESDA","MD","20817","MCPD","Residence - Apartment/Condo","E","2E2","520","7400",,"WESTLAKE",,"TER","39.02705","-77.1505","2D","    (39.0271, -77.1505)"
"201590105","3601","260039484",,"09/09/2026 11:43:00 AM",,"11D","1","Crime Against Person","Forcible Fondling","SEX OFFENSE - AGAINST CHILD-FONDLING","ROCKVILLE","7300 BLK  CALHOUN PL","DERWOOD","MD","20855","MCPD","Residence - Apartment/Condo","A","1A1","281","7300",,"CALHOUN",,"PL","39.10762","-77.1466","1D","    (39.1076, -77.1466)"
"201590116","9199","260039508","09/09/2026 11:45:21 AM","09/09/2026 11:40:00 AM","09/09/2026 01:00:00 PM","90Z","1","Crime Against Society","All Other Offenses","POLICE INFORMATION","WHEATON",,"SILVER SPRING","MD","20902","MCPD","Street - Commercial","L","4L2","324",,,"GEORGIA",,"AVE","39.10125","-77.0769","4D","    (39.1013, -77.0769)"
"201590948","2399","260040425","09/15/2026 11:36:47 AM","09/09/2026 11:36:00 AM","09/11/2026 02:00:00 PM","23H","1","Crime Against Property","All other Larceny","LARCENY (DESCRIBE OFFENSE)","GERMANTOWN","7500 BLK  PLANTER LA","GAITHERSBURG","MD","20882","MCPD","Residence - Single Family","M","5M2","618","7500",,"PLANTER",,"LA","39.26263","-77.1524","5D","    (39.2626, -77.1524)"
"201590123","9199","260039502","09/09/2026 11:32:27 AM","09/09/2026 11:32:00 AM",,"90Z","1","Crime Against Society","All Other Offenses","POLICE INFORMATION","MONTGOMERY VILLAGE","100 BLK W DEER PARK RD","GAITHERSBURG","MD","20877","GPD","School - Elementary/Secondary","P","6P3","435","100","W","DEER PARK",,"RD","39.13478","-77.2055","6D","    (39.1348, -77.2055)"
"201590214","5212","260039530",,"09/09/2026 11:30:00 AM","09/09/2026 12:00:00 PM","520","1","Crime Against Society","Weapon Law Violations","WEAPON - POSSESSION","ROCKVILLE","2100 BLK  BALTIMORE RD","ROCKVILLE","MD","20851","RCPD","School - Elementary/Secondary","A","1A2","290","2100",,"BALTIMORE",,"RD","39.08472","-77.1183","1D","    (39.0847, -77.1183)"
"201590132","9199","260039529","09/09/2026 12:57:36 PM","09/09/2026 11:30:00 AM","09/09/2026 03:30:00 PM","90Z","1","Crime Against Society","All Other Offenses","POLICE INFORMATION","ROCKVILLE","600 BLK  GREAT FALLS RD","ROCKVILLE","MD","20850","RCPD","School - Elementary/Secondary","A","1A2","250","600",,"GREAT FALLS",,"RD","39.07876","-77.1617","1D","    (39.0788, -77.1617)"
"201590390","2203","260039869","09/11/2026 03:31:35 PM","09/09/2026 11:28:00 AM","09/09/2026 11:37:00 AM","220","1","Crime Against Property","Burglary/Breaking and Entering","BURGLARY - FORCED ENTRY-NONRESIDENTIAL","WHEATON","16200 BLK  OAK HILL RD","SPENCERVILLE","MD","20868","MCPD","Other/Unknown","K","4K2","680","16200",,"OAK HILL",,"RD","39.11959","-76.9771","4D","    (39.1196, -76.9771)"
"201590121","2901","260039504","09/09/2026 11:07:28 AM","09/09/2026 11:07:00 AM",,"290","1","Crime Against Property","Destruction/Damage/Vandalism of Property","DAMAGE PROPERTY - BUSINESS","SILVER SPRING","900 BLK  WAYNE AVE","SILVER SPRING","MD","20910","MCPD","Retail - Beauty/Barber Shop","G","3G1","109","900",,"WAYNE",,"AVE","0.0","0.0","3D","    (0.0, 0.0)"
"201590114","5707","260039511","09/09/2026 11:01:06 AM","09/09/2026 11:01:00 AM",,"90J","1","Crime Against Society","Trespass of Real Property","TRESPASSING","SILVER SPRING","8800 BLK  PINEY BRANCH RD","SILVER SPRING","MD","20903","MCPD","Residence - Apartment/Condo","G","3G3","133","8800",,"PINEY BRANCH",,"RD","38.99963","-76.9953","3D","    (38.9996, -76.9953)"
"201590502","9199","260040001","09/12/2026 02:20:32 PM","09/09/2026 11:00:00 AM","09/12/2026 02:20:00 PM","90Z","1","Crime Against Society","All Other Offenses","POLICE INFORMATION","TAKOMA PARK","1  BLK  OSWEGO AVE","SILVER SPRING","MD","20910","TPPD","Residence - Single Family","T","8T2","804","1",,"OSWEGO",,"AVE","38.98606","-77.0086","TPPD","    (38.9861, -77.0086)"
"201590106","9107","260039506","09/09/2026 10:51:21 AM","09/09/2026 10:51:00 AM",,"90Z","1","Crime Against Society","All Other Offenses","MISSING PERSON","ROCKVILLE","16000 BLK  REDLAND RD","DERWOOD","MD","20855","MCPD","Air/Bus/Train/Metro Terminal","A","1A1","414","16000",,"REDLAND",,"RD","39.11807","-77.1635","1D","    (39.1181, -77.1635)"
"201590194","9199","260039498","09/09/2026 10:46:31 AM","09/09/2026 10:46:00 AM","09/09/2026 11:00:00 AM","90Z","1","Crime Against Society","All Other Offenses","POLICE INFORMATION","BETHESDA","6800 BLK  WISCONSIN AVE","CHEVY CHASE","MD","20815","MCPD","Street - In vehicle","D","2D2","014","6800",,"WISCONSIN",,"AVE","38.97781","-77.091","2D","    (38.9778, -77.091)"
"201590119","3605","260039509","09/09/2026 11:21:13 AM","09/09/2026 10:37:00 AM",,"90C","1","Crime Against Society","Disorderly Conduct","SEX OFFENSE - INDECENT EXPOSURE","GERMANTOWN","13000 BLK  WALLICH WAY","GERMANTOWN","MD","20874","MCPD","Residence - Yard","N","5N2","594","13000",,"WALLICH",,"WAY","0.0","0.0","5D","    (0.0, 0.0)"
"201590113","1313","260039495","09/09/2026 10:40:40 AM","09/09/2026 10:34:00 AM",,"13B","1","Crime Against Person","Simple Assault","ASSAULT - SIMPLE","BETHESDA","6100 BLK  CONNECTICUT AVE","CHEVY CHASE","MD","20815","MCPD","Parking Lot - Commercial","D","2D2","007","6100",,"CONNECTICUT",,"AVE","38.97288","-77.0772","2D","    (38.9729, -77.0772)"
"201590118","9108","260039497","09/09/2026 10:17:35 AM","09/09/2026 10:17:00 AM","09/09/2026 11:00:00 AM","90Z","1","Crime Against Society","All Other Offenses","RECOVERED PROPERTY - MONT CO.","ROCKVILLE","14500 BLK  AVERY RD","ROCKVILLE","MD","20853","RCPD","Park","A","1A1","287","14500",,"AVERY",,"RD","0.0","0.0","1D","    (0.0, 0.0)"
"201590204","5212","260039491","09/09/2026 10:07:38 AM","09/09/2026 10:07:00 AM",,"520","1","Crime Against Society","Weapon Law Violations","WEAPON - POSSESSION","SILVER SPRING","14800 BLK  PERRYWOOD DR","BURTONSVILLE","MD","20866","MCPD","School - Elementary/Secondary","I","3I2","384","14800",,"PERRYWOOD",,"DR","39.09739","-76.9479","3D","    (39.0974, -76.9479)"
"201590097","2610","260039489","09/09/2026 10:06:20 AM","09/09/2026 10:06:00 AM",,"26F","1","Crime Against Property","Identity Theft","IDENTITY THEFT","GERMANTOWN","11400 BLK  PIEDMONT CT","CLARKSBURG","MD","20871","MCPD","Other/Unknown","M","5M3","506","11400",,"PIEDMONT",,"CT","39.24766","-77.2403","5D","    (39.2477, -77.2403)"
"201590199","9113","260039490","09/09/2026 10:05:07 AM","09/09/2026 10:05:00 AM",,"90Z","1","Crime Against Society","All Other Offenses","MENTAL ILLNESS - EMERGENCY PETITION","GERMANTOWN","12900 BLK  POPPYSEED CT","GERMANTOWN","MD","20874","MCPD","Residence -Townhouse/Duplex","N","5N2","594","12900",,"POPPYSEED",,"CT","39.16323","-77.268","5D","    (39.1632, -77.268)"
"201590112","2610","260039514","09/09/2026 10:18:40 AM","09/09/2026 10:00:00 AM","09/09/2026 12:00:00 PM","26F","1","Crime Against Property","Identity Theft","IDENTITY THEFT","SILVER SPRING","9500 BLK  BRUCE DR","SILVER SPRING","MD","20901","MCPD","Other/Unknown","G","3G2","104","9500",,"BRUCE",,"DR","0.0","0.0","3D","    (0.0, 0.0)"
"201590203","2204","260039494","09/09/2026 10:16:03 AM","09/09/2026 10:00:00 AM","09/09/2026 10:45:00 AM","220","1","Crime Against Property","Burglary/Breaking and Entering","BURGLARY - NO FORCED ENTRY-RESIDENTIAL","GERMANTOWN","13000 BLK  COUNTRY RIDGE DR","GERMANTOWN","MD","20874","MCPD","Residence -Townhouse/Duplex","N","5N1","702","13000",,"COUNTRY RIDGE",,"DR","39.18436","-77.269","5D","    (39.1844, -77.269)"
"201590135","1305","260039499","09/09/2026 09:58:45 AM","09/09/2026 09:58:00 AM",,"13A","1","Crime Against Person","Aggravated Assault","ASSAULT - AGGRAVATED - NON-FAMILY-OTHER WEAPON",,,"HYATTSVILLE PG","MD","20783","TPPD","Parking Lot - Commercial","w","own","Unknown",,,,,,"0.0","0.0","Unknown","    (0.0, 0.0)"
"201590225","9199","260039513","09/09/2026 09:35:01 AM","09/09/2026 09:35:00 AM",,"90Z","1","Crime Against Society","All Other Offenses","POLICE INFORMATION","MONTGOMERY VILLAGE","100 BLK  EDUCATION BLV","GAITHERSBURG","MD","20877","GPD","School - Elementary/Secondary","P","6P3","433","100",,"EDUCATION",,"BLV","39.13589","-77.1921","6D","    (39.1359, -77.1921)"
"201590098","2399","260039483","09/09/2026 09:20:14 AM","09/09/2026 09:20:00 AM",,"23H","1","Crime Against Property","All other Larceny","LARCENY (DESCRIBE OFFENSE)","SILVER SPRING","8200 BLK  FENTON ST","SILVER SPRING","MD","20910","MCPD","Residence - Apartment/Condo","G","3G1","093","8200",,"FENTON",,"ST","38.99169","-77.024","3D","    (38.9917, -77.024)"
"201590181","2202","260039601","09/09/2026 10:37:01 PM","09/09/2026 09:00:00 AM","09/09/2026 02:30:00 PM","220","1","Crime Against Property","Burglary/Breaking and Entering","BURGLARY - FORCED ENTRY-RESIDENTIAL","WHEATON","1700 BLK  COLESBERG ST","SILVER SPRING","MD","20905","MCPD","Residence - Single Family","K","4K2","385","1700",,"COLESBERG",,"ST","39.10747","-76.9775","4D","    (39.1075, -76.9775)"
"201590087","5707","260039321",,"09/09/2026 08:46:00 AM",,"90J","1","Crime Against Society","Trespass of Real Property","TRESPASSING","MONTGOMERY VILLAGE","200 BLK  PARAMOUNT PARK DR","GAITHERSBURG","MD","20879","MCPD","Residence - Apartment/Condo","P","6P2","425","200",,"PARAMOUNT PARK",,"DR","39.15876","-77.2224","6D","    (39.1588, -77.2224)"
"201590210","9105","260039496","09/09/2026 10:56:57 AM","09/09/2026 08:30:00 AM",,"90Z","1","Crime Against Society","All Other Offenses","LOST PROPERTY","ROCKVILLE","1  BLK  COURTHOUSE SQ","ROCKVILLE","MD","20850","MCPD","Other/Unknown","A","1A1","276","1",,"COURTHOUSE",,"SQ","39.08418","-77.1529","1D","    (39.0842, -77.1529)"
"201590081","9062","260039448",,"09/09/2026 08:04:00 AM",,"90Z","1","Crime Against Society","All Other Offenses","FUGITIVE FROM JUSTICE (OUT OF STATE)","ROCKVILLE","1300 BLK  SEVEN LOCKS RD","POTOMAC","MD","20854","MCPD","Jail/Prison","B","1B1","228","1300",,"SEVEN LOCKS",,"RD","39.06691","-77.1616","1D","    (39.0669, -77.1616)"
"201590094","9113","260039481","09/09/2026 08:01:21 AM","09/09/2026 08:01:00 AM",,"90Z","1","Crime Against Society","All Other Offenses","MENTAL ILLNESS - EMERGENCY PETITION","MONTGOMERY VILLAGE","8600 BLK  FOUNTAIN VALLEY DR","MONTGOMERY VILLAGE","MD","20886","MCPD","Residence -Townhouse/Duplex","R","6R3","719","8600",,"FOUNTAIN VALLEY",,"DR","39.18294","-77.1778","6D","    (39.1829, -77.1778)"
"201590226","1399","260039507","09/10/2026 07:55:22 AM","09/09/2026 07:55:00 AM",,"13B","1","Crime Against Person","Simple Assault","ASSAULT - 2ND DEGREE","GERMANTOWN","22500 BLK  WIMS RD","CLARKSBURG","MD","20871","MCPD","School - Elementary/Secondary","M","5M3","598","22500",,"WIMS",,"RD","0.0","0.0","5D","    (0.0, 0.0)"
"201590160","2305","260039539","09/09/2026 02:29:50 PM","09/09/2026 07:30:00 AM","09/09/2026 12:30:00 PM","23F","1","Crime Against Property","Theft From Motor Vehicle","LARCENY - FROM AUTO","BETHESDA","2600 BLK  PITTMAN DR","SILVER SPRING","MD","20910","MCPD","Parking Lot - Commercial","D","2D1","079","2600",,"PITTMAN",,"DR","39.00073","-77.0545","2D","    (39.0007, -77.0545)"
"201590101","2304","260039477","09/09/2026 07:25:36 AM","09/09/2026 07:25:00 AM",,"23G","1","Crime Against Property","Theft of Motor Vehicle Parts or Accessories","LARCENY - AUTO PARTS","SILVER SPRING","7900 BLK  GEORGIA AVE","SILVER SPRING","MD","20910","MCPD","Parking Lot - Commercial","G","3G1","090","7900",,"GEORGIA",,"AVE","38.98534","-77.0266","3D","    (38.9853, -77.0266)"
"201590259","2305","260039476","09/09/2026 05:01:49 AM","09/09/2026 05:01:00 AM",,"23F","1","Crime Against Property","Theft From Motor Vehicle","LARCENY - FROM AUTO","MONTGOMERY VILLAGE","7900 BLK  PEARLBUSH DR","GAITHERSBURG","MD","20879","MCPD","Parking Lot - Residential","R","6R3","420","7900",,"PEARLBUSH",,"DR","39.15909","-77.1625","6D","    (39.1591, -77.1625)"
"201590073","3550","260039474","09/09/2026 03:00:05 AM","09/09/2026 03:00:00 AM",,"35B","1","Crime Against Society","Drug Equipment Violations","DRUGS - NARCOTIC EQUIP - POSSESS","MONTGOMERY VILLAGE","1  BLK E DIAMOND AVE","GAITHERSBURG","MD","20877","GPD","Street - In vehicle","P","6P3","427","1","E","DIAMOND",,"AVE","39.1413","-77.1989","6D","    (39.1413, -77.1989)"
"201590071","2901","260039473","09/09/2026 02:02:25 AM","09/09/2026 02:02:00 AM",,"290","1","Crime Against Property","Destruction/Damage/Vandalism of Property","DAMAGE PROPERTY - BUSINESS","TAKOMA PARK","6900 BLK  NEW HAMPSHIRE AVE","TAKOMA PARK","MD","20912","TPPD","Convenience Store","T","8T3","808","6900",,"NEW HAMPSHIRE",,"AVE","38.97561","-76.994","TPPD","    (38.9756, -76.994)"
"201590120","2404","260039519","09/09/2026 01:13:03 PM","09/09/2026 01:13:00 AM","09/09/2026 01:35:00 PM","240","1","Crime Against Property","Motor Vehicle Theft","AUTO THEFT - VEHICLE THEFT","WHEATON","2000 BLK  GEORGIAN WOODS PL","SILVER SPRING","MD","20902","MCPD","Parking Lot - Residential","L","4L1","674","2000",,"GEORGIAN WOODS",,"PL","39.05307","-77.0463","4D","    (39.0531, -77.0463)"
"201590923","2399","260040514","09/15/2026 06:51:42 PM","09/09/2026 12:00:00 AM","09/12/2026 12:00:00 AM","23H","1","Crime Against Property","All other Larceny","LARCENY (DESCRIBE OFFENSE)","BETHESDA","5600 BLK  MCLEAN DR","BETHESDA","MD","20814","MCPD","Residence - Garage","E","2E1","029","5600",,"MCLEAN",,"DR","38.98595","-77.1116","2D","    (38.986, -77.1116)"
"201590072","4104","260039467",,"09/08/2026 11:56:00 PM",,"90G","1","Crime Against Society","Liquor Law Violations","LIQUOR - POSSESS","MONTGOMERY VILLAGE","9600 BLK  LOST KNIFE RD","GAITHERSBURG","MD","20877","GPD","Street - Bus Stop","R","6R1","505","9600",,"LOST KNIFE",,"RD","39.15237","-77.1983","6D","    (39.1524, -77.1983)"
"201590059","2301","260039461",,"09/08/2026 11:07:00 PM",,"23A","1","Crime Against Property","Pocket/picking","LARCENY - POCKET PICKING","GERMANTOWN","12800 BLK  MIDDLEBROOK RD","GERMANTOWN","MD","20874","MCPD","Park","N","5N1","447","12800",,"MIDDLEBROOK",,"RD","39.17781","-77.2658","5D","    (39.1778, -77.2658)"
"201590070","5404","260039471","09/08/2026 11:23:25 PM","09/08/2026 11:00:00 PM",,"90D","1","Crime Against Society","Driving Under the Influence","DRIVING UNDER THE INFLUENCE LIQUOR","ROCKVILLE","800 BLK  ROCKVILLE PIK","ROCKVILLE","MD","20852","RCPD","Parking Lot - Commercial","A","1A2","263","800",,"ROCKVILLE",,"PIK","39.07761","-77.14","1D","    (39.0776, -77.14)"
"201590069","2303","260039470","09/08/2026 11:00:28 PM","09/08/2026 11:00:00 PM",,"23C","1","Crime Against Property","Shoplifting","LARCENY - SHOPLIFTING","WHEATON","3800 BLK  INTERNATIONAL DR","SILVER SPRING","MD","20906","MCPD","Grocery/Supermarket","K","4K1","346","3800",,"INTERNATIONAL",,"DR","39.10367","-77.0752","4D","    (39.1037, -77.0752)"
"201590176","9099","260039457",,"09/08/2026 10:58:00 PM",,"90Z","1","Crime Against Society","All Other Offenses","ALL OTHER OFFENSES","SILVER SPRING","8400 BLK  COLESVILLE RD","SILVER SPRING","MD","20910","MCPD","Parking Lot - Metro","G","3G1","094","8400",,"COLESVILLE",,"RD","38.99394","-77.0315","3D","    (38.9939, -77.0315)"
"201590063","9108","260039468","09/08/2026 10:54:12 PM","09/08/2026 10:54:00 PM",,"90Z","1","Crime Against Society","All Other Offenses","RECOVERED PROPERTY - MONT CO.","BETHESDA","4900 BLK  CUMBERLAND AVE","CHEVY CHASE","MD","20815","MCPD","Street - Residential","D","2D2","015","4900",,"CUMBERLAND",,"AVE","38.96953","-77.0975","2D","    (38.9695, -77.0975)"
"201590068","1303","260039469","09/08/2026 10:52:45 PM","09/08/2026 10:52:00 PM",,"13A","1","Crime Against Person","Aggravated Assault","ASSAULT - AGGRAVATED - FAMILY-STRONG-ARM","MONTGOMERY VILLAGE","11900 BLK  FERNSHIRE RD","GAITHERSBURG","MD","20878","MCPD","Residence - Yard","P","6P2","590","11900",,"FERNSHIRE",,"RD","39.13184","-77.2466","6D","    (39.1318, -77.2466)"
"201590137","2404","260039536","09/09/2026 03:08:48 PM","09/08/2026 10:00:00 PM","09/09/2026 03:00:00 PM","240","1","Crime Against Property","Motor Vehicle Theft","AUTO THEFT - VEHICLE THEFT","SILVER SPRING","11700 BLK  OLD COLUMBIA PIKE PIK","SILVER SPRING","MD","20904","MCPD","Parking Lot - Residential","I","3I1","145","11700",,"OLD COLUMBIA PIKE",,"PIK","0.0","0.0","3D","    (0.0, 0.0)"
"201590124","3522","260039464","09/08/2026 10:22:02 PM","09/08/2026 09:57:00 PM",,"35A","1","Crime Against Society","Drug/Narcotic Violations","DRUGS - OPIUM OR DERIVATIVE - POSSESS","WHEATON",,"SILVER SPRING","MD","20902","MCPD","Street - In vehicle","L","4L1","327",,,"GRANDVIEW",,"AVE","39.04824","-77.053","4D","    (39.0482, -77.053)"
"201590057","1399","260039459","09/08/2026 09:38:57 PM","09/08/2026 09:38:00 PM",,"13B","1","Crime Against Person","Simple Assault","ASSAULT - 2ND DEGREE","GERMANTOWN","19600 BLK  CRYSTAL ROCK DR","GERMANTOWN","MD","20874","MCPD","Residence - Apartment/Condo","N","5N1","595","19600",,"CRYSTAL ROCK",,"DR","39.17853","-77.263","5D","    (39.1785, -77.263)"
"201590122","3532","260039453","09/08/2026 08:29:52 PM","09/08/2026 08:29:00 PM","09/08/2026 08:29:00 PM","35A","1","Crime Against Society","Drug/Narcotic Violations","DRUGS - COCAINE - POSSESS","ROCKVILLE","1900 BLK  VEIRS MILL RD","ROCKVILLE","MD","20851","RCPD","Parking Lot - Commercial","A","1A2","293","1900",,"VEIRS MILL",,"RD","39.07597","-77.1185","1D","    (39.076, -77.1185)"
"201590328","2305","260039635","09/10/2026 10:45:15 AM","09/08/2026 08:00:00 PM","09/10/2026 07:00:00 AM","23F","1","Crime Against Property","Theft From Motor Vehicle","LARCENY - FROM AUTO","BETHESDA","7000 BLK  BEECHWOOD DR","CHEVY CHASE","MD","20815","MCPD","Street - Residential","D","2D2","013","7000",,"BEECHWOOD",,"DR","38.97922","-77.0808","2D","    (38.9792, -77.0808)"
"201590146","2404","260039553","09/09/2026 04:33:49 PM","09/08/2026 08:00:00 PM","09/09/2026 03:00:00 PM","240","1","Crime Against Property","Motor Vehicle Theft","AUTO THEFT - VEHICLE THEFT","SILVER SPRING","12300 BLK  TREETOP DR","SILVER SPRING","MD","20904","MCPD","Parking Lot - Residential","I","3I1","147","12300",,"TREETOP",,"DR","39.05764","-76.9706","3D","    (39.0576, -76.9706)"
"201590043","9105","260039456","09/08/2026 08:31:14 PM","09/08/2026 08:00:00 PM",,"90Z","1","Crime Against Society","All Other Offenses","LOST PROPERTY","ROCKVILLE","900 BLK  NELSON ST","ROCKVILLE","MD","20850","RCPD","Park","A","1A1","246","900",,"NELSON",,"ST","39.09381","-77.1722","1D","    (39.0938, -77.1722)"
"201590045","2303","260039451","09/08/2026 08:10:55 PM","09/08/2026 07:57:00 PM",,"23C","1","Crime Against Property","Shoplifting","LARCENY - SHOPLIFTING","ROCKVILLE","9700 BLK  TRAVILLE GATEWAY DR","ROCKVILLE","MD","20850","MCPD","Grocery/Supermarket","B","1B1","237","9700",,"TRAVILLE GATEWAY",,"DR","39.09108","-77.2045","1D","    (39.0911, -77.2045)"
"201590062","1305","260039455","09/08/2026 07:45:40 PM","09/08/2026 07:45:00 PM",,"13A","1","Crime Against Person","Aggravated Assault","ASSAULT - AGGRAVATED - NON-FAMILY-OTHER WEAPON","GERMANTOWN","13500 BLK  DERRY GLEN CT","GERMANTOWN","MD","20874","MCPD","Residence - Apartment/Condo","N","5N1","702","13500",,"DERRY GLEN",,"CT","39.17878","-77.2786","5D","    (39.1788, -77.2786)"
"201590170","9101","260039443","09/08/2026 07:39:14 PM","09/08/2026 07:39:00 PM",,"90Z","1","Crime Against Society","All Other Offenses","SUDDEN DEATH","WHEATON","3700 BLK  DELLABROOK ST","OLNEY","MD","20832","MCPD","Residence - Single Family","K","4K3","400","3700",,"DELLABROOK",,"ST","39.17756","-77.0735","4D","    (39.1776, -77.0735)"
"201590030","2601","260039430",,"09/08/2026 07:22:00 PM",,"26A","1","Crime Against Property","False Pretenses/Swindle/Confidence Game","FRAUD - CONFIDENCE GAME","SILVER SPRING","1000 BLK  MILESTONE DR","SILVER SPRING","MD","20904","MCPD","Other/Unknown","I","3I1","148","1000",,"MILESTONE",,"DR","39.04565","-76.992","3D","    (39.0457, -76.992)"
"201590752","9101","260040325","09/14/2026 07:22:22 PM","09/08/2026 07:22:00 PM","09/08/2026 06:00:00 PM","90Z","1","Crime Against Society","All Other Offenses","SUDDEN DEATH","WHEATON","3900 BLK  BEL PRE RD","SILVER SPRING","MD","20906","MCPD","Residence - Apartment/Condo","K","4K1","534","3900",,"BEL PRE",,"RD","39.09379","-77.0762","4D","    (39.0938, -77.0762)"
"201590053","2303","260039452","09/08/2026 08:16:14 PM","09/08/2026 07:22:00 PM","09/08/2026 08:19:00 PM","23C","1","Crime Against Property","Shoplifting","LARCENY - SHOPLIFTING","SILVER SPRING","12000 BLK  CHERRY HILL RD","SILVER SPRING","MD","20904","MCPD","Retail - Department/Discount Store","I","3I1","146","12000",,"CHERRY HILL",,"RD","39.05259","-76.9531","3D","    (39.0526, -76.9531)"
"201590036","1399","260039442","09/08/2026 07:17:05 PM","09/08/2026 07:17:00 PM",,"13B","2","Crime Against Person","Simple Assault","ASSAULT - 2ND DEGREE","SILVER SPRING","2500 BLK  FOREST GLEN RD","SILVER SPRING","MD","20910","MCPD","Street - Residential","G","3G2","175","2500",,"FOREST GLEN",,"RD","39.01452","-77.0518","3D","    (39.0145, -77.0518)"
"201590131","1399","260039435","09/08/2026 07:15:37 PM","09/08/2026 07:15:00 PM",,"13B","1","Crime Against Person","Simple Assault","ASSAULT - 2ND DEGREE","GERMANTOWN","19500 BLK  FREDERICK RD","GERMANTOWN","MD","20876","MCPD","Residence - Driveway","M","5M1","470","19500",,"FREDERICK",,"RD","39.17546","-77.2381","5D","    (39.1755, -77.2381)"
"201590115","2404","260039485",,"09/08/2026 07:00:00 PM","09/09/2026 07:00:00 AM","240","1","Crime Against Property","Motor Vehicle Theft","AUTO THEFT - VEHICLE THEFT","ROCKVILLE","15600 BLK  FREDERICK RD","DERWOOD","MD","20855","MCPD","Street - Commercial","A","1A1","748","15600",,"FREDERICK",,"RD","39.11201","-77.1617","1D","    (39.112, -77.1617)"
"201590065","1313","260039432","09/08/2026 06:37:41 PM","09/08/2026 06:37:00 PM",,"13B","2","Crime Against Person","Simple Assault","ASSAULT - SIMPLE","MONTGOMERY VILLAGE","400 BLK N FREDERICK AVE","GAITHERSBURG","MD","20877","GPD","Restaurant","R","6R1","548","400","N","FREDERICK",,"AVE","39.1457","-77.2037","6D","    (39.1457, -77.2037)"
"201590104","2902","260039503","09/09/2026 11:13:43 AM","09/08/2026 06:30:00 PM","09/08/2026 10:00:00 PM","290","1","Crime Against Property","Destruction/Damage/Vandalism of Property","DAMAGE PROPERTY - PRIVATE","BETHESDA","4600 BLK  SANGAMORE RD","BETHESDA","MD","20816","MCPD","Parking Lot - Commercial","E","2E2","003","4600",,"SANGAMORE",,"RD","38.94872","-77.1191","2D","    (38.9487, -77.1191)"
"201590041","9199","260039434","09/08/2026 06:24:09 PM","09/08/2026 06:24:00 PM",,"90Z","1","Crime Against Society","All Other Offenses","POLICE INFORMATION","BETHESDA","7000 BLK  MAC ARTHUR BLV","BETHESDA","MD","20816","MCPD","Residence - Single Family","E","2E2","021","7000",,"MAC ARTHUR",,"BLV","38.9579","-77.1303","2D","    (38.9579, -77.1303)"
"201590038","2303","260039433","09/08/2026 06:23:08 PM","09/08/2026 06:23:00 PM",,"23C","1","Crime Against Property","Shoplifting","LARCENY - SHOPLIFTING","WHEATON","2900 BLK  UNIVERSITY BLV W","KENSINGTON","MD","20895","MCPD","Grocery/Supermarket","L","4L2","321","2900",,"UNIVERSITY","W","BLV","39.0376","-77.0597","4D","    (39.0376, -77.0597)"
"201590023","4199","260039426",,"09/08/2026 06:12:00 PM",,"90G","1","Crime Against Society","Liquor Law Violations","LIQUOR (DESCRIBE OFFENSE)","BETHESDA","4800 BLK  ST ELMO AVE","BETHESDA","MD","20814","MCPD","Street - Commercial","D","2D2","048","4800",,"ST ELMO",,"AVE","0.0","0.0","2D","    (0.0, 0.0)"
"201590145","3532","260039438","09/08/2026 06:09:55 PM","09/08/2026 06:09:00 PM",,"35A","1","Crime Against Society","Drug/Narcotic Violations","DRUGS - COCAINE - POSSESS","SILVER SPRING","11200 BLK  NEW HAMPSHIRE AVE","SILVER SPRING","MD","20904","MCPD","Parking Lot - Commercial","I","3I1","518","11200",,"NEW HAMPSHIRE",,"AVE","39.03978","-76.9906","3D","    (39.0398, -76.9906)"
"201590095","2699","260039487","09/09/2026 09:54:15 AM","09/08/2026 06:00:00 PM","09/08/2026 06:00:00 PM","26A","1","Crime Against Property","False Pretenses/Swindle/Confidence Game","FRAUD (DESCRIBE OFFENSE)","BETHESDA","11700 BLK  OLD GEORGETOWN RD","ROCKVILLE","MD","20852","MCPD","Other/Unknown","D","2D1","187","11700",,"OLD GEORGETOWN",,"RD","39.04949","-77.1143","2D","    (39.0495, -77.1143)"
"201590060","9199","260039424","09/08/2026 05:57:31 PM","09/08/2026 05:57:00 PM",,"90Z","1","Crime Against Society","All Other Offenses","POLICE INFORMATION","SILVER SPRING","1000 BLK  MILESTONE DR","SILVER SPRING","MD","20904","MCPD","Residence - Apartment/Condo","I","3I1","148","1000",,"MILESTONE",,"DR","39.04565","-76.992","3D","    (39.0457, -76.992)"
"201590027","9109","260039423","09/08/2026 05:49:33 PM","09/08/2026 05:49:00 PM",,"90Z","1","Crime Against Society","All Other Offenses","RECOVERED PROPERTY - OTHER","SILVER SPRING",,"SILVER SPRING","MD","20904","MCPD","Street - In vehicle","I","3I2","380",,,"GATESHEAD MANOR",,"WAY","39.079","-76.9389","3D","    (39.079, -76.9389)"
"201590048","3550","260039436","09/08/2026 06:09:41 PM","09/08/2026 05:45:00 PM",,"35B","1","Crime Against Society","Drug Equipment Violations","DRUGS - NARCOTIC EQUIP - POSSESS","MONTGOMERY VILLAGE",,"GAITHERSBURG","MD","20877","MCPD","Street - In vehicle","R","6R1","766",,,"LOST KNIFE",,"RD","39.15644","-77.2027","6D","    (39.1564, -77.2027)"
"201590048","3532","260039436","09/08/2026 06:09:41 PM","09/08/2026 05:45:00 PM",,"35A","1","Crime Against Society","Drug/Narcotic Violations","DRUGS - COCAINE - POSSESS","MONTGOMERY VILLAGE",,"GAITHERSBURG","MD","20877","MCPD","Street - In vehicle","R","6R1","766",,,"LOST KNIFE",,"RD","39.15644","-77.2027","6D","    (39.1564, -77.2027)"
"201590142","9113","260039425","09/08/2026 05:20:59 PM","09/08/2026 05:20:00 PM",,"90Z","1","Crime Against Society","All Other Offenses","MENTAL ILLNESS - EMERGENCY PETITION","GERMANTOWN","20400 BLK  CENTURY BLV","GERMANTOWN","MD","20874","MCPD","Commercial - Office Building","N","5N1","702","20400",,"CENTURY",,"BLV","0.0","0.0","5D","    (0.0, 0.0)"
"201590026","1399","260039428","09/08/2026 05:13:52 PM","09/08/2026 05:13:00 PM",,"13B","1","Crime Against Person","Simple Assault","ASSAULT - 2ND DEGREE","WHEATON","18600 BLK  MINK HOLLOW RD","HIGHLAND","MD","20777","MCPD","School - Elementary/Secondary","K","4K3","403","18600",,"MINK HOLLOW",,"RD","39.16172","-77.0","4D","    (39.1617, -77.0)"
"201590031","9199","260039413","09/08/2026 05:00:16 PM","09/08/2026 05:00:00 PM",,"90Z","1","Crime Against Society","All Other Offenses","POLICE INFORMATION","SILVER SPRING","8500 BLK  GEORGIA AVE","SILVER SPRING","MD","20910","MCPD","Retail - Other","G","3G1","109","8500",,"GEORGIA",,"AVE","38.99454","-77.0268","3D","    (38.9945, -77.0268)"
"201590336","2901","260039638","09/10/2026 11:26:09 AM","09/08/2026 05:00:00 PM","09/09/2026 09:00:00 AM","290","1","Crime Against Property","Destruction/Damage/Vandalism of Property","DAMAGE PROPERTY - BUSINESS","SILVER SPRING","8700 BLK  GEORGIA AVE","SILVER SPRING","MD","20910","MCPD","Parking Lot - Residential","G","3G1","095","8700",,"GEORGIA",,"AVE","38.99752","-77.0297","3D","    (38.9975, -77.0297)"
"201590019","2303","260039411","09/08/2026 05:05:14 PM","09/08/2026 05:00:00 PM",,"23C","1","Crime Against Property","Shoplifting","LARCENY - SHOPLIFTING","GERMANTOWN","20900 BLK  FREDERICK RD","GERMANTOWN","MD","20876","MCPD","Retail - Department/Discount Store","M","5M1","701","20900",,"FREDERICK",,"RD","39.19829","-77.2448","5D","    (39.1983, -77.2448)"
"201590260","3522","260039416","09/08/2026 04:59:46 PM","09/08/2026 04:59:00 PM",,"35A","1","Crime Against Society","Drug/Narcotic Violations","DRUGS - OPIUM OR DERIVATIVE - POSSESS","SILVER SPRING","9500 BLK  COLESVILLE RD","SILVER SPRING","MD","20901","MCPD","Street - In vehicle","G","3G2","104","9500",,"COLESVILLE",,"RD","39.01063","-77.0174","3D","    (39.0106, -77.0174)"
"201590046","1399","260039420","09/08/2026 04:50:04 PM","09/08/2026 04:50:00 PM",,"13B","1","Crime Against Person","Simple Assault","ASSAULT - 2ND DEGREE","SILVER SPRING",,"SILVER SPRING","MD","20904","MCPD","Street - In vehicle","I","3I1","518",,,"LOCKWOOD",,"DR","39.03598","-76.9965","3D","    (39.036, -76.9965)"
"201590083","2304","260039479","09/09/2026 07:46:37 AM","09/08/2026 04:30:00 PM","09/09/2026 06:50:00 AM","23G","1","Crime Against Property","Theft of Motor Vehicle Parts or Accessories","LARCENY - AUTO PARTS","MONTGOMERY VILLAGE","9900 BLK  SHELBURNE TER","GAITHERSBURG","MD","20878","MCPD","Parking Lot - Residential","P","6P1","752","9900",,"SHELBURNE",,"TER","39.1164","-77.2023","6D","    (39.1164, -77.2023)"
"201590032","2411","260039418","09/08/2026 05:22:24 PM","09/08/2026 04:29:00 PM",,"90Z","1","Crime Against Society","All Other Offenses","UNAUTHORIZED USE OF VEHICLE (INCLUDES JOY RIDING)","SILVER SPRING","3500 BLK  SHEFFIELD MANOR TER","SILVER SPRING","MD","20904","MCPD","Street - In vehicle","I","3I2","380","3500",,"SHEFFIELD MANOR",,"TER","39.08128","-76.9354","3D","    (39.0813, -76.9354)"
"201590024","5016","260039410","09/08/2026 04:24:36 PM","09/08/2026 04:24:00 PM",,"90Z","1","Crime Against Society","All Other Offenses","OBSTRUCT GOVT - VIOLATION OF A COURT ORDER","MONTGOMERY VILLAGE","10200 BLK  WASHINGTONIAN BLV","GAITHERSBURG","MD","20878","MCPD","Residence - Apartment/Condo","P","6P1","549","10200",,"WASHINGTONIAN",,"BLV","39.1203","-77.2054","6D","    (39.1203, -77.2054)"
"201590058","1399","260039403","09/08/2026 04:13:35 PM","09/08/2026 04:13:00 PM",,"13B","1","Crime Against Person","Simple Assault","ASSAULT - 2ND DEGREE","WHEATON","11800 BLK  MONTICELLO AVE","SILVER SPRING","MD","20902","MCPD","School - Elementary/Secondary","L","4L1","363","11800",,"MONTICELLO",,"AVE","39.04925","-77.0297","4D","    (39.0493, -77.0297)"
"201590018","9021","260039402","09/08/2026 04:13:58 PM","09/08/2026 04:13:00 PM",,"90I","1","Crime Against Not a Crime","Runaway","JUVENILE - RUNAWAY","BETHESDA","6300 BLK  GREENTREE RD","BETHESDA","MD","20817","MCPD","School - Elementary/Secondary","E","2E1","068","6300",,"GREENTREE",,"RD","39.00172","-77.1278","2D","    (39.0017, -77.1278)"
"201590029","2902","260039412","09/08/2026 04:10:20 PM","09/08/2026 04:10:00 PM",,"290","1","Crime Against Property","Destruction/Damage/Vandalism of Property","DAMAGE PROPERTY - PRIVATE","MONTGOMERY VILLAGE","17800 BLK  WASHINGTON GROVE LA","GAITHERSBURG","MD","20877","MCPD","Abandoned/Condemned Structures","R","6R3","542","17800",,"WASHINGTON GROVE",,"LA","39.14748","-77.1692","6D","    (39.1475, -77.1692)"
"201590066","9113","260039405","09/08/2026 04:08:02 PM","09/08/2026 04:08:00 PM",,"90Z","1","Crime Against Society","All Other Offenses","MENTAL ILLNESS - EMERGENCY PETITION","GERMANTOWN","19100 BLK  FREDERICK RD","GAITHERSBURG","MD","20879","MCPD","Residence - Apartment/Condo","M","5M1","470","19100",,"FREDERICK",,"RD","39.16889","-77.234","5D","    (39.1689, -77.234)"
"201590064","9109","260039392","09/08/2026 03:32:43 PM","09/08/2026 03:32:00 PM",,"90Z","1","Crime Against Society","All Other Offenses","RECOVERED PROPERTY - OTHER","WHEATON","2300 BLK  RANDOLPH RD","SILVER SPRING","MD","20902","MCPD","Residence - Single Family","L","4L1","366","2300",,"RANDOLPH",,"RD","39.05861","-77.0485","4D","    (39.0586, -77.0485)"
"201590011","2303","260039394","09/08/2026 03:20:04 PM","09/08/2026 03:20:00 PM",,"23C","1","Crime Against Property","Shoplifting","LARCENY - SHOPLIFTING","ROCKVILLE","1500 BLK  ROCKVILLE PIK","ROCKVILLE","MD","20852","RCPD","Retail - Drug Store/Pharmacy","A","1A2","273","1500",,"ROCKVILLE",,"PIK","39.06511","-77.1266","1D","    (39.0651, -77.1266)"
"201590007","9199","260039388","09/08/2026 03:01:17 PM","09/08/2026 03:01:00 PM",,"90Z","1","Crime Against Society","All Other Offenses","POLICE INFORMATION","BETHESDA","7000 BLK  OLD GATE RD","ROCKVILLE","MD","20852","MCPD","School - Elementary/Secondary","E","2E1","201","7000",,"OLD GATE",,"RD","39.0475","-77.1438","2D","    (39.0475, -77.1438)"
"201590013","3532","260039393","09/08/2026 02:52:43 PM","09/08/2026 02:52:00 PM",,"35A","1","Crime Against Society","Drug/Narcotic Violations","DRUGS - COCAINE - POSSESS","SILVER SPRING","8100 BLK  FENTON ST","SILVER SPRING","MD","20910","MCPD","Parking Garage - County","G","3G1","093","8100",,"FENTON",,"ST","38.99021","-77.0239","3D","    (38.9902, -77.0239)"
"201590003","9101","260039380","09/08/2026 02:07:53 PM","09/08/2026 02:44:00 PM",,"90Z","1","Crime Against Society","All Other Offenses","SUDDEN DEATH","GERMANTOWN","19300 BLK  RUNNING CEDAR CT","GERMANTOWN","MD","20876","MCPD","Residence -Townhouse/Duplex","M","5M1","469","19300",,"RUNNING CEDAR",,"CT","39.17451","-77.2401","5D","    (39.1745, -77.2401)"
"201590005","9021","260039378","09/08/2026 02:31:17 PM","09/08/2026 02:31:00 PM",,"90I","1","Crime Against Not a Crime","Runaway","JUVENILE - RUNAWAY","MONTGOMERY VILLAGE","15000 BLK  BROSCHART RD","ROCKVILLE","MD","20850","MCPD","School - Elementary/Secondary","P","6P1","721","15000",,"BROSCHART",,"RD","39.10179","-77.2003","6D","    (39.1018, -77.2003)"
"201590001","9021","260039377","09/08/2026 02:31:17 PM","09/08/2026 02:31:00 PM",,"90I","1","Crime Against Not a Crime","Runaway","JUVENILE - RUNAWAY","MONTGOMERY VILLAGE","15000 BLK  BROSCHART RD","ROCKVILLE","MD","20850","MCPD","School - Elementary/Secondary","P","6P1","721","15000",,"BROSCHART",,"RD","39.10179","-77.2003","6D","    (39.1018, -77.2003)"
"201590088","1399","260039390","09/08/2026 02:04:48 PM","09/08/2026 02:04:00 PM","09/08/2026 02:30:00 PM","13B","1","Crime Against Person","Simple Assault","ASSAULT - 2ND DEGREE","ROCKVILLE","200 BLK  RICHARD MONTGOMERY DR","ROCKVILLE","MD","20852","RCPD","School - Elementary/Secondary","A","1A2","262","200",,"RICHARD MONTGOMERY",,"DR","39.07946","-77.1446","1D","    (39.0795, -77.1446)"
"201590077","5212","260039374","09/08/2026 02:00:28 PM","09/08/2026 02:00:00 PM",,"520","1","Crime Against Society","Weapon Law Violations","WEAPON - POSSESSION","SILVER SPRING","200 BLK  VALLEY BROOK DR","SILVER SPRING","MD","20904","MCPD","School - Elementary/Secondary","I","3I1","150","200",,"VALLEY BROOK",,"DR","39.05925","-77.0061","3D","    (39.0592, -77.0061)"
"201590022","9101","260039427","09/08/2026 05:46:24 PM","09/08/2026 02:00:00 PM","09/08/2026 05:45:00 PM","90Z","1","Crime Against Society","All Other Offenses","SUDDEN DEATH","ROCKVILLE","14500 BLK  PIONEER HILLS DR","GERMANTOWN","MD","20874","MCPD","Residence - Single Family","B","1B2","711","14500",,"PIONEER HILLS",,"DR","39.11308","-77.3004","1D","    (39.1131, -77.3004)"
"201590006","2308","260039383","09/08/2026 03:16:35 PM","09/08/2026 01:47:00 PM","09/08/2026 02:15:00 PM","23D","1","Crime Against Property","Theft from Building","LARCENY - FROM BLDG","ROCKVILLE","400 BLK  CASEY LA","ROCKVILLE","MD","20850","RCPD","Community Center","B","1B1","241","400",,"CASEY",,"LA","39.09533","-77.1915","1D","    (39.0953, -77.1915)"
"201589999","9113","260039376","09/08/2026 01:44:58 PM","09/08/2026 01:44:00 PM",,"90Z","1","Crime Against Society","All Other Offenses","MENTAL ILLNESS - EMERGENCY PETITION","BETHESDA","6000 BLK  SOUTHPORT DR","BETHESDA","MD","20814","MCPD","Shelter-Mission/Homeless","E","2E1","192","6000",,"SOUTHPORT",,"DR","39.02184","-77.1187","2D","    (39.0218, -77.1187)"
"201589998","9113","260039369","09/08/2026 01:33:39 PM","09/08/2026 01:33:00 PM",,"90Z","1","Crime Against Society","All Other Offenses","MENTAL ILLNESS - EMERGENCY PETITION","SILVER SPRING","9600 BLK  CLEARVIEW PL","SILVER SPRING","MD","20901","MCPD","Residence - Single Family","G","3G2","122","9600",,"CLEARVIEW",,"PL","39.01342","-77.0081","3D","    (39.0134, -77.0081)"
"201590010","2610","260039358","09/08/2026 01:15:42 PM","09/08/2026 01:15:00 PM",,"26F","1","Crime Against Property","Identity Theft","IDENTITY THEFT","WHEATON","2300 BLK  RANDOLPH RD","SILVER SPRING","MD","20902","MCPD","Government Building","L","4L1","366","2300",,"RANDOLPH",,"RD","39.05861","-77.0485","4D","    (39.0586, -77.0485)"
"201590084","1399","260039362","09/08/2026 01:14:45 PM","09/08/2026 01:14:00 PM",,"13B","1","Crime Against Person","Simple Assault","ASSAULT - 2ND DEGREE","GERMANTOWN","19500 BLK  FREDERICK RD","GERMANTOWN","MD","20876","MCPD","Parking Lot - Residential","M","5M1","470","19500",,"FREDERICK",,"RD","39.17546","-77.2381","5D","    (39.1755, -77.2381)"
"201590004","2399","260039356","09/08/2026 01:04:01 PM","09/08/2026 01:04:00 PM",,"23H","1","Crime Against Property","All other Larceny","LARCENY (DESCRIBE OFFENSE)","SILVER SPRING","8400 BLK  GEORGIA AVE","SILVER SPRING","MD","20910","MCPD","Retail - Other","G","3G1","670","8400",,"GEORGIA",,"AVE","38.99349","-77.0267","3D","    (38.9935, -77.0267)"
"201589982","9113","260039349","09/08/2026 12:50:23 PM","09/08/2026 12:50:00 PM",,"90Z","1","Crime Against Society","All Other Offenses","MENTAL ILLNESS - EMERGENCY PETITION","WHEATON","17800 BLK  BUEHLER RD","OLNEY","MD","20832","MCPD","Residence - Apartment/Condo","K","4K3","642","17800",,"BUEHLER",,"RD","39.14828","-77.0636","4D","    (39.1483, -77.0636)"
"201590067","1313","260039466","09/08/2026 09:29:51 PM","09/08/2026 12:40:00 PM","09/08/2026 01:15:00 PM","13B","1","Crime Against Person","Simple Assault","ASSAULT - SIMPLE","WHEATON","3400 BLK  QUEEN MARY DR","OLNEY","MD","20832","MCPD","School - Elementary/Secondary","K","4K3","399","3400",,"QUEEN MARY",,"DR","39.14837","-77.0668","4D","    (39.1484, -77.0668)"
"201589983","2308","260039365","09/08/2026 12:40:49 PM","09/08/2026 12:40:00 PM",,"23D","1","Crime Against Property","Theft from Building","LARCENY - FROM BLDG","GERMANTOWN","19200 BLK  CIRCLE GATE DR","GERMANTOWN","MD","20874","MCPD","Recreation Center","N","5N1","447","19200",,"CIRCLE GATE",,"DR","39.1692","-77.2652","5D","    (39.1692, -77.2652)"
"201589975","2303","260039344","09/08/2026 12:33:04 PM","09/08/2026 12:33:00 PM",,"23C","1","Crime Against Property","Shoplifting","LARCENY - SHOPLIFTING","WHEATON","11100 BLK  VEIRS MILL RD","SILVER SPRING","MD","20902","MCPD","Retail - Mall","L","4L2","321","11100",,"VEIRS MILL",,"RD","39.03756","-77.0519","4D","    (39.0376, -77.0519)"
"201590075","4104","260039346","09/08/2026 12:32:13 PM","09/08/2026 12:32:00 PM",,"90G","1","Crime Against Society","Liquor Law Violations","LIQUOR - POSSESS","WHEATON","12300 BLK  GEORGIA AVE","SILVER SPRING","MD","20906","MCPD","Retail - Other","L","4L3","536","12300",,"GEORGIA",,"AVE","0.0","0.0","4D","    (0.0, 0.0)"
"201590075","5707","260039346","09/08/2026 12:32:13 PM","09/08/2026 12:32:00 PM",,"90J","1","Crime Against Society","Trespass of Real Property","TRESPASSING","WHEATON","12300 BLK  GEORGIA AVE","SILVER SPRING","MD","20906","MCPD","Retail - Other","L","4L3","536","12300",,"GEORGIA",,"AVE","0.0","0.0","4D","    (0.0, 0.0)"
"201590417","2902","260039429","09/08/2026 06:01:54 PM","09/08/2026 12:30:00 PM","09/08/2026 05:00:00 PM","290","1","Crime Against Property","Destruction/Damage/Vandalism of Property","DAMAGE PROPERTY - PRIVATE","GERMANTOWN","11300 BLK  HALETHORPE TER","GERMANTOWN","MD","20876","MCPD","Parking Lot - Residential","M","5M1","471","11300",,"HALETHORPE",,"TER","39.18577","-77.2342","5D","    (39.1858, -77.2342)"
"201589977","2303","260039348","09/08/2026 12:39:57 PM","09/08/2026 12:26:00 PM",,"23C","1","Crime Against Property","Shoplifting","LARCENY - SHOPLIFTING","GERMANTOWN","19800 BLK  GERMANTOWN RD","GERMANTOWN","MD","20874","MCPD","Gas Station","N","5N1","595","19800",,"GERMANTOWN",,"RD","39.18112","-77.2623","5D","    (39.1811, -77.2623)"
"201590201","2204","260039347","09/08/2026 12:24:21 PM","09/08/2026 12:24:00 PM",,"220","1","Crime Against Property","Burglary/Breaking and Entering","BURGLARY - NO FORCED ENTRY-RESIDENTIAL","MONTGOMERY VILLAGE","1  BLK  NINA CT","GAITHERSBURG","MD","20877","GPD","Residence -Townhouse/Duplex","P","6P3","419","1",,"NINA",,"CT","39.14475","-77.1815","6D","    (39.1448, -77.1815)"
"201590984","2303","260039342","09/08/2026 12:22:17 PM","09/08/2026 12:22:00 PM",,"23C","1","Crime Against Property","Shoplifting","LARCENY - SHOPLIFTING","MONTGOMERY VILLAGE","300 BLK  KENTLANDS BLV","GAITHERSBURG","MD","20878","GPD","Retail - Drug Store/Pharmacy","P","6P2","450","300",,"KENTLANDS",,"BLV","39.12324","-77.238","6D","    (39.1232, -77.238)"
"201590277","2610","260039734",,"09/08/2026 12:00:00 PM","09/10/2026 08:37:00 PM","26F","1","Crime Against Property","Identity Theft","IDENTITY THEFT","BETHESDA","4800 BLK  RUGBY AVE","BETHESDA","MD","20814","MCPD","Other/Unknown","D","2D2","049","4800",,"RUGBY",,"AVE","0.0","0.0","2D","    (0.0, 0.0)"
"201590337","2602","260039795","09/11/2026 08:21:08 AM","09/08/2026 12:00:00 PM",,"26A","1","Crime Against Property","False Pretenses/Swindle/Confidence Game","FRAUD - SWINDLE","SILVER SPRING","3900 BLK  BALLET WAY","BURTONSVILLE","MD","20866","MCPD","Cyberspace","I","3I2","381","3900",,"BALLET",,"WAY","0.0","0.0","3D","    (0.0, 0.0)"
"201590107","3562","260039367","09/08/2026 11:52:42 AM","09/08/2026 11:52:00 AM",,"35A","1","Crime Against Society","Drug/Narcotic Violations","DRUGS - MARIJUANA - POSSESS","MONTGOMERY VILLAGE","5900 BLK  MUNCASTER MILL RD","DERWOOD","MD","20855","MCSO","School - Elementary/Secondary","R","6R3","397","5900",,"MUNCASTER MILL",,"RD","39.12941","-77.1183","6D","    (39.1294, -77.1183)"
"201589978","9021","260039334","09/08/2026 11:41:00 AM","09/08/2026 11:41:00 AM",,"90I","1","Crime Against Not a Crime","Runaway","JUVENILE - RUNAWAY","MONTGOMERY VILLAGE","15000 BLK  BROSCHART RD","ROCKVILLE","MD","20850","MCPD","School - Elementary/Secondary","P","6P1","721","15000",,"BROSCHART",,"RD","39.10179","-77.2003","6D","    (39.1018, -77.2003)"
"201589959","2601","260039325",,"09/08/2026 11:15:00 AM",,"26A","1","Crime Against Property","False Pretenses/Swindle/Confidence Game","FRAUD - CONFIDENCE GAME","BETHESDA","10900 BLK  BLOOMINGDALE DR","ROCKVILLE","MD","20852","MCPD","Residence - Single Family","E","2E1","189","10900",,"BLOOMINGDALE",,"DR","39.0355","-77.1169","2D","    (39.0355, -77.1169)"
"201589981","9105","260039329","09/08/2026 11:05:11 AM","09/08/2026 11:05:00 AM",,"90Z","1","Crime Against Society","All Other Offenses","LOST PROPERTY","GERMANTOWN","26300 BLK  WOODFIELD RD","DAMASCUS","MD","20872","MCPD","Other/Unknown","M","5M2","612","26300",,"WOODFIELD",,"RD","39.28914","-77.2012","5D","    (39.2891, -77.2012)"
"201590039","2610","260039449","09/08/2026 08:17:59 PM","09/08/2026 11:00:00 AM","09/08/2026 08:00:00 PM","26F","1","Crime Against Property","Identity Theft","IDENTITY THEFT","BETHESDA","9100 BLK  BRIERLY RD","CHEVY CHASE","MD","20815","MCPD","Other/Unknown","D","2D1","077","9100",,"BRIERLY",,"RD","39.00459","-77.0668","2D","    (39.0046, -77.0668)"
"201590231","2399","260039646","09/10/2026 12:19:59 PM","09/08/2026 11:00:00 AM","09/10/2026 12:00:00 PM","23H","1","Crime Against Property","All other Larceny","LARCENY (DESCRIBE OFFENSE)","GERMANTOWN","7400 BLK  ROCKY RD","GAITHERSBURG","MD","20882","MCPD","Residence - Driveway","M","5M2","478","7400",,"ROCKY",,"RD","0.0","0.0","5D","    (0.0, 0.0)"
"201589995","9199","260039364","09/08/2026 12:59:02 PM","09/08/2026 11:00:00 AM","09/08/2026 11:30:00 AM","90Z","1","Crime Against Society","All Other Offenses","POLICE INFORMATION","WHEATON","1400 BLK  DENNIS AVE","SILVER SPRING","MD","20902","MCPD","School - Elementary/Secondary","L","4L2","165","1400",,"DENNIS",,"AVE","0.0","0.0","4D","    (0.0, 0.0)"
"201590085","1199","260039331","09/08/2026 10:57:25 AM","09/08/2026 10:57:00 AM",,"11D","1","Crime Against Person","Forcible Fondling","SEX ASSAULT - FONDLING","WHEATON","1900 BLK  RANDOLPH RD","SILVER SPRING","MD","20902","MCPD","Other/Unknown","L","4L3","368","1900",,"RANDOLPH",,"RD","39.0652","-77.0371","4D","    (39.0652, -77.0371)"
"201590074","2399","260039323","09/08/2026 10:38:32 AM","09/08/2026 10:38:00 AM",,"23H","1","Crime Against Property","All other Larceny","LARCENY (DESCRIBE OFFENSE)","SILVER SPRING","2100 BLK  BELVEDERE BLV","SILVER SPRING","MD","20902","MCPD","Residence - Apartment/Condo","G","3G2","175","2100",,"BELVEDERE",,"BLV","39.01944","-77.0449","3D","    (39.0194, -77.0449)"
"201591250","2203","260040762","09/17/2026 10:37:43 AM","09/08/2026 10:37:00 AM",,"220","1","Crime Against Property","Burglary/Breaking and Entering","BURGLARY - FORCED ENTRY-NONRESIDENTIAL","MONTGOMERY VILLAGE","17000 BLK  CRABBS BRANCH WAY","DERWOOD","MD","20855","MCPD","Other/Unknown","P","6P3","551","17000",,"CRABBS BRANCH",,"WAY","39.13227","-77.1708","6D","    (39.1323, -77.1708)"
"201589970","1399","260039339","09/08/2026 10:34:26 AM","09/08/2026 10:34:00 AM",,"13B","1","Crime Against Person","Simple Assault","ASSAULT - 2ND DEGREE","WHEATON","12900 BLK  NEOLA RD","SILVER SPRING","MD","20906","MCPD","Residence - Single Family","L","4L3","333","12900",,"NEOLA",,"RD","0.0","0.0","4D","    (0.0, 0.0)"
"201589962","9199","260039328","09/08/2026 10:45:34 AM","09/08/2026 10:30:00 AM",,"90Z","1","Crime Against Society","All Other Offenses","POLICE INFORMATION","ROCKVILLE","1700 BLK  YALE PL","ROCKVILLE","MD","20850","RCPD","School - Elementary/Secondary","A","1A1","244","1700",,"YALE",,"PL","0.0","0.0","1D","    (0.0, 0.0)"
"201589994","9199","260039366","09/08/2026 01:44:10 PM","09/08/2026 10:20:00 AM",,"90Z","1","Crime Against Society","All Other Offenses","POLICE INFORMATION","BETHESDA","4800 BLK  CORDELL AVE","BETHESDA","MD","20814","MCPD","Residence - Apartment/Condo","D","2D2","049","4800",,"CORDELL",,"AVE","38.99085","-77.0966","2D","    (38.9909, -77.0966)"
"201590809","9105","260040388",,"09/08/2026 10:00:00 AM",,"90Z","1","Crime Against Society","All Other Offenses","LOST PROPERTY","BETHESDA","4800 BLK  RUGBY AVE","BETHESDA","MD","20814","MCPD","Street - Residential","D","2D2","049","4800",,"RUGBY",,"AVE","0.0","0.0","2D","    (0.0, 0.0)"
"201589957","1399","260039308","09/08/2026 09:55:17 AM","09/08/2026 09:53:00 AM",,"13B","1","Crime Against Person","Simple Assault","ASSAULT - 2ND DEGREE","MONTGOMERY VILLAGE","400 BLK N FREDERICK AVE","GAITHERSBURG","MD","20877","GPD","Residence - Apartment/Condo","R","6R1","548","400","N","FREDERICK",,"AVE","39.1457","-77.2037","6D","    (39.1457, -77.2037)"
"201589955","9108","260039320","09/08/2026 09:53:03 AM","09/08/2026 09:53:00 AM",,"90Z","1","Crime Against Society","All Other Offenses","RECOVERED PROPERTY - MONT CO.","BETHESDA","5000 BLK  KEOKUK ST","BETHESDA","MD","20816","MCPD","Residence - Single Family","E","2E2","004","5000",,"KEOKUK",,"ST","38.95636","-77.0985","2D","    (38.9564, -77.0985)"
"201590078","9199","260039307","09/08/2026 09:36:27 AM","09/08/2026 09:36:00 AM",,"90Z","1","Crime Against Society","All Other Offenses","POLICE INFORMATION","GERMANTOWN","18800 BLK  WARING STATION RD","GERMANTOWN","MD","20874","MCPD","School - Elementary/Secondary","N","5N1","447","18800",,"WARING STATION",,"RD","39.16467","-77.2473","5D","    (39.1647, -77.2473)"
"201590256","2610","260039683","09/10/2026 03:13:00 PM","09/08/2026 09:00:00 AM","09/08/2026 09:00:00 AM","26F","1","Crime Against Property","Identity Theft","IDENTITY THEFT","MONTGOMERY VILLAGE","100 BLK  LAKEFOREST BLV","GAITHERSBURG","MD","20877","MCPD","Other/Unknown","R","6R1","548","100",,"LAKEFOREST",,"BLV","39.15044","-77.2086","6D","    (39.1504, -77.2086)"
"201589954","9199","260039317","09/08/2026 08:53:06 AM","09/08/2026 08:53:00 AM",,"90Z","1","Crime Against Society","All Other Offenses","POLICE INFORMATION","WHEATON",,"SILVER SPRING","MD","20906","MCPD","Street - Residential","L","4L3","334",,,"DALEWOOD",,"DR","39.0621","-77.0671","4D","    (39.0621, -77.0671)"
"201589967","9199","260039294",,"09/08/2026 08:30:00 AM","09/08/2026 09:00:00 AM","90Z","1","Crime Against Society","All Other Offenses","POLICE INFORMATION","ROCKVILLE","1  BLK W MONTGOMERY AVE","ROCKVILLE","MD","20850","RCPD","Government Building","A","1A1","255","1","W","MONTGOMERY",,"AVE","39.1457","-77.2037","1D","    (39.1457, -77.2037)"
"201589949","2399","260039301","09/08/2026 08:06:57 AM","09/08/2026 08:06:00 AM",,"23H","1","Crime Against Property","All other Larceny","LARCENY (DESCRIBE OFFENSE)","BETHESDA","11200 BLK  OLD GEORGETOWN RD","ROCKVILLE","MD","20852","MCPD","School - Elementary/Secondary","E","2E1","189","11200",,"OLD GEORGETOWN",,"RD","39.03741","-77.1234","2D","    (39.0374, -77.1234)"
"201589963","9042","260039293","09/08/2026 08:01:37 AM","09/08/2026 08:01:00 AM",,"90Z","1","Crime Against Society","All Other Offenses","SUICIDE - ATTEMPT","ROCKVILLE","17500 BLK W WILLARD RD","POOLESVILLE","MD","20837","MCPD","School - Elementary/Secondary","B","1B3","499","17500","W","WILLARD",,"RD","39.14265","-77.4205","1D","    (39.1427, -77.4205)"
"201590690","9199","260039661","09/10/2026 01:36:44 PM","09/08/2026 08:00:00 AM","09/10/2026 09:00:00 AM","90Z","1","Crime Against Society","All Other Offenses","POLICE INFORMATION","ROCKVILLE","7500 BLK  HEATHERTON LA","POTOMAC","MD","20854","MCPD","Street - Residential","B","1B1","203","7500",,"HEATHERTON",,"LA","39.0429","-77.1545","1D","    (39.0429, -77.1545)"
"201589950","9199","260039297","09/08/2026 07:12:13 AM","09/08/2026 07:12:00 AM",,"90Z","1","Crime Against Society","All Other Offenses","POLICE INFORMATION","BETHESDA","10200 BLK  FREDERICK AVE","KENSINGTON","MD","20895","MCPD","Residence - Apartment/Condo","D","2D1","179","10200",,"FREDERICK",,"AVE","39.02224","-77.0702","2D","    (39.0222, -77.0702)"
"201589943","1399","260039290","09/08/2026 07:12:30 AM","09/08/2026 07:12:00 AM",,"13B","1","Crime Against Person","Simple Assault","ASSAULT - 2ND DEGREE","TAKOMA PARK","1100 BLK  JACKSON AVE","TAKOMA PARK","MD","20912","TPPD","Residence - Single Family","T","8T3","806","1100",,"JACKSON",,"AVE","38.98566","-76.9927","TPPD","    (38.9857, -76.9927)"
"201589953","9108","260039291","09/08/2026 06:45:24 AM","09/08/2026 07:00:00 AM","09/08/2026 07:30:00 AM","90Z","1","Crime Against Society","All Other Offenses","RECOVERED PROPERTY - MONT CO.","BETHESDA",,"ROCKVILLE","MD","20852","MCPD","Street - Residential","E","2E1","189",,,"GLOXINIA",,"DR","39.03382","-77.1209","2D","    (39.0338, -77.1209)"
"201589944","9113","260039288","09/08/2026 06:51:24 AM","09/08/2026 06:51:00 AM",,"90Z","1","Crime Against Society","All Other Offenses","MENTAL ILLNESS - EMERGENCY PETITION","BETHESDA",,"ROCKVILLE","MD","20852","MCPD","Street - Commercial","D","2D1","187",,,"ROCKVILLE",,"PIK","39.01964","-77.102","2D","    (39.0196, -77.102)"
"201590055","9199","260039284","09/08/2026 04:32:22 AM","09/08/2026 04:32:00 AM",,"90Z","1","Crime Against Society","All Other Offenses","POLICE INFORMATION","GERMANTOWN","20900 BLK  FREDERICK RD","GERMANTOWN","MD","20876","MCPD","Parking Lot - Commercial","M","5M1","701","20900",,"FREDERICK",,"RD","39.19829","-77.2448","5D","    (39.1983, -77.2448)"
"201589973","2901","260039327","09/08/2026 11:04:10 AM","09/08/2026 02:49:00 AM",,"290","1","Crime Against Property","Destruction/Damage/Vandalism of Property","DAMAGE PROPERTY - BUSINESS","SILVER SPRING","10100 BLK  COLESVILLE RD","SILVER SPRING","MD","20901","MCPD","Restaurant","I","3I3","157","10100",,"COLESVILLE",,"RD","39.02037","-77.0127","3D","    (39.0204, -77.0127)"
"201589973","2203","260039327","09/08/2026 11:04:10 AM","09/08/2026 02:49:00 AM",,"220","1","Crime Against Property","Burglary/Breaking and Entering","BURGLARY - FORCED ENTRY-NONRESIDENTIAL","SILVER SPRING","10100 BLK  COLESVILLE RD","SILVER SPRING","MD","20901","MCPD","Restaurant","I","3I3","157","10100",,"COLESVILLE",,"RD","39.02037","-77.0127","3D","    (39.0204, -77.0127)"
"201590028","2305","260039399","09/08/2026 03:49:40 PM","09/08/2026 02:30:00 AM",,"23F","1","Crime Against Property","Theft From Motor Vehicle","LARCENY - FROM AUTO","BETHESDA","7500 BLK  GLENDALE RD","CHEVY CHASE","MD","20815","MCPD","Residence - Single Family","D","2D1","037","7500",,"GLENDALE",,"RD","38.98521","-77.0744","2D","    (38.9852, -77.0744)"
"201590448","2204","260039938","09/11/2026 10:47:29 PM","09/08/2026 02:30:00 AM","09/08/2026 03:00:00 AM","220","1","Crime Against Property","Burglary/Breaking and Entering","BURGLARY - NO FORCED ENTRY-RESIDENTIAL","ROCKVILLE","200 BLK N WASHINGTON ST","ROCKVILLE","MD","20850","RCPD","Residence - Apartment/Condo","A","1A1","277","200","N","WASHINGTON",,"ST","39.08583","-77.1529","1D","    (39.0858, -77.1529)"
"201590224","2203","260039300","09/08/2026 08:06:51 AM","09/08/2026 02:00:00 AM","09/08/2026 05:45:00 AM","220","1","Crime Against Property","Burglary/Breaking and Entering","BURGLARY - FORCED ENTRY-NONRESIDENTIAL","SILVER SPRING","400 BLK  UNIVERSITY BLV E","SILVER SPRING","MD","20901","MCPD","Church/Synagogue/Temple","G","3G3","134","400",,"UNIVERSITY","E","BLV","39.00978","-76.9998","3D","    (39.0098, -76.9998)"
"201589927","2404","260039281","09/08/2026 01:38:03 AM","09/08/2026 01:38:00 AM",,"240","1","Crime Against Property","Motor Vehicle Theft","AUTO THEFT - VEHICLE THEFT","MONTGOMERY VILLAGE","18300 BLK  STREAMSIDE DR","GAITHERSBURG","MD","20879","MCPD","Parking Lot - Residential","R","6R3","420","18300",,"STREAMSIDE",,"DR","39.15484","-77.1691","6D","    (39.1548, -77.1691)"
"201590079","2007","260039355","09/08/2026 12:27:02 PM","09/08/2026 01:13:00 AM",,"200","1","Crime Against Property","Arson","ARSON - BURNING OF - (IDENTIFY OBJECT)","WHEATON","12400 BLK  DALEWOOD DR","SILVER SPRING","MD","20906","MCPD","School - Elementary/Secondary","L","4L3","334","12400",,"DALEWOOD",,"DR","39.0591","-77.069","4D","    (39.0591, -77.069)"
"201589931","5404","260039279","09/08/2026 12:48:26 AM","09/08/2026 12:48:00 AM",,"90D","1","Crime Against Society","Driving Under the Influence","DRIVING UNDER THE INFLUENCE LIQUOR","GERMANTOWN","24200 BLK  LOG HOUSE RD","GAITHERSBURG","MD","20882","MCPD","Street - Residential","M","5M2","619","24200",,"LOG HOUSE",,"RD","39.25278","-77.2025","5D","    (39.2528, -77.2025)"
"201589926","1399","260039280","09/08/2026 12:28:24 AM","09/08/2026 12:15:00 AM",,"13B","1","Crime Against Person","Simple Assault","ASSAULT - 2ND DEGREE","ROCKVILLE","1800 BLK  PICCARD DR","ROCKVILLE","MD","20850","RCPD","Residence - Single Family","A","1A1","439","1800",,"PICCARD",,"DR","39.11586","-77.1775","1D","    (39.1159, -77.1775)"
"201590035","9061","260039445","09/08/2026 07:54:50 PM","09/08/2026 12:01:00 AM",,"90Z","1","Crime Against Society","All Other Offenses","FUGITIVE FROM MD JURISDICTION","ROCKVILLE","1  BLK W MONTGOMERY AVE","ROCKVILLE","MD","20850","RCPD","Street - Other","A","1A1","255","1","W","MONTGOMERY",,"AVE","39.1457","-77.2037","1D","    (39.1457, -77.2037)"
"201590042","1399","260039447","09/08/2026 07:15:43 PM","09/08/2026 12:00:00 AM",,"13B","2","Crime Against Person","Simple Assault","ASSAULT - 2ND DEGREE","BETHESDA","7700 BLK  WISCONSIN AVE","BETHESDA","MD","20814","MCPD","Residence - Apartment/Condo","D","2D2","047","7700",,"WISCONSIN",,"AVE","38.98673","-77.0947","2D","    (38.9867, -77.0947)"
"201590025","2304","260039421","09/08/2026 05:53:06 PM","09/08/2026 12:00:00 AM","09/08/2026 04:30:00 PM","23G","1","Crime Against Property","Theft of Motor Vehicle Parts or Accessories","LARCENY - AUTO PARTS","SILVER SPRING","13600 BLK  COLGATE WAY","SILVER SPRING","MD","20904","MCPD","Parking Lot - Residential","I","3I2","380","13600",,"COLGATE",,"WAY","0.0","0.0","3D","    (0.0, 0.0)"
"201589928","9113","260039276","09/07/2026 11:03:37 PM","09/07/2026 11:03:00 PM",,"90Z","1","Crime Against Society","All Other Offenses","MENTAL ILLNESS - EMERGENCY PETITION","GERMANTOWN","19800 BLK  OBSERVATION DR","GERMANTOWN","MD","20876","MCPD","Other/Unknown","M","5M1","468","19800",,"OBSERVATION",,"DR","39.18076","-77.2441","5D","    (39.1808, -77.2441)"
"201589965","2305","260039333","09/08/2026 11:41:50 AM","09/07/2026 10:45:00 PM","09/08/2026 09:25:00 AM","23F","1","Crime Against Property","Theft From Motor Vehicle","LARCENY - FROM AUTO","BETHESDA","5700 BLK  CHAPMAN MILL DR","ROCKVILLE","MD","20852","MCPD","Parking Lot - Residential","E","2E1","189","5700",,"CHAPMAN MILL",,"DR","39.03544","-77.1155","2D","    (39.0354, -77.1155)"
"201589923","2305","260039277","09/07/2026 10:58:37 PM","09/07/2026 10:45:00 PM",,"23F","1","Crime Against Property","Theft From Motor Vehicle","LARCENY - FROM AUTO","MONTGOMERY VILLAGE","400 BLK  GIRARD ST","GAITHERSBURG","MD","20877","GPD","Street - In vehicle","P","6P3","419","400",,"GIRARD",,"ST","39.14648","-77.1849","6D","    (39.1465, -77.1849)"
"201589924","5212","260039274","09/07/2026 10:42:26 PM","09/07/2026 10:42:00 PM",,"520","1","Crime Against Society","Weapon Law Violations","WEAPON - POSSESSION","MONTGOMERY VILLAGE","300 BLK N SUMMIT AVE","GAITHERSBURG","MD","20877","GPD","Residence - Apartment/Condo","P","6P3","419","300","N","SUMMIT",,"AVE","39.14581","-77.1925","6D","    (39.1458, -77.1925)"
"201589925","5404","260039272","09/07/2026 10:37:56 PM","09/07/2026 10:37:00 PM",,"90D","1","Crime Against Society","Driving Under the Influence","DRIVING UNDER THE INFLUENCE LIQUOR","WHEATON",,"SILVER SPRING","MD","20906","MCPD","Street - In vehicle","L","4L3","335",,,"SHERATON",,"ST","39.05936","-77.0555","4D","    (39.0594, -77.0555)"
"201590091","2305","260039296","09/08/2026 08:18:38 AM","09/07/2026 10:30:00 PM","09/08/2026 06:30:00 AM","23F","1","Crime Against Property","Theft From Motor Vehicle","LARCENY - FROM AUTO","MONTGOMERY VILLAGE","900 BLK  CLOPPER RD","GAITHERSBURG","MD","20878","MCPD","Parking Lot - Residential","P","6P2","593","900",,"CLOPPER",,"RD","39.14601","-77.2282","6D","    (39.146, -77.2282)"
"201589909","1399","260039239",,"09/07/2026 10:20:00 PM",,"13B","1","Crime Against Person","Simple Assault","ASSAULT - 2ND DEGREE","MONTGOMERY VILLAGE","9600 BLK  LOST KNIFE RD","GAITHERSBURG","MD","20877","GPD","Street - Bus Stop","R","6R1","505","9600",,"LOST KNIFE",,"RD","39.15237","-77.1983","6D","    (39.1524, -77.1983)"
"201590056","1399","260039267","09/07/2026 10:04:43 PM","09/07/2026 10:04:00 PM",,"13B","1","Crime Against Person","Simple Assault","ASSAULT - 2ND DEGREE","GERMANTOWN","13600 BLK  DEERWATER DR","GERMANTOWN","MD","20874","MCPD","Residence -Townhouse/Duplex","N","5N1","465","13600",,"DEERWATER",,"DR","39.19192","-77.2802","5D","    (39.1919, -77.2802)"
"201589918","1399","260039266","09/07/2026 10:03:21 PM","09/07/2026 10:03:00 PM",,"13B","3","Crime Against Person","Simple Assault","ASSAULT - 2ND DEGREE","SILVER SPRING","600 BLK  SLIGO AVE","SILVER SPRING","MD","20910","MCPD","Residence - Apartment/Condo","G","3G1","113","600",,"SLIGO",,"AVE","0.0","0.0","3D","    (0.0, 0.0)"
"201589797","1216","260039164","09/07/2026 12:18:59 AM","09/07/2026 10:00:00 PM",,"120","1","Crime Against Property","Robbery","ROBBERY - STRONG ARM","WHEATON","11200 BLK  GEORGIA AVE","SILVER SPRING","MD","20902","MCPD","Restaurant","L","4L2","324","11200",,"GEORGIA",,"AVE","0.0","0.0","4D","    (0.0, 0.0)"
"201591121","2305","260040769","09/17/2026 11:23:30 AM","09/07/2026 10:00:00 PM","09/08/2026 07:00:00 AM","23F","1","Crime Against Property","Theft From Motor Vehicle","LARCENY - FROM AUTO","ROCKVILLE","1  BLK  MONROE ST","ROCKVILLE","MD","20850","RCPD","Parking Garage - Residential","A","1A1","276","1",,"MONROE",,"ST","39.08352","-77.1489","1D","    (39.0835, -77.1489)"
"201590634","9105","260039695","09/10/2026 04:43:47 PM","09/07/2026 10:00:00 PM","09/08/2026 10:00:00 AM","90Z","1","Crime Against Society","All Other Offenses","LOST PROPERTY","GERMANTOWN","21700 BLK  SENECA AYR DR","BOYDS","MD","20841","MCPD","Other/Unknown","M","5M3","708","21700",,"SENECA AYR",,"DR","39.21374","-77.2672","5D","    (39.2137, -77.2672)"
"201589917","1399","260039264","09/07/2026 09:54:28 PM","09/07/2026 09:54:00 PM",,"13B","1","Crime Against Person","Simple Assault","ASSAULT - 2ND DEGREE","MONTGOMERY VILLAGE","7900 BLK  MUNCASTER MILL RD","GAITHERSBURG","MD","20877","MCPD","Residence - Single Family","R","6R3","417","7900",,"MUNCASTER MILL",,"RD","39.15752","-77.1585","6D","    (39.1575, -77.1585)"
"201589911","9199","260039261","09/07/2026 09:30:07 PM","09/07/2026 09:30:00 PM",,"90Z","1","Crime Against Society","All Other Offenses","POLICE INFORMATION","SILVER SPRING","11100 BLK  NEW HAMPSHIRE AVE","SILVER SPRING","MD","20901","MCPD","Restaurant","I","3I1","518","11100",,"NEW HAMPSHIRE",,"AVE","39.03778","-76.9898","3D","    (39.0378, -76.9898)"
"201589913","4004","260039265","09/07/2026 10:08:48 PM","09/07/2026 09:22:00 PM",,"40A","1","Crime Against Society","Prostitution","COMM SEX OFF - PROSTITUTION","ROCKVILLE","1  BLK  DODGE ST","ROCKVILLE","MD","20852","RCPD","Retail - Other","A","1A2","274","1",,"DODGE",,"ST","39.08041","-77.144","1D","    (39.0804, -77.144)"
"201589915","9113","260039262","09/07/2026 09:11:34 PM","09/07/2026 09:11:00 PM",,"90Z","1","Crime Against Society","All Other Offenses","MENTAL ILLNESS - EMERGENCY PETITION","SILVER SPRING","13200 BLK  MUSICMASTER DR","SILVER SPRING","MD","20904","MCPD","Residence -Townhouse/Duplex","I","3I2","378","13200",,"MUSICMASTER",,"DR","39.07205","-76.947","3D","    (39.072, -76.947)"
"201589905","9113","260039259","09/07/2026 09:02:28 PM","09/07/2026 09:02:00 PM","09/07/2026 12:00:00 AM","90Z","1","Crime Against Society","All Other Offenses","MENTAL ILLNESS - EMERGENCY PETITION","WHEATON","900 BLK  BRIGGS CHANEY RD","SILVER SPRING","MD","20905","MCPD","Residence - Single Family","K","4K2","387","900",,"BRIGGS CHANEY",,"RD","39.10683","-76.994","4D","    (39.1068, -76.994)"
"201589900","2308","260039254",,"09/07/2026 09:02:00 PM",,"23D","1","Crime Against Property","Theft from Building","LARCENY - FROM BLDG","MONTGOMERY VILLAGE","9500 BLK  FERN HOLLOW WAY","MONTGOMERY VILLAGE","MD","20886","MCPD","Residence -Townhouse/Duplex","R","6R2","504","9500",,"FERN HOLLOW",,"WAY","39.18065","-77.1955","6D","    (39.1807, -77.1955)"
"201589906","1305","260039263","09/07/2026 08:48:41 PM","09/07/2026 08:48:00 PM",,"13A","1","Crime Against Person","Aggravated Assault","ASSAULT - AGGRAVATED - NON-FAMILY-OTHER WEAPON","MONTGOMERY VILLAGE","500 BLK S FREDERICK AVE","GAITHERSBURG","MD","20877","GPD","Residence - Apartment/Condo","P","6P3","432","500","S","FREDERICK",,"AVE","39.14889","-77.2077","6D","    (39.1489, -77.2077)"
"201589907","5707","260039257","09/07/2026 08:47:54 PM","09/07/2026 08:47:00 PM",,"90J","1","Crime Against Society","Trespass of Real Property","TRESPASSING","ROCKVILLE","7900 BLK  MONTROSE RD","POTOMAC","MD","20854","MCPD","Church/Synagogue/Temple","B","1B1","726","7900",,"MONTROSE",,"RD","39.05717","-77.1614","1D","    (39.0572, -77.1614)"
"201589907","2205","260039257","09/07/2026 08:47:54 PM","09/07/2026 08:47:00 PM",,"220","1","Crime Against Property","Burglary/Breaking and Entering","BURGLARY - NO FORCED ENTRY-NONRESIDENTIAL","ROCKVILLE","7900 BLK  MONTROSE RD","POTOMAC","MD","20854","MCPD","Church/Synagogue/Temple","B","1B1","726","7900",,"MONTROSE",,"RD","39.05717","-77.1614","1D","    (39.0572, -77.1614)"
"201589929","1399","260039258","09/07/2026 08:58:20 PM","09/07/2026 08:40:00 PM",,"13B","1","Crime Against Person","Simple Assault","ASSAULT - 2ND DEGREE","MONTGOMERY VILLAGE","400 BLK N FREDERICK AVE","GAITHERSBURG","MD","20877","GPD","Street - Bus Stop","R","6R1","548","400","N","FREDERICK",,"AVE","39.1457","-77.2037","6D","    (39.1457, -77.2037)"
"201589939","2404","260039295","09/08/2026 08:29:51 AM","09/07/2026 08:20:00 PM","09/08/2026 07:00:00 AM","240","1","Crime Against Property","Motor Vehicle Theft","AUTO THEFT - VEHICLE THEFT","BETHESDA","7900 BLK  CYPRESS PL","CHEVY CHASE","MD","20815","MCPD","Residence - Driveway","D","2D1","038","7900",,"CYPRESS",,"PL","38.98865","-77.0735","2D","    (38.9887, -77.0735)"
"201589901","2601","260039256","09/07/2026 08:19:52 PM","09/07/2026 08:19:00 PM",,"26A","1","Crime Against Property","False Pretenses/Swindle/Confidence Game","FRAUD - CONFIDENCE GAME","MONTGOMERY VILLAGE","15300 BLK  GABLE RIDGE CT","ROCKVILLE","MD","20850","MCPD","Bank - ATM","P","6P1","751","15300",,"GABLE RIDGE",,"CT","39.10815","-77.2028","6D","    (39.1082, -77.2028)"
"201590020","1399","260039375",,"09/07/2026 08:00:00 PM","09/07/2026 10:00:00 PM","13B","1","Crime Against Person","Simple Assault","ASSAULT - 2ND DEGREE","SILVER SPRING","600 BLK  SLIGO AVE","SILVER SPRING","MD","20910","MCPD","Residence - Apartment/Condo","G","3G1","113","600",,"SLIGO",,"AVE","0.0","0.0","3D","    (0.0, 0.0)"
"201590322","9105","260039679","09/10/2026 02:51:34 PM","09/07/2026 08:00:00 PM","09/07/2026 09:00:00 PM","90Z","1","Crime Against Society","All Other Offenses","LOST PROPERTY","BETHESDA","5000 BLK  CLOISTER DR","ROCKVILLE","MD","20852","MCPD","Grocery/Supermarket","D","2D1","185","5000",,"CLOISTER",,"DR","39.03019","-77.0984","2D","    (39.0302, -77.0984)"
"201590414","9105","260039450","09/08/2026 07:47:05 PM","09/07/2026 08:00:00 PM","09/08/2026 06:00:00 PM","90Z","1","Crime Against Society","All Other Offenses","LOST PROPERTY","GERMANTOWN","22900 BLK  MUSCADINE DR","CLARKSBURG","MD","20871","MCPD","Other/Unknown","M","5M3","600","22900",,"MUSCADINE",,"DR","39.22949","-77.2386","5D","    (39.2295, -77.2386)"
"201589948","2404","260039305","09/08/2026 09:27:44 AM","09/07/2026 07:30:00 PM","09/08/2026 09:00:00 AM","240","1","Crime Against Property","Motor Vehicle Theft","AUTO THEFT - VEHICLE THEFT","SILVER SPRING","4200 BLK  THISTLEWOOD TER","BURTONSVILLE","MD","20866","MCPD","Street - Residential","I","3I2","381","4200",,"THISTLEWOOD",,"TER","39.10059","-76.9221","3D","    (39.1006, -76.9221)"
"201589919","2399","260039253","09/07/2026 07:27:47 PM","09/07/2026 07:27:00 PM",,"23H","1","Crime Against Property","All other Larceny","LARCENY (DESCRIBE OFFENSE)","GERMANTOWN","19300 BLK  LIBERTY HEIGHTS LA","GERMANTOWN","MD","20874","MCPD","Other/Unknown","N","5N2","596","19300",,"LIBERTY HEIGHTS",,"LA","39.17269","-77.2744","5D","    (39.1727, -77.2744)"
"201589919","2605","260039253","09/07/2026 07:27:47 PM","09/07/2026 07:27:00 PM",,"26B","1","Crime Against Property","Credit Card/Automatic Teller Machine Fraud","FRAUD - ILLEGAL USE CREDIT CARDS","GERMANTOWN","19300 BLK  LIBERTY HEIGHTS LA","GERMANTOWN","MD","20874","MCPD","Other/Unknown","N","5N2","596","19300",,"LIBERTY HEIGHTS",,"LA","39.17269","-77.2744","5D","    (39.1727, -77.2744)"
"201590441","5404","260039255","09/07/2026 07:26:29 PM","09/07/2026 07:16:00 PM","09/07/2026 12:00:00 AM","90D","1","Crime Against Society","Driving Under the Influence","DRIVING UNDER THE INFLUENCE LIQUOR","SILVER SPRING","11200 BLK  NEW HAMPSHIRE AVE","SILVER SPRING","MD",,"MCPD","Street - In vehicle","I","3I1","518","11200",,"NEW HAMPSHIRE",,"AVE","39.03978","-76.9906","3D","    (39.0398, -76.9906)"
"201589897","9199","260039251","09/07/2026 07:13:09 PM","09/07/2026 07:13:00 PM",,"90Z","1","Crime Against Society","All Other Offenses","POLICE INFORMATION","GERMANTOWN","12200 BLK  EAGLES NEST CT","GERMANTOWN","MD","20874","MCPD","Residence - Apartment/Condo","N","5N1","447","12200",,"EAGLES NEST",,"CT","39.16435","-77.2509","5D","    (39.1643, -77.2509)"
"201589979","2305","260039360","09/08/2026 01:26:07 PM","09/07/2026 07:00:00 PM","09/08/2026 01:00:00 PM","23F","1","Crime Against Property","Theft From Motor Vehicle","LARCENY - FROM AUTO","BETHESDA","5700 BLK  CHAPMAN MILL DR","ROCKVILLE","MD","20852","MCPD","Parking Lot - Residential","E","2E1","189","5700",,"CHAPMAN MILL",,"DR","39.03544","-77.1155","2D","    (39.0354, -77.1155)"
"201590012","2304","260039250","09/07/2026 06:57:12 PM","09/07/2026 06:57:00 PM",,"23G","1","Crime Against Property","Theft of Motor Vehicle Parts or Accessories","LARCENY - AUTO PARTS","MONTGOMERY VILLAGE","17800 BLK  WASHINGTON GROVE LA","GAITHERSBURG","MD","20877","MCPD","Parking Lot - Other","R","6R3","542","17800",,"WASHINGTON GROVE",,"LA","39.14748","-77.1692","6D","    (39.1475, -77.1692)"
"201589889","9105","260039248","09/07/2026 06:43:18 PM","09/07/2026 06:43:00 PM",,"90Z","1","Crime Against Society","All Other Offenses","LOST PROPERTY","WHEATON","3000 BLK  DAWSON AVE","SILVER SPRING","MD","20902","MCPD","Street - Other","L","4L2","325","3000",,"DAWSON",,"AVE","0.0","0.0","4D","    (0.0, 0.0)"
"201589885","2505","260039245","09/07/2026 06:07:06 PM","09/07/2026 06:07:00 PM",,"250","1","Crime Against Property","Counterfeiting/Forgery","COUNTERFEITING - PASS COUNTERFEITED","BETHESDA","7100 BLK  DEMOCRACY BLV","BETHESDA","MD","20817","MCPD","Retail - Mall","E","2E2","204","7100",,"DEMOCRACY",,"BLV","39.02202","-77.1473","2D","    (39.022, -77.1473)"
"201589895","9105","260039246","09/07/2026 06:04:10 PM","09/07/2026 06:04:00 PM",,"90Z","1","Crime Against Society","All Other Offenses","LOST PROPERTY","GERMANTOWN","21000 BLK  FATHER HURLEY BLV","GERMANTOWN","MD","20874","MCPD","Residence - Apartment/Condo","N","5N1","465","21000",,"FATHER HURLEY",,"BLV","39.18962","-77.2732","5D","    (39.1896, -77.2732)"
"201590099","2902","260039492","09/09/2026 10:36:36 AM","09/07/2026 06:00:00 PM","09/08/2026 04:00:00 PM","290","1","Crime Against Property","Destruction/Damage/Vandalism of Property","DAMAGE PROPERTY - PRIVATE","MONTGOMERY VILLAGE","18300 BLK  STREAMSIDE DR","GAITHERSBURG","MD","20879","MCPD","Parking Lot - Residential","R","6R3","420","18300",,"STREAMSIDE",,"DR","39.15484","-77.1691","6D","    (39.1548, -77.1691)"
"201589884","1399","260039242","09/07/2026 05:26:08 PM","09/07/2026 05:26:00 PM",,"13B","2","Crime Against Person","Simple Assault","ASSAULT - 2ND DEGREE","ROCKVILLE","10000 BLK  DARNESTOWN RD","ROCKVILLE","MD","20850","MCPD","Parking Lot - Commercial","B","1B1","237","10000",,"DARNESTOWN",,"RD","39.09689","-77.2062","1D","    (39.0969, -77.2062)"
"201589894","2308","260039240","09/07/2026 05:22:30 PM","09/07/2026 05:22:00 PM",,"23D","1","Crime Against Property","Theft from Building","LARCENY - FROM BLDG","MONTGOMERY VILLAGE","1  BLK  GRAND CORNER AVE","GAITHERSBURG","MD","20878","GPD","Retail - Sporting Goods","P","6P1","549","1",,"GRAND CORNER",,"AVE","39.11801","-77.2004","6D","    (39.118, -77.2004)"
"201589882","2303","260039237","09/07/2026 05:07:23 PM","09/07/2026 05:07:00 PM",,"23C","1","Crime Against Property","Shoplifting","LARCENY - SHOPLIFTING","BETHESDA","7200 BLK  WOODMONT AVE","BETHESDA","MD","20814","MCPD","Retail - Clothing","D","2D2","033","7200",,"WOODMONT",,"AVE","38.98098","-77.0951","2D","    (38.981, -77.0951)"
"201590014","2902","260039398","09/08/2026 03:45:02 PM","09/07/2026 05:00:00 PM","09/08/2026 04:00:00 PM","290","1","Crime Against Property","Destruction/Damage/Vandalism of Property","DAMAGE PROPERTY - PRIVATE","MONTGOMERY VILLAGE","400 BLK  MUDDY BRANCH RD","GAITHERSBURG","MD","20878","MCPD","Parking Lot - Residential","P","6P1","550","400",,"MUDDY BRANCH",,"RD","39.1275","-77.2096","6D","    (39.1275, -77.2096)"
"201589888","2303","260039238","09/07/2026 05:00:52 PM","09/07/2026 04:45:00 PM",,"23C","1","Crime Against Property","Shoplifting","LARCENY - SHOPLIFTING","ROCKVILLE","1600 BLK  ROCKVILLE PIK","ROCKVILLE","MD","20852","RCPD","Retail - Clothing","A","1A2","266","1600",,"ROCKVILLE",,"PIK","39.06289","-77.1248","1D","    (39.0629, -77.1248)"
"201589912","1315","260039231","09/07/2026 04:25:02 PM","09/07/2026 04:25:00 PM",,"13A","1","Crime Against Person","Aggravated Assault","ASSAULT - AGGRAVATED - OTHER","BETHESDA",,"ROCKVILLE","MD","20852","MCPD","Air/Bus/Train/Metro Terminal","D","2D1","187",,,"ROCKVILLE",,"PIK","39.01964","-77.102","2D","    (39.0196, -77.102)"
"201589892","2303","260039232","09/07/2026 04:12:59 PM","09/07/2026 04:12:00 PM",,"23C","1","Crime Against Property","Shoplifting","LARCENY - SHOPLIFTING","WHEATON","11100 BLK  VEIRS MILL RD","SILVER SPRING","MD","20902","MCPD","Retail - Mall","L","4L2","321","11100",,"VEIRS MILL",,"RD","39.03756","-77.0519","4D","    (39.0376, -77.0519)"
"201589886","9109","260039234","09/07/2026 04:08:32 PM","09/07/2026 04:08:00 PM",,"90Z","1","Crime Against Society","All Other Offenses","RECOVERED PROPERTY - OTHER","WHEATON","2100 BLK  CROSSMEADOW LA","BROOKEVILLE","MD","20833","MCPD","Residence - Single Family","K","4K3","405","2100",,"CROSSMEADOW",,"LA","39.21066","-77.0443","4D","    (39.2107, -77.0443)"
"201589868","4199","260039215",,"09/07/2026 03:44:00 PM",,"90G","1","Crime Against Society","Liquor Law Violations","LIQUOR (DESCRIBE OFFENSE)","BETHESDA",,"BETHESDA","MD","20814","MCPD","Street - Commercial","D","2D2","049",,,"WISCONSIN",,"AVE","38.98323","-77.0936","2D","    (38.9832, -77.0936)"
"201589879","2303","260039229","09/07/2026 04:07:34 PM","09/07/2026 03:43:00 PM","09/07/2026 03:50:00 PM","23C","1","Crime Against Property","Shoplifting","LARCENY - SHOPLIFTING","BETHESDA","10400 BLK  OLD GEORGETOWN RD","BETHESDA","MD","20814","MCPD","Retail - Department/Discount Store","E","2E1","197","10400",,"OLD GEORGETOWN",,"RD","39.02487","-77.1253","2D","    (39.0249, -77.1253)"
"201589878","2303","260039226","09/07/2026 03:41:12 PM","09/07/2026 03:40:00 PM",,"23C","1","Crime Against Property","Shoplifting","LARCENY - SHOPLIFTING","SILVER SPRING","900 BLK  THAYER AVE","SILVER SPRING","MD","20910","MCPD","Grocery/Supermarket","G","3G1","670","900",,"THAYER",,"AVE","38.99304","-77.024","3D","    (38.993, -77.024)"
"201589878","3550","260039226","09/07/2026 03:41:12 PM","09/07/2026 03:40:00 PM",,"35B","1","Crime Against Society","Drug Equipment Violations","DRUGS - NARCOTIC EQUIP - POSSESS","SILVER SPRING","900 BLK  THAYER AVE","SILVER SPRING","MD","20910","MCPD","Grocery/Supermarket","G","3G1","670","900",,"THAYER",,"AVE","38.99304","-77.024","3D","    (38.993, -77.024)"
"201589914","9113","260039235","09/07/2026 03:31:45 PM","09/07/2026 03:31:00 PM",,"90Z","1","Crime Against Society","All Other Offenses","MENTAL ILLNESS - EMERGENCY PETITION","SILVER SPRING","9800 BLK  GEORGIA AVE","SILVER SPRING","MD","20902","MCPD","Street - Bus Stop","G","3G2","169","9800",,"GEORGIA",,"AVE","39.01563","-77.0427","3D","    (39.0156, -77.0427)"
"201589883","9113","260039230","09/07/2026 03:25:39 PM","09/07/2026 03:25:00 PM",,"90Z","1","Crime Against Society","All Other Offenses","MENTAL ILLNESS - EMERGENCY PETITION","SILVER SPRING","9700 BLK  MT PISGAH RD","SILVER SPRING","MD","20903","MCPD","Residence - Apartment/Condo","I","3I3","138","9700",,"MT PISGAH",,"RD","39.01519","-76.9768","3D","    (39.0152, -76.9768)"
"201589872","9099","260039221","09/07/2026 03:20:18 PM","09/07/2026 03:20:00 PM",,"90Z","1","Crime Against Society","All Other Offenses","ALL OTHER OFFENSES","SILVER SPRING","1000 BLK  MILESTONE DR","SILVER SPRING","MD","20904","MCPD","Residence - Single Family","I","3I1","148","1000",,"MILESTONE",,"DR","39.04565","-76.992","3D","    (39.0457, -76.992)"
"201589887","2303","260039218","09/07/2026 03:07:50 PM","09/07/2026 03:07:00 PM",,"23C","1","Crime Against Property","Shoplifting","LARCENY - SHOPLIFTING","GERMANTOWN","12600 BLK  WISTERIA DR","GERMANTOWN","MD","20874","MCPD","Retail - Department/Discount Store","N","5N1","447","12600",,"WISTERIA",,"DR","39.16948","-77.2612","5D","    (39.1695, -77.2612)"
"201590017","2304","260039407","09/08/2026 04:51:56 PM","09/07/2026 03:00:00 PM","09/08/2026 07:00:00 AM","23G","1","Crime Against Property","Theft of Motor Vehicle Parts or Accessories","LARCENY - AUTO PARTS","BETHESDA","3200 BLK  BROOKLAWN TER","CHEVY CHASE","MD","20815","MCPD","Street - Residential","D","2D1","011","3200",,"BROOKLAWN",,"TER","38.99244","-77.0646","2D","    (38.9924, -77.0646)"
"201590860","3601","260040446",,"09/07/2026 02:30:00 PM","09/11/2026 03:00:00 PM","11D","1","Crime Against Person","Forcible Fondling","SEX OFFENSE - AGAINST CHILD-FONDLING","WHEATON","300 BLK  OLNEY SANDY SPRING RD","SANDY SPRING","MD","20860","MCPD","School - Elementary/Secondary","K","4K2","390","300",,"OLNEY SANDY SPRING",,"RD","39.14911","-77.0175","4D","    (39.1491, -77.0175)"
"201589873","2399","260039227","09/07/2026 03:24:38 PM","09/07/2026 02:15:00 PM","09/07/2026 02:55:00 PM","23H","1","Crime Against Property","All other Larceny","LARCENY (DESCRIBE OFFENSE)","ROCKVILLE","1  BLK  PRESERVE PKW","ROCKVILLE","MD","20852","RCPD","Restaurant","A","1A2","264","1",,"PRESERVE",,"PKW","39.06701","-77.1501","1D","    (39.067, -77.1501)"
"201590000","2305","260039384","09/08/2026 03:17:32 PM","09/07/2026 01:00:00 PM","09/08/2026 03:00:00 PM","23F","1","Crime Against Property","Theft From Motor Vehicle","LARCENY - FROM AUTO","GERMANTOWN","19500 BLK  TWINFLOWER CIR","GERMANTOWN","MD","20876","MCPD","Parking Lot - Residential","M","5M1","469","19500",,"TWINFLOWER",,"CIR","39.17603","-77.2433","5D","    (39.176, -77.2433)"
"201589869","9021","260039223","09/07/2026 02:47:35 PM","09/07/2026 01:00:00 PM",,"90I","1","Crime Against Not a Crime","Runaway","JUVENILE - RUNAWAY","BETHESDA","6300 BLK  GREENTREE RD","BETHESDA","MD","20817","MCPD","Shelter-Mission/Homeless","E","2E1","068","6300",,"GREENTREE",,"RD","39.00172","-77.1278","2D","    (39.0017, -77.1278)"
"201589859","9108","260039212","09/07/2026 12:46:41 PM","09/07/2026 12:46:00 PM","09/07/2026 01:00:00 PM","90Z","1","Crime Against Society","All Other Offenses","RECOVERED PROPERTY - MONT CO.","ROCKVILLE","1  BLK W MONTGOMERY AVE","ROCKVILLE","MD","20850","RCPD","Government Building","A","1A1","255","1","W","MONTGOMERY",,"AVE","39.1457","-77.2037","1D","    (39.1457, -77.2037)"
"201589960","9199","260039319","09/07/2026 12:48:48 PM","09/07/2026 12:45:00 PM",,"90Z","1","Crime Against Society","All Other Offenses","POLICE INFORMATION","ROCKVILLE","1700 BLK E JEFFERSON ST","ROCKVILLE","MD","20852","MCPD","Retail - Appliances/Electronics","A","1A2","270","1700","E","JEFFERSON",,"ST","39.05848","-77.1264","1D","    (39.0585, -77.1264)"
"201590467","9113","260039209","09/07/2026 12:24:55 PM","09/07/2026 12:24:00 PM",,"90Z","1","Crime Against Society","All Other Offenses","MENTAL ILLNESS - EMERGENCY PETITION","MONTGOMERY VILLAGE","200 BLK  OAKTON RD","GAITHERSBURG","MD","20877","GPD","Residence - Yard","P","6P3","432","200",,"OAKTON",,"RD","39.13636","-77.1844","6D","    (39.1364, -77.1844)"
"201589847","9105","260039201",,"09/07/2026 12:12:00 PM",,"90Z","1","Crime Against Society","All Other Offenses","LOST PROPERTY","WHEATON","17400 BLK  EVANGELINE LA","OLNEY","MD","20832","MCPD","Other/Unknown","K","4K3","399","17400",,"EVANGELINE",,"LA","39.14132","-77.0818","4D","    (39.1413, -77.0818)"
"201589850","9108","260039205","09/07/2026 12:11:40 PM","09/07/2026 12:11:00 PM",,"90Z","1","Crime Against Society","All Other Offenses","RECOVERED PROPERTY - MONT CO.","MONTGOMERY VILLAGE",,"MONTGOMERY VILLAGE","MD","20886","MCPD","Street - Residential","R","6R2","547",,,"WATKINS MILL",,"RD","39.15449","-77.2296","6D","    (39.1545, -77.2296)"
"201589877","3550","260039198","09/07/2026 12:10:21 PM","09/07/2026 12:10:00 PM",,"35B","1","Crime Against Society","Drug Equipment Violations","DRUGS - NARCOTIC EQUIP - POSSESS","TAKOMA PARK","7600 BLK  NEW HAMPSHIRE AVE","TAKOMA PARK","MD","20912","TPPD","Parking Lot - Commercial","T","8T3","807","7600",,"NEW HAMPSHIRE",,"AVE","38.9859","-76.9881","TPPD","    (38.9859, -76.9881)"
"201589877","9061","260039198","09/07/2026 12:10:21 PM","09/07/2026 12:10:00 PM",,"90Z","1","Crime Against Society","All Other Offenses","FUGITIVE FROM MD JURISDICTION","TAKOMA PARK","7600 BLK  NEW HAMPSHIRE AVE","TAKOMA PARK","MD","20912","TPPD","Parking Lot - Commercial","T","8T3","807","7600",,"NEW HAMPSHIRE",,"AVE","38.9859","-76.9881","TPPD","    (38.9859, -76.9881)"
"201589856","2303","260039206","09/07/2026 12:07:29 PM","09/07/2026 12:07:00 PM",,"23C","1","Crime Against Property","Shoplifting","LARCENY - SHOPLIFTING","BETHESDA","6900 BLK  ARLINGTON RD","BETHESDA","MD","20814","MCPD","Retail - Drug Store/Pharmacy","D","2D2","031","6900",,"ARLINGTON",,"RD","38.978","-77.0987","2D","    (38.978, -77.0987)"
"201589845","9105","260039199",,"09/07/2026 12:02:00 PM",,"90Z","1","Crime Against Society","All Other Offenses","LOST PROPERTY","MONTGOMERY VILLAGE","1  BLK S SUMMIT AVE","GAITHERSBURG","MD","20877","GPD","Gas Station","P","6P3","431","1","S","SUMMIT",,"AVE","39.14219","-77.1933","6D","    (39.1422, -77.1933)"
"201589958","2305","260039326","09/08/2026 10:41:28 AM","09/07/2026 12:00:00 PM","09/08/2026 09:00:00 AM","23F","1","Crime Against Property","Theft From Motor Vehicle","LARCENY - FROM AUTO","ROCKVILLE","1700 BLK  ROCKVILLE PIK","ROCKVILLE","MD","20852","MCPD","Retail - Other","A","1A2","269","1700",,"ROCKVILLE",,"PIK","39.06184","-77.124","1D","    (39.0618, -77.124)"
"201589876","2902","260039224","09/07/2026 03:52:15 PM","09/07/2026 12:00:00 PM","09/07/2026 04:00:00 PM","290","1","Crime Against Property","Destruction/Damage/Vandalism of Property","DAMAGE PROPERTY - PRIVATE","BETHESDA","5600 BLK  WISCONSIN AVE","CHEVY CHASE","MD","20815","MCPD","Street - Commercial","D","2D2","017","5600",,"WISCONSIN",,"AVE","38.96546","-77.088","2D","    (38.9655, -77.088)"
"201590129","9199","260039204","09/07/2026 11:42:25 AM","09/07/2026 11:42:00 AM",,"90Z","1","Crime Against Society","All Other Offenses","POLICE INFORMATION","SILVER SPRING","1900 BLK  BRISBANE ST","SILVER SPRING","MD","20902","MCPD","Street - Residential","G","3G2","168","1900",,"BRISBANE",,"ST","39.02157","-77.0423","3D","    (39.0216, -77.0423)"
"201589862","2404","260039207","09/07/2026 11:37:50 AM","09/07/2026 11:37:00 AM",,"240","1","Crime Against Property","Motor Vehicle Theft","AUTO THEFT - VEHICLE THEFT","BETHESDA","9000 BLK  PENNSYLVANIA AVE","SILVER SPRING","MD","20910","MCPD","Residence - Single Family","D","2D1","085","9000",,"PENNSYLVANIA",,"AVE","39.00231","-77.048","2D","    (39.0023, -77.048)"
"201589976","2305","260039350","09/08/2026 01:07:13 PM","09/07/2026 11:30:00 AM","09/08/2026 09:30:00 AM","23F","1","Crime Against Property","Theft From Motor Vehicle","LARCENY - FROM AUTO","BETHESDA","10700 BLK  HAMPTON MILL TER","ROCKVILLE","MD","20852","MCPD","Parking Lot - Residential","E","2E1","189","10700",,"HAMPTON MILL",,"TER","39.03115","-77.116","2D","    (39.0311, -77.116)"
"201589844","1313","260039197","09/07/2026 11:11:09 AM","09/07/2026 11:11:00 AM","09/07/2026 11:11:00 AM","13B","1","Crime Against Person","Simple Assault","ASSAULT - SIMPLE","ROCKVILLE","10400 BLK  NOLAN DR","ROCKVILLE","MD","20850","MCPD","Residence -Townhouse/Duplex","B","1B2","452","10400",,"NOLAN",,"DR","0.0","0.0","1D","    (0.0, 0.0)"
"201589840","1399","260039192","09/07/2026 10:37:02 AM","09/07/2026 10:37:00 AM",,"13B","1","Crime Against Person","Simple Assault","ASSAULT - 2ND DEGREE","GERMANTOWN","19800 BLK  OBSERVATION DR","GERMANTOWN","MD","20876","MCPD","Hospital/Emergency Care Center","M","5M1","468","19800",,"OBSERVATION",,"DR","39.18076","-77.2441","5D","    (39.1808, -77.2441)"
"201589832","9105","260039185",,"09/07/2026 10:09:00 AM",,"90Z","1","Crime Against Society","All Other Offenses","LOST PROPERTY","BETHESDA","5300 BLK  FLANDERS AVE","KENSINGTON","MD","20895","MCPD","Other/Unknown","D","2D1","694","5300",,"FLANDERS",,"AVE","39.03887","-77.106","2D","    (39.0389, -77.106)"
"201589835","9199","260039189","09/07/2026 10:13:08 AM","09/07/2026 10:00:00 AM","09/07/2026 11:00:00 AM","90Z","1","Crime Against Society","All Other Offenses","POLICE INFORMATION","MONTGOMERY VILLAGE","18700 BLK  MONTGOMERY VILLAGE AVE","MONTGOMERY VILLAGE","MD","20886","MCPD","Park","R","6R1","505","18700",,"MONTGOMERY VILLAGE",,"AVE","39.16342","-77.2033","6D","    (39.1634, -77.2033)"
"201590473","2601","260039202",,"09/07/2026 09:57:00 AM",,"26A","1","Crime Against Property","False Pretenses/Swindle/Confidence Game","FRAUD - CONFIDENCE GAME","MONTGOMERY VILLAGE","1  BLK S SUMMIT AVE","GAITHERSBURG","MD","20877","GPD","Residence - Apartment/Condo","P","6P3","431","1","S","SUMMIT",,"AVE","39.14219","-77.1933","6D","    (39.1422, -77.1933)"
"201590218","9113","260039194","09/07/2026 10:00:26 AM","09/07/2026 09:53:00 AM",,"90Z","1","Crime Against Society","All Other Offenses","MENTAL ILLNESS - EMERGENCY PETITION","WHEATON","14500 BLK  CARONA DR","SILVER SPRING","MD","20905","MCPD","Residence - Single Family","K","4K2","372","14500",,"CARONA",,"DR","0.0","0.0","4D","    (0.0, 0.0)"
"201589920","2404","260039275","09/07/2026 10:36:52 PM","09/07/2026 09:00:00 AM","09/07/2026 10:30:00 PM","240","1","Crime Against Property","Motor Vehicle Theft","AUTO THEFT - VEHICLE THEFT","BETHESDA","10200 BLK  FREDERICK AVE","KENSINGTON","MD","20895","MCPD","Parking Lot - Residential","D","2D1","179","10200",,"FREDERICK",,"AVE","39.02224","-77.0702","2D","    (39.0222, -77.0702)"
"201589969","2305","260039335","09/08/2026 12:14:25 PM","09/07/2026 09:00:00 AM","09/08/2026 12:00:00 PM","23F","1","Crime Against Property","Theft From Motor Vehicle","LARCENY - FROM AUTO","SILVER SPRING","900 BLK  BONIFANT ST","SILVER SPRING","MD","20910","MCPD","Parking Lot - Residential","G","3G1","670","900",,"BONIFANT",,"ST","38.99437","-77.0241","3D","    (38.9944, -77.0241)"
"201589831","2308","260039184","09/07/2026 08:58:02 AM","09/07/2026 08:56:00 AM",,"23D","1","Crime Against Property","Theft from Building","LARCENY - FROM BLDG","BETHESDA","5000 BLK  BATTERY LA","BETHESDA","MD","20814","MCPD","Residence - Apartment/Condo","E","2E1","054","5000",,"BATTERY",,"LA","38.99226","-77.1017","2D","    (38.9923, -77.1017)"
"201589860","3572","260039182",,"09/07/2026 08:48:00 AM",,"35A","1","Crime Against Society","Drug/Narcotic Violations","DRUGS - AMPHETAMINE - POSSESS","WHEATON","11700 BLK  GEORGIA AVE","SILVER SPRING","MD","20902","MCPD","Library","L","4L1","364","11700",,"GEORGIA",,"AVE","0.0","0.0","4D","    (0.0, 0.0)"
"201589830","1305","260039179","09/07/2026 08:04:15 AM","09/07/2026 08:04:00 AM",,"13A","1","Crime Against Person","Aggravated Assault","ASSAULT - AGGRAVATED - NON-FAMILY-OTHER WEAPON","TAKOMA PARK","1300 BLK  UNIVERSITY BLV E","TAKOMA PARK","MD","20912","TPPD","Parking Lot - Commercial","T","8T3","807","1300",,"UNIVERSITY","E","BLV","39.03651","-77.0309","TPPD","    (39.0365, -77.0309)"
"201589865","9199","260039180","09/07/2026 08:00:08 AM","09/07/2026 08:00:00 AM","09/07/2026 12:00:00 AM","90Z","1","Crime Against Society","All Other Offenses","POLICE INFORMATION","SILVER SPRING","8700 BLK  CARROLL AVE","SILVER SPRING","MD","20903","MCPD","Residence - Single Family","G","3G3","132","8700",,"CARROLL",,"AVE","38.99718","-76.9918","3D","    (38.9972, -76.9918)"
"201589820","9062","260038943",,"09/07/2026 07:55:00 AM",,"90Z","1","Crime Against Society","All Other Offenses","FUGITIVE FROM JUSTICE (OUT OF STATE)","ROCKVILLE","1300 BLK  SEVEN LOCKS RD","POTOMAC","MD","20854","MCPD","Jail/Prison","B","1B1","228","1300",,"SEVEN LOCKS",,"RD","39.06691","-77.1616","1D","    (39.0669, -77.1616)"
"201589819","9062","260038895",,"09/07/2026 07:51:00 AM",,"90Z","1","Crime Against Society","All Other Offenses","FUGITIVE FROM JUSTICE (OUT OF STATE)","ROCKVILLE","1300 BLK  SEVEN LOCKS RD","POTOMAC","MD","20854","MCPD","Jail/Prison","B","1B1","228","1300",,"SEVEN LOCKS",,"RD","39.06691","-77.1616","1D","    (39.0669, -77.1616)"
"201589854","9199","260039187","09/07/2026 09:54:20 AM","09/07/2026 07:30:00 AM","09/07/2026 09:48:00 AM","90Z","1","Crime Against Society","All Other Offenses","POLICE INFORMATION","BETHESDA","6300 BLK  LONE OAK DR","BETHESDA","MD","20817","MCPD","School - Elementary/Secondary","E","2E1","194","6300",,"LONE OAK",,"DR","39.0202","-77.1265","2D","    (39.0202, -77.1265)"
"201590111","2605","260039510","09/09/2026 12:09:39 PM","09/07/2026 07:00:00 AM","09/07/2026 07:00:00 AM","26B","1","Crime Against Property","Credit Card/Automatic Teller Machine Fraud","FRAUD - ILLEGAL USE CREDIT CARDS","SILVER SPRING","600 BLK  MISSISSIPPI AVE","SILVER SPRING","MD","20910","MCPD","Other/Unknown","G","3G1","112","600",,"MISSISSIPPI",,"AVE","38.98956","-77.0124","3D","    (38.9896, -77.0124)"
"201589817","1399","260039175","09/07/2026 06:54:05 AM","09/07/2026 06:54:00 AM",,"13B","2","Crime Against Person","Simple Assault","ASSAULT - 2ND DEGREE","MONTGOMERY VILLAGE","20600 BLK  PRUITT CT","MONTGOMERY VILLAGE","MD","20886","MCPD","Residence -Townhouse/Duplex","R","6R2","508","20600",,"PRUITT",,"CT","0.0","0.0","6D","    (0.0, 0.0)"
"201589903","9199","260039173","09/07/2026 04:55:33 AM","09/07/2026 04:55:00 AM",,"90Z","1","Crime Against Society","All Other Offenses","POLICE INFORMATION","SILVER SPRING","900 BLK  BONIFANT ST","SILVER SPRING","MD","20910","MCPD","Bar/Night Club","G","3G1","670","900",,"BONIFANT",,"ST","38.99437","-77.0241","3D","    (38.9944, -77.0241)"
"201589813","9021","260039174","09/07/2026 04:43:53 AM","09/07/2026 04:43:00 AM",,"90I","1","Crime Against Not a Crime","Runaway","JUVENILE - RUNAWAY","WHEATON","13000 BLK  FREELAND RD","ROCKVILLE","MD","20853","MCPD","Residence - Single Family","K","4K1","527","13000",,"FREELAND",,"RD","39.06888","-77.0898","4D","    (39.0689, -77.0898)"
"201589930","5404","260039172","09/07/2026 03:40:45 AM","09/07/2026 03:40:00 AM",,"90D","1","Crime Against Society","Driving Under the Influence","DRIVING UNDER THE INFLUENCE LIQUOR","BETHESDA",,"CHEVY CHASE","MD","20815","MCPD","Street - Other","D","2D2","014",,,"WISCONSIN",,"AVE","38.98323","-77.0936","2D","    (38.9832, -77.0936)"
"201589805","9113","260039171","09/07/2026 02:49:58 AM","09/07/2026 02:49:00 AM",,"90Z","1","Crime Against Society","All Other Offenses","MENTAL ILLNESS - EMERGENCY PETITION","SILVER SPRING",,"SILVER SPRING","MD","20903","MCPD","Convenience Store","I","3I3","141",,,"POWDER MILL",,"RD","39.02428","-76.9715","3D","    (39.0243, -76.9715)"
"201589893","5404","260039169","09/07/2026 02:46:29 AM","09/07/2026 02:46:00 AM",,"90D","1","Crime Against Society","Driving Under the Influence","DRIVING UNDER THE INFLUENCE LIQUOR","MONTGOMERY VILLAGE",,"GAITHERSBURG","MD","20879","GPD","Street - In vehicle","P","6P2","791",,,"WATKINS MILL",,"RD","39.15449","-77.2296","6D","    (39.1545, -77.2296)"
"201589807","5404","260039168","09/07/2026 02:02:55 AM","09/07/2026 02:02:00 AM",,"90D","1","Crime Against Society","Driving Under the Influence","DRIVING UNDER THE INFLUENCE LIQUOR","WHEATON",,"SILVER SPRING","MD","20902","MCPD","Street - In vehicle","L","4L1","326",,,"ARCOLA",,"AVE","39.04713","-77.0378","4D","    (39.0471, -77.0378)"
"201589836","2404","260039190","09/07/2026 10:07:12 AM","09/07/2026 02:00:00 AM","09/07/2026 10:00:00 AM","240","1","Crime Against Property","Motor Vehicle Theft","AUTO THEFT - VEHICLE THEFT","SILVER SPRING","900 BLK  SLIGO AVE","SILVER SPRING","MD","20910","MCPD","Parking Lot - Other","G","3G1","092","900",,"SLIGO",,"AVE","0.0","0.0","3D","    (0.0, 0.0)"
"201589802","9201","260039167","09/07/2026 01:37:38 AM","09/07/2026 01:37:00 AM",,"90Z","1","Crime Against Society","All Other Offenses","OVERDOSE","SILVER SPRING",,"SILVER SPRING","MD","20901","MCPD","Street - Residential","G","3G2","124",,"E","WAYNE",,"AVE","38.9997","-77.0108","3D","    (38.9997, -77.0108)"
"201589851","2203","260039193","09/07/2026 10:44:15 AM","09/07/2026 01:30:00 AM","09/07/2026 01:45:00 AM","220","1","Crime Against Property","Burglary/Breaking and Entering","BURGLARY - FORCED ENTRY-NONRESIDENTIAL","BETHESDA","11500 BLK  ROCKVILLE PIK","ROCKVILLE","MD","20852","MCPD","Retail - Department/Discount Store","E","2E1","188","11500",,"ROCKVILLE",,"PIK","39.04477","-77.1116","2D","    (39.0448, -77.1116)"
"201589842","2902","260039196","09/07/2026 11:25:20 AM","09/07/2026 01:00:00 AM","09/07/2026 11:14:00 AM","290","1","Crime Against Property","Destruction/Damage/Vandalism of Property","DAMAGE PROPERTY - PRIVATE","SILVER SPRING","7900 BLK  CHICAGO AVE","SILVER SPRING","MD","20910","MCPD","Parking Lot - Residential","G","3G1","112","7900",,"CHICAGO",,"AVE","38.98868","-77.02","3D","    (38.9887, -77.02)"
"201590150","2999","260039559","09/09/2026 05:49:15 PM","09/07/2026 12:00:00 AM","09/09/2026 05:15:00 PM","290","1","Crime Against Property","Destruction/Damage/Vandalism of Property","DAMAGE PROPERTY (DESCRIBE OFFENSE)","BETHESDA","4500 BLK  CHELTENHAM DR","BETHESDA","MD","20814","MCPD","Residence - Driveway","D","2D2","046","4500",,"CHELTENHAM",,"DR","38.98825","-77.0881","2D","    (38.9883, -77.0881)"
"201589908","3699","260039225","09/07/2026 02:54:35 PM","09/07/2026 12:00:00 AM",,"11D","1","Crime Against Person","Forcible Fondling","SEX OFFENSE - FONDLING","BETHESDA","7000 BLK  STRATHMORE ST","CHEVY CHASE","MD","20815","MCPD","Residence - Apartment/Condo","D","2D2","031","7000",,"STRATHMORE",,"ST","38.97925","-77.093","2D","    (38.9793, -77.093)"
"201589801","2399","260039160","09/06/2026 11:38:53 PM","09/06/2026 11:38:00 PM",,"23H","1","Crime Against Property","All other Larceny","LARCENY (DESCRIBE OFFENSE)","GERMANTOWN","20200 BLK  GOLDENROD LA","GERMANTOWN","MD","20876","MCPD","Hotel/Motel/Etc.","M","5M1","468","20200",,"GOLDENROD",,"LA","39.18416","-77.2458","5D","    (39.1842, -77.2458)"
"201589834","2902","260039186","09/07/2026 09:52:01 AM","09/06/2026 11:30:00 PM","09/07/2026 07:45:00 AM","290","1","Crime Against Property","Destruction/Damage/Vandalism of Property","DAMAGE PROPERTY - PRIVATE","SILVER SPRING","500 BLK  THAYER AVE","SILVER SPRING","MD","20910","MCPD","Parking Lot - Residential","G","3G1","514","500",,"THAYER",,"AVE","38.99384","-77.0115","3D","    (38.9938, -77.0115)"
"201589795","2902","260039156","09/06/2026 11:09:11 PM","09/06/2026 11:09:00 PM",,"290","1","Crime Against Property","Destruction/Damage/Vandalism of Property","DAMAGE PROPERTY - PRIVATE","TAKOMA PARK","7100 BLK  13TH AVE","TAKOMA PARK","MD","20912","TPPD","Residence - Single Family","T","8T3","807","7100",,"13TH",,"AVE","0.0","0.0","TPPD","    (0.0, 0.0)"
"201589799","1216","260039158","09/06/2026 11:30:21 PM","09/06/2026 10:45:00 PM","09/06/2026 11:15:00 PM","120","1","Crime Against Property","Robbery","ROBBERY - STRONG ARM","SILVER SPRING","1  BLK  VETERANS PL","SILVER SPRING","MD","20910","MCPD","Park","G","3G1","671","1",,"VETERANS",,"PL","38.99791","-77.0246","3D","    (38.9979, -77.0246)"
"201589821","2305","260039178","09/07/2026 07:32:16 AM","09/06/2026 10:00:00 PM","09/07/2026 07:00:00 AM","23F","1","Crime Against Property","Theft From Motor Vehicle","LARCENY - FROM AUTO","BETHESDA","8500 BLK  16TH ST","SILVER SPRING","MD","20910","MCPD","Parking Lot - Residential","D","2D1","517","8500",,"16TH",,"ST","0.0","0.0","2D","    (0.0, 0.0)"
"201589821","2404","260039178","09/07/2026 07:32:16 AM","09/06/2026 10:00:00 PM","09/07/2026 07:00:00 AM","240","1","Crime Against Property","Motor Vehicle Theft","AUTO THEFT - VEHICLE THEFT","BETHESDA","8500 BLK  16TH ST","SILVER SPRING","MD","20910","MCPD","Parking Lot - Residential","D","2D1","517","8500",,"16TH",,"ST","0.0","0.0","2D","    (0.0, 0.0)"
"201589821","2605","260039178","09/07/2026 07:32:16 AM","09/06/2026 10:00:00 PM","09/07/2026 07:00:00 AM","26B","1","Crime Against Property","Credit Card/Automatic Teller Machine Fraud","FRAUD - ILLEGAL USE CREDIT CARDS","BETHESDA","8500 BLK  16TH ST","SILVER SPRING","MD","20910","MCPD","Other/Unknown","D","2D1","517","8500",,"16TH",,"ST","0.0","0.0","2D","    (0.0, 0.0)"
"201589788","2205","260039152","09/06/2026 10:33:06 PM","09/06/2026 09:51:00 PM","09/06/2026 09:53:00 PM","220","1","Crime Against Property","Burglary/Breaking and Entering","BURGLARY - NO FORCED ENTRY-NONRESIDENTIAL","ROCKVILLE","200 BLK  RICHARD MONTGOMERY DR","ROCKVILLE","MD","20852","RCPD","School - Elementary/Secondary","A","1A2","262","200",,"RICHARD MONTGOMERY",,"DR","39.07946","-77.1446","1D","    (39.0795, -77.1446)"
"201589808","2303","260039150","09/06/2026 09:45:22 PM","09/06/2026 09:45:00 PM",,"23C","1","Crime Against Property","Shoplifting","LARCENY - SHOPLIFTING","WHEATON","11100 BLK  VEIRS MILL RD","SILVER SPRING","MD","20902","MCPD","Retail - Department/Discount Store","L","4L2","321","11100",,"VEIRS MILL",,"RD","39.03756","-77.0519","4D","    (39.0376, -77.0519)"
"201590513","5404","260039149","09/06/2026 09:16:26 PM","09/06/2026 09:16:00 PM",,"90D","1","Crime Against Society","Driving Under the Influence","DRIVING UNDER THE INFLUENCE LIQUOR","MONTGOMERY VILLAGE","100 BLK  COMMERCE SQUARE PL","GAITHERSBURG","MD","20878","GPD","Street - In vehicle","P","6P2","450","100",,"COMMERCE SQUARE",,"PL","39.12302","-77.2337","6D","    (39.123, -77.2337)"
"201589837","9199","260039191","09/07/2026 10:41:26 AM","09/06/2026 09:00:00 PM","09/07/2026 08:15:00 AM","90Z","1","Crime Against Society","All Other Offenses","POLICE INFORMATION","MONTGOMERY VILLAGE","18300 BLK  LOST KNIFE CIR","MONTGOMERY VILLAGE","MD","20886","MCPD","Parking Lot - Residential","R","6R1","505","18300",,"LOST KNIFE",,"CIR","39.15801","-77.202","6D","    (39.158, -77.202)"
"201589775","9113","260039146","09/06/2026 08:59:13 PM","09/06/2026 08:59:00 PM",,"90Z","1","Crime Against Society","All Other Offenses","MENTAL ILLNESS - EMERGENCY PETITION","GERMANTOWN","1  BLK  NEERWINDER CT","GERMANTOWN","MD","20874","MCPD","Residence - Single Family","N","5N1","465","1",,"NEERWINDER",,"CT","39.19406","-77.279","5D","    (39.1941, -77.279)"
"201589785","9199","260039145","09/06/2026 08:36:23 PM","09/06/2026 08:36:00 PM",,"90Z","1","Crime Against Society","All Other Offenses","POLICE INFORMATION","SILVER SPRING","700 BLK  SLIGO AVE","SILVER SPRING","MD","20910","MCPD","Residence - Apartment/Condo","G","3G1","515","700",,"SLIGO",,"AVE","0.0","0.0","3D","    (0.0, 0.0)"
"201590234","3532","260039140","09/06/2026 08:34:22 PM","09/06/2026 08:34:00 PM",,"35A","1","Crime Against Society","Drug/Narcotic Violations","DRUGS - COCAINE - POSSESS","SILVER SPRING","900 BLK  WAYNE AVE","SILVER SPRING","MD","20910","MCPD","Street - Commercial","G","3G1","670","900",,"WAYNE",,"AVE","0.0","0.0","3D","    (0.0, 0.0)"
"201590234","5311","260039140","09/06/2026 08:34:22 PM","09/06/2026 08:34:00 PM",,"90C","1","Crime Against Society","Disorderly Conduct","PUBLIC PEACE - DISORDERLY CONDUCT","SILVER SPRING","900 BLK  WAYNE AVE","SILVER SPRING","MD","20910","MCPD","Street - Commercial","G","3G1","670","900",,"WAYNE",,"AVE","0.0","0.0","3D","    (0.0, 0.0)"
"201589773","9199","260039144","09/06/2026 08:08:04 PM","09/06/2026 08:05:00 PM",,"90Z","1","Crime Against Society","All Other Offenses","POLICE INFORMATION","WHEATON","15000 BLK  EARDLEY CT","SILVER SPRING","MD","20906","MCPD","Residence -Townhouse/Duplex","K","4K1","346","15000",,"EARDLEY",,"CT","39.10262","-77.0593","4D","    (39.1026, -77.0593)"
"201589941","2404","260039299","09/08/2026 08:46:36 AM","09/06/2026 08:00:00 PM","09/08/2026 08:30:00 AM","240","1","Crime Against Property","Motor Vehicle Theft","AUTO THEFT - VEHICLE THEFT","MONTGOMERY VILLAGE","18300 BLK  STREAMSIDE DR","GAITHERSBURG","MD","20879","MCPD","Parking Garage - Residential","R","6R3","420","18300",,"STREAMSIDE",,"DR","39.15484","-77.1691","6D","    (39.1548, -77.1691)"
"201589890","2902","260039222","09/07/2026 11:56:03 AM","09/06/2026 08:00:00 PM","09/07/2026 10:00:00 AM","290","1","Crime Against Property","Destruction/Damage/Vandalism of Property","DAMAGE PROPERTY - PRIVATE","WHEATON","14100 BLK  WEEPING WILLOW DR","SILVER SPRING","MD","20906","MCPD","Parking Lot - Residential","K","4K1","348","14100",,"WEEPING WILLOW",,"DR","39.08771","-77.0675","4D","    (39.0877, -77.0675)"
"201590273","2303","260039137",,"09/06/2026 07:51:00 PM",,"23C","1","Crime Against Property","Shoplifting","LARCENY - SHOPLIFTING","GERMANTOWN","20900 BLK  FREDERICK RD","GERMANTOWN","MD","20876","MCPD","Retail - Other","M","5M1","701","20900",,"FREDERICK",,"RD","39.19829","-77.2448","5D","    (39.1983, -77.2448)"
"201589791","1399","260039142","09/06/2026 07:48:15 PM","09/06/2026 07:45:00 PM","09/06/2026 12:00:00 AM","13B","1","Crime Against Person","Simple Assault","ASSAULT - 2ND DEGREE","BETHESDA",,"ROCKVILLE","MD","20852","MCPD","Street - Residential","E","2E1","190",,,"VALERIAN",,"LA","39.03151","-77.1204","2D","    (39.0315, -77.1204)"
"201589786","9113","260039136","09/06/2026 07:33:22 PM","09/06/2026 07:25:00 PM","09/06/2026 07:33:00 PM","90Z","1","Crime Against Society","All Other Offenses","MENTAL ILLNESS - EMERGENCY PETITION","ROCKVILLE","1000 BLK  CARNATION DR","ROCKVILLE","MD","20850","RCPD","Residence - Single Family","A","1A1","243","1000",,"CARNATION",,"DR","39.10357","-77.1722","1D","    (39.1036, -77.1722)"
"201589781","1399","260039135","09/06/2026 07:20:24 PM","09/06/2026 07:20:00 PM",,"13B","1","Crime Against Person","Simple Assault","ASSAULT - 2ND DEGREE","BETHESDA","11600 BLK  NEBEL ST","ROCKVILLE","MD","20852","MCPD","Shelter-Mission/Homeless","D","2D1","187","11600",,"NEBEL",,"ST","0.0","0.0","2D","    (0.0, 0.0)"
"201589772","9109","260039132","09/06/2026 07:17:17 PM","09/06/2026 07:17:00 PM",,"90Z","1","Crime Against Society","All Other Offenses","RECOVERED PROPERTY - OTHER","SILVER SPRING","9300 BLK  COLESVILLE RD","SILVER SPRING","MD","20901","MCPD","Residence - Yard","G","3G2","123","9300",,"COLESVILLE",,"RD","39.00766","-77.0201","3D","    (39.0077, -77.0201)"
"201589828","2404","260039183","09/07/2026 08:40:38 AM","09/06/2026 07:00:00 PM","09/07/2026 08:00:00 AM","240","1","Crime Against Property","Motor Vehicle Theft","AUTO THEFT - VEHICLE THEFT","SILVER SPRING","400 BLK  THAYER AVE","SILVER SPRING","MD","20910","MCPD","Residence - Driveway","G","3G1","114","400",,"THAYER",,"AVE","38.99438","-77.009","3D","    (38.9944, -77.009)"
"201589951","2304","260039316","09/08/2026 10:08:48 AM","09/06/2026 07:00:00 PM","09/08/2026 09:00:00 AM","23G","1","Crime Against Property","Theft of Motor Vehicle Parts or Accessories","LARCENY - AUTO PARTS","BETHESDA","9700 BLK  CORKRAN LA","BETHESDA","MD","20817","MCPD","Street - Residential","E","2E1","195","9700",,"CORKRAN",,"LA","39.01392","-77.1373","2D","    (39.0139, -77.1373)"
"201589934","2305","260039286",,"09/06/2026 07:00:00 PM","09/08/2026 07:00:00 AM","23F","1","Crime Against Property","Theft From Motor Vehicle","LARCENY - FROM AUTO","BETHESDA","10800 BLK  ANTIGUA TER","ROCKVILLE","MD","20852","MCPD","Parking Lot - Residential","E","2E1","189","10800",,"ANTIGUA",,"TER","0.0","0.0","2D","    (0.0, 0.0)"
"201590215","2303","260039127","09/06/2026 06:32:06 PM","09/06/2026 06:32:00 PM",,"23C","1","Crime Against Property","Shoplifting","LARCENY - SHOPLIFTING","GERMANTOWN","20900 BLK  FREDERICK RD","GERMANTOWN","MD","20876","MCPD","Retail - Department/Discount Store","M","5M1","701","20900",,"FREDERICK",,"RD","39.19829","-77.2448","5D","    (39.1983, -77.2448)"
"201589759","2303","260039120",,"09/06/2026 06:19:00 PM",,"23C","1","Crime Against Property","Shoplifting","LARCENY - SHOPLIFTING","GERMANTOWN","20900 BLK  FREDERICK RD","GERMANTOWN","MD","20876","MCPD","Retail - Department/Discount Store","M","5M1","701","20900",,"FREDERICK",,"RD","39.19829","-77.2448","5D","    (39.1983, -77.2448)"
"201590154","2303","260039570","09/09/2026 06:24:36 PM","09/06/2026 06:07:00 PM","09/06/2026 06:14:00 PM","23C","1","Crime Against Property","Shoplifting","LARCENY - SHOPLIFTING","BETHESDA","7100 BLK  DEMOCRACY BLV","BETHESDA","MD","20817","MCPD","Retail - Mall","E","2E2","204","7100",,"DEMOCRACY",,"BLV","39.02202","-77.1473","2D","    (39.022, -77.1473)"
"201590245","2402","260039645","09/10/2026 11:25:25 AM","09/06/2026 06:00:00 PM","09/09/2026 12:00:00 PM","240","1","Crime Against Property","Motor Vehicle Theft","AUTO THEFT - THEFT AND STRIP VEHICLE","WHEATON","2300 BLK  GLENMONT CIR","SILVER SPRING","MD","20902","MCPD","Parking Lot - Residential","L","4L1","366","2300",,"GLENMONT",,"CIR","39.05671","-77.0488","4D","    (39.0567, -77.0488)"
"201589767","9199","260039126","09/06/2026 05:55:40 PM","09/06/2026 05:55:00 PM",,"90Z","1","Crime Against Society","All Other Offenses","POLICE INFORMATION","GERMANTOWN","22700 BLK  CLARKSBURG RD","CLARKSBURG","MD","20871","MCPD","Retail - Other","N","5N3","466","22700",,"CLARKSBURG",,"RD","39.22855","-77.2888","5D","    (39.2285, -77.2888)"
"201590295","9107","260039712","09/10/2026 05:55:00 PM","09/06/2026 05:55:00 PM",,"90Z","1","Crime Against Society","All Other Offenses","MISSING PERSON","BETHESDA","11600 BLK  NEBEL ST","ROCKVILLE","MD","20852","MCPD","Shelter-Mission/Homeless","D","2D1","187","11600",,"NEBEL",,"ST","0.0","0.0","2D","    (0.0, 0.0)"
"201589762","9199","260039125","09/06/2026 05:49:10 PM","09/06/2026 05:49:00 PM",,"90Z","1","Crime Against Society","All Other Offenses","POLICE INFORMATION","WHEATON","11100 BLK  VEIRS MILL RD","SILVER SPRING","MD","20902","MCPD","Retail - Department/Discount Store","L","4L2","321","11100",,"VEIRS MILL",,"RD","39.03756","-77.0519","4D","    (39.0376, -77.0519)"
"201589770","1399","260039124","09/06/2026 05:47:29 PM","09/06/2026 05:35:00 PM","09/06/2026 05:40:00 PM","13B","2","Crime Against Person","Simple Assault","ASSAULT - 2ND DEGREE","BETHESDA","11700 BLK  ROCKVILLE PIK","ROCKVILLE","MD","20852","MCPD","Parking Lot - Commercial","E","2E1","188","11700",,"ROCKVILLE",,"PIK","39.04919","-77.1141","2D","    (39.0492, -77.1141)"
"201589768","9199","260039123","09/06/2026 05:16:30 PM","09/06/2026 05:16:00 PM",,"90Z","1","Crime Against Society","All Other Offenses","POLICE INFORMATION","MONTGOMERY VILLAGE","11000 BLK  MEDICAL CENTER DR","ROCKVILLE","MD","20850","MCPD","Street - Residential","P","6P1","721","11000",,"MEDICAL CENTER",,"DR","39.09862","-77.2043","6D","    (39.0986, -77.2043)"
"201589756","4104","260039115",,"09/06/2026 05:14:00 PM",,"90G","1","Crime Against Society","Liquor Law Violations","LIQUOR - POSSESS","SILVER SPRING",,"SILVER SPRING","MD","20903","MCPD","Liquor Store - Beer & Wine","G","3G3","133",,,"PINEY BRANCH",,"RD","38.98068","-77.0166","3D","    (38.9807, -77.0166)"
"201589766","9021","260039122","09/06/2026 05:11:47 PM","09/06/2026 05:11:00 PM",,"90I","1","Crime Against Not a Crime","Runaway","JUVENILE - RUNAWAY","ROCKVILLE","9300 BLK  MARSEILLE DR","POTOMAC","MD","20854","MCPD","Residence - Single Family","B","1B1","222","9300",,"MARSEILLE",,"DR","39.04286","-77.1902","1D","    (39.0429, -77.1902)"
"201589881","2305","260039236","09/07/2026 05:03:27 PM","09/06/2026 05:03:00 PM","09/07/2026 05:00:00 PM","23F","1","Crime Against Property","Theft From Motor Vehicle","LARCENY - FROM AUTO","TAKOMA PARK","500 BLK  BOSTON AVE","TAKOMA PARK","MD","20912","TPPD","Street - In vehicle","T","8T1","800","500",,"BOSTON",,"AVE","38.98517","-77.017","TPPD","    (38.9852, -77.017)"
"201589779","3605","260039121","09/06/2026 05:02:35 PM","09/06/2026 05:02:00 PM",,"90C","1","Crime Against Society","Disorderly Conduct","SEX OFFENSE - INDECENT EXPOSURE","GERMANTOWN","19800 BLK  CENTURY BLV","GERMANTOWN","MD","20874","MCPD","Restaurant","N","5N1","702","19800",,"CENTURY",,"BLV","0.0","0.0","5D","    (0.0, 0.0)"
"201589789","9021","260039155","09/06/2026 10:15:42 PM","09/06/2026 05:00:00 PM","09/06/2026 10:59:00 PM","90I","1","Crime Against Not a Crime","Runaway","JUVENILE - RUNAWAY","MONTGOMERY VILLAGE","17000 BLK  CATALPA CT","DERWOOD","MD","20855","MCPD","Residence - Other","R","6R3","665","17000",,"CATALPA",,"CT","39.13579","-77.1473","6D","    (39.1358, -77.1473)"
"201589871","2411","260039195","09/07/2026 10:36:18 AM","09/06/2026 05:00:00 PM","09/07/2026 11:00:00 AM","90Z","1","Crime Against Society","All Other Offenses","UNAUTHORIZED USE OF VEHICLE (INCLUDES JOY RIDING)","SILVER SPRING","800 BLK  UNIVERSITY BLV E","SILVER SPRING","MD","20903","MCPD","Residence - Single Family","G","3G3","131","800",,"UNIVERSITY","E","BLV","38.99729","-76.9937","3D","    (38.9973, -76.9937)"
"201589848","2902","260039200","09/07/2026 11:48:07 AM","09/06/2026 05:00:00 PM","09/07/2026 12:00:00 AM","290","1","Crime Against Property","Destruction/Damage/Vandalism of Property","DAMAGE PROPERTY - PRIVATE","BETHESDA","4800 BLK  RUGBY AVE","BETHESDA","MD","20814","MCPD","Street - Residential","D","2D2","049","4800",,"RUGBY",,"AVE","0.0","0.0","2D","    (0.0, 0.0)"
"201589760","5499","260039114","09/06/2026 04:05:24 PM","09/06/2026 04:05:00 PM",,"90Z","1","Crime Against Society","All Other Offenses","TRAFFIC OFFENSES (DESCRIBE OFFENSE)","TAKOMA PARK","1100 BLK  UNIVERSITY BLV E","TAKOMA PARK","MD","20912","TPPD","Parking Lot - Commercial","T","8T3","807","1100",,"UNIVERSITY","E","BLV","38.99242","-76.9911","TPPD","    (38.9924, -76.9911)"
"201590052","2305","260039441","09/08/2026 07:31:06 PM","09/06/2026 04:00:00 PM","09/08/2026 06:00:00 PM","23F","1","Crime Against Property","Theft From Motor Vehicle","LARCENY - FROM AUTO","BETHESDA","10800 BLK  ANTIGUA TER","ROCKVILLE","MD","20852","MCPD","Parking Lot - Residential","E","2E1","189","10800",,"ANTIGUA",,"TER","0.0","0.0","2D","    (0.0, 0.0)"
"201589750","5707","260039109","09/06/2026 03:49:28 PM","09/06/2026 03:49:00 PM","09/06/2026 04:00:00 PM","90J","1","Crime Against Society","Trespass of Real Property","TRESPASSING","ROCKVILLE","1300 BLK  ROCKVILLE PIK","ROCKVILLE","MD","20852","RCPD","Auto Dealership","A","1A2","273","1300",,"ROCKVILLE",,"PIK","39.06875","-77.1298","1D","    (39.0688, -77.1298)"
"201589755","9101","260039113","09/06/2026 03:40:58 PM","09/06/2026 03:40:00 PM",,"90Z","1","Crime Against Society","All Other Offenses","SUDDEN DEATH","BETHESDA","9700 BLK  RIVER RD","POTOMAC","MD","20854","MCPD","Residence - Single Family","E","2E2","218","9700",,"RIVER",,"RD","0.0","0.0","2D","    (0.0, 0.0)"
"201590323","2303","260039102","09/06/2026 03:15:41 PM","09/06/2026 03:15:00 PM",,"23C","1","Crime Against Property","Shoplifting","LARCENY - SHOPLIFTING","MONTGOMERY VILLAGE","1  BLK  GRAND CORNER AVE","GAITHERSBURG","MD","20878","GPD","Retail - Department/Discount Store","P","6P1","549","1",,"GRAND CORNER",,"AVE","39.11801","-77.2004","6D","    (39.118, -77.2004)"
"201589751","1313","260039104","09/06/2026 03:08:11 PM","09/06/2026 03:08:00 PM",,"13B","1","Crime Against Person","Simple Assault","ASSAULT - SIMPLE","WHEATON","12600 BLK  FARNELL DR","SILVER SPRING","MD","20906","MCPD","Residence - Yard","L","4L3","335","12600",,"FARNELL",,"DR","39.06149","-77.0618","4D","    (39.0615, -77.0618)"
"201589800","2902","260039154","09/06/2026 09:59:37 PM","09/06/2026 03:00:00 PM","09/06/2026 06:00:00 PM","290","1","Crime Against Property","Destruction/Damage/Vandalism of Property","DAMAGE PROPERTY - PRIVATE","BETHESDA","7500 BLK  HELMSDALE RD","BETHESDA","MD","20817","MCPD","Residence - Other","E","2E2","061","7500",,"HELMSDALE",,"RD","38.98682","-77.1487","2D","    (38.9868, -77.1487)"
"201589769","2301","260039130","09/06/2026 06:56:29 PM","09/06/2026 02:57:00 PM",,"23A","1","Crime Against Property","Pocket/picking","LARCENY - POCKET PICKING","MONTGOMERY VILLAGE","300 BLK  MUDDY BRANCH RD","GAITHERSBURG","MD","20878","MCPD","Retail - Salon/Spa","P","6P1","550","300",,"MUDDY BRANCH",,"RD","39.12862","-77.2086","6D","    (39.1286, -77.2086)"
"201589747","2399","260039097","09/06/2026 02:22:53 PM","09/06/2026 02:22:00 PM",,"23H","1","Crime Against Property","All other Larceny","LARCENY (DESCRIBE OFFENSE)","TAKOMA PARK","7400 BLK  NEW HAMPSHIRE AVE","TAKOMA PARK","MD","20912","TPPD","Hotel/Motel/Etc.","T","8T3","807","7400",,"NEW HAMPSHIRE",,"AVE","38.98337","-76.9883","TPPD","    (38.9834, -76.9883)"
"201589783","9113","260039107","09/06/2026 02:18:10 PM","09/06/2026 02:18:00 PM",,"90Z","1","Crime Against Society","All Other Offenses","MENTAL ILLNESS - EMERGENCY PETITION","MONTGOMERY VILLAGE","200 BLK  MUDDY BRANCH RD","GAITHERSBURG","MD","20878","GPD","Retail - Department/Discount Store","P","6P1","550","200",,"MUDDY BRANCH",,"RD","39.12986","-77.2076","6D","    (39.1299, -77.2076)"
"201589752","5404","260039096","09/06/2026 02:17:01 PM","09/06/2026 02:17:00 PM",,"90D","1","Crime Against Society","Driving Under the Influence","DRIVING UNDER THE INFLUENCE LIQUOR","WHEATON",,"BROOKEVILLE","MD","20832","MCPD","Street - In vehicle","K","4K3","540",,,"GEORGIA",,"AVE","39.10125","-77.0769","4D","    (39.1013, -77.0769)"
"201589899","2303","260039111","09/06/2026 03:51:14 PM","09/06/2026 01:58:00 PM",,"23C","1","Crime Against Property","Shoplifting","LARCENY - SHOPLIFTING","MONTGOMERY VILLAGE","700 BLK S FREDERICK AVE","GAITHERSBURG","MD","20877","GPD","Convenience Store","P","6P3","432","700","S","FREDERICK",,"AVE","39.12795","-77.1852","6D","    (39.1279, -77.1852)"
"201589744","1306","260039092","09/06/2026 01:39:07 PM","09/06/2026 01:39:00 PM",,"13A","1","Crime Against Person","Aggravated Assault","ASSAULT - AGGRAVATED - NON-FAMILY-STRONG-ARM","WHEATON","11000 BLK  VEIRS MILL RD","SILVER SPRING","MD","20902","MCPD","Street - Bus Stop","L","4L2","324","11000",,"VEIRS MILL",,"RD","39.03609","-77.05","4D","    (39.0361, -77.05)"
"201589744","1399","260039092","09/06/2026 01:39:07 PM","09/06/2026 01:39:00 PM",,"13B","1","Crime Against Person","Simple Assault","ASSAULT - 2ND DEGREE","WHEATON","11000 BLK  VEIRS MILL RD","SILVER SPRING","MD","20902","MCPD","Street - Bus Stop","L","4L2","324","11000",,"VEIRS MILL",,"RD","39.03609","-77.05","4D","    (39.0361, -77.05)"
"201589742","9021","260039088","09/06/2026 01:36:06 PM","09/06/2026 01:36:00 PM",,"90I","1","Crime Against Not a Crime","Runaway","JUVENILE - RUNAWAY","MONTGOMERY VILLAGE","15000 BLK  BROSCHART RD","ROCKVILLE","MD","20850","MCPD","School - Elementary/Secondary","P","6P1","721","15000",,"BROSCHART",,"RD","39.10179","-77.2003","6D","    (39.1018, -77.2003)"
"201589846","2104","260039091","09/06/2026 01:24:00 PM","09/06/2026 01:24:00 PM","09/06/2026 01:29:00 PM","210","1","Crime Against Property","Extortion/Blackmail","EXTORT - THREAT ACCUSE PERSON OF CRIME","WHEATON",,"SILVER SPRING","MD","20906","MCPD","Street - Commercial","L","4L1","332",,,"CONNECTICUT",,"AVE","39.0633","-77.0736","4D","    (39.0633, -77.0736)"
"201589743","1399","260039085","09/06/2026 01:01:31 PM","09/06/2026 01:01:00 PM",,"13B","2","Crime Against Person","Simple Assault","ASSAULT - 2ND DEGREE","BETHESDA","8500 BLK  16TH ST","SILVER SPRING","MD","20910","MCPD","Residence - Apartment/Condo","D","2D1","517","8500",,"16TH",,"ST","0.0","0.0","2D","    (0.0, 0.0)"
"201589748","2303","260039087","09/06/2026 12:49:34 PM","09/06/2026 12:49:00 PM","09/06/2026 01:30:00 PM","23C","1","Crime Against Property","Shoplifting","LARCENY - SHOPLIFTING","SILVER SPRING","12000 BLK  CHERRY HILL RD","SILVER SPRING","MD","20904","MCPD","Retail - Clothing","I","3I1","146","12000",,"CHERRY HILL",,"RD","39.05259","-76.9531","3D","    (39.0526, -76.9531)"
"201589861","2303","260039084","09/06/2026 12:39:57 PM","09/06/2026 12:39:00 PM",,"23C","1","Crime Against Property","Shoplifting","LARCENY - SHOPLIFTING","WHEATON","11100 BLK  VEIRS MILL RD","SILVER SPRING","MD","20902","MCPD","Retail - Mall","L","4L2","321","11100",,"VEIRS MILL",,"RD","39.03756","-77.0519","4D","    (39.0376, -77.0519)"
"201590630","2605","260039271","09/07/2026 09:43:37 PM","09/06/2026 12:00:00 PM",,"26B","1","Crime Against Property","Credit Card/Automatic Teller Machine Fraud","FRAUD - ILLEGAL USE CREDIT CARDS","SILVER SPRING","11000 BLK  CHILDS ST","SILVER SPRING","MD","20901","MCPD","Other/Unknown","I","3I3","152","11000",,"CHILDS",,"ST","0.0","0.0","3D","    (0.0, 0.0)"
"201590717","2404","260040273","09/14/2026 02:24:28 PM","09/06/2026 12:00:00 PM","09/14/2026 02:00:00 PM","240","1","Crime Against Property","Motor Vehicle Theft","AUTO THEFT - VEHICLE THEFT","GERMANTOWN","11400 BLK  HEREFORDSHIRE WAY","GERMANTOWN","MD","20876","MCPD","Parking Lot - Residential","M","5M1","471","11400",,"HEREFORDSHIRE",,"WAY","39.18531","-77.2375","5D","    (39.1853, -77.2375)"
"201589738","5707","260039081","09/06/2026 11:48:40 AM","09/06/2026 11:48:00 AM",,"90J","1","Crime Against Society","Trespass of Real Property","TRESPASSING","BETHESDA","3200 BLK  WOODBINE ST","CHEVY CHASE","MD","20815","MCPD","School - Elementary/Secondary","D","2D1","011","3200",,"WOODBINE",,"ST","38.9878","-77.0634","2D","    (38.9878, -77.0634)"
"201589738","2203","260039081","09/06/2026 11:48:40 AM","09/06/2026 11:48:00 AM",,"220","1","Crime Against Property","Burglary/Breaking and Entering","BURGLARY - FORCED ENTRY-NONRESIDENTIAL","BETHESDA","3200 BLK  WOODBINE ST","CHEVY CHASE","MD","20815","MCPD","School - Elementary/Secondary","D","2D1","011","3200",,"WOODBINE",,"ST","38.9878","-77.0634","2D","    (38.9878, -77.0634)"
"201589823","2303","260039077","09/06/2026 11:29:10 AM","09/06/2026 11:29:00 AM","09/06/2026 12:00:00 AM","23C","1","Crime Against Property","Shoplifting","LARCENY - SHOPLIFTING","SILVER SPRING","900 BLK  THAYER AVE","SILVER SPRING","MD","20910","MCPD","Grocery/Supermarket","G","3G1","670","900",,"THAYER",,"AVE","38.99304","-77.024","3D","    (38.993, -77.024)"
"201589749","3532","260039080",,"09/06/2026 11:09:00 AM",,"35A","1","Crime Against Society","Drug/Narcotic Violations","DRUGS - COCAINE - POSSESS","TAKOMA PARK","1300 BLK  UNIVERSITY BLV E","TAKOMA PARK","MD","20912","TPPD","Parking Lot - Commercial","T","8T3","807","1300",,"UNIVERSITY","E","BLV","39.03651","-77.0309","TPPD","    (39.0365, -77.0309)"
"201589734","9199","260039074","09/06/2026 10:21:43 AM","09/06/2026 10:21:00 AM",,"90Z","1","Crime Against Society","All Other Offenses","POLICE INFORMATION","BETHESDA","10400 BLK  MOTOR CITY DR","BETHESDA","MD","20817","MCPD","Residence - Apartment/Condo","E","2E2","520","10400",,"MOTOR CITY",,"DR","39.02649","-77.1439","2D","    (39.0265, -77.1439)"
"201589729","3532","260039069","09/06/2026 09:56:53 AM","09/06/2026 09:56:00 AM","09/06/2026 10:05:00 AM","35A","1","Crime Against Society","Drug/Narcotic Violations","DRUGS - COCAINE - POSSESS","MONTGOMERY VILLAGE","8300 BLK  FAIRHAVEN DR","GAITHERSBURG","MD","20877","MCPD","Street - Residential","P","6P3","551","8300",,"FAIRHAVEN",,"DR","39.14447","-77.171","6D","    (39.1445, -77.171)"
"201589726","9101","260039066","09/06/2026 09:25:37 AM","09/06/2026 09:25:00 AM",,"90Z","1","Crime Against Society","All Other Offenses","SUDDEN DEATH","SILVER SPRING","10500 BLK  NEW HAMPSHIRE AVE","SILVER SPRING","MD","20903","MCPD","Residence - Nursing Home","I","3I3","143","10500",,"NEW HAMPSHIRE",,"AVE","39.02708","-76.9819","3D","    (39.0271, -76.9819)"
"201589727","5309","260039064","09/06/2026 08:48:54 AM","09/06/2026 08:48:00 AM","09/06/2026 12:00:00 AM","90Z","1","Crime Against Society","All Other Offenses","PUBLIC PEACE - HARASSING COMMUNICATION","SILVER SPRING","1100 BLK  RIPLEY ST","SILVER SPRING","MD","20910","MCPD","Residence - Apartment/Condo","G","3G1","094","1100",,"RIPLEY",,"ST","38.99279","-77.0294","3D","    (38.9928, -77.0294)"
"201589728","9199","260039068","09/06/2026 09:47:18 AM","09/06/2026 08:10:00 AM","09/06/2026 08:15:00 AM","90Z","1","Crime Against Society","All Other Offenses","POLICE INFORMATION","BETHESDA","7100 BLK  NATELLI WOODS LA","BETHESDA","MD","20817","MCPD","Residence - Single Family","E","2E2","211","7100",,"NATELLI WOODS",,"LA","38.98434","-77.2019","2D","    (38.9843, -77.2019)"
"201589721","2399","260039061","09/06/2026 08:09:53 AM","09/06/2026 08:09:00 AM",,"23H","1","Crime Against Property","All other Larceny","LARCENY (DESCRIBE OFFENSE)","SILVER SPRING","8100 BLK  GEORGIA AVE","SILVER SPRING","MD","20910","MCPD","Shelter-Mission/Homeless","G","3G1","094","8100",,"GEORGIA",,"AVE","38.99065","-77.0267","3D","    (38.9907, -77.0267)"
"201589741","2205","260039060","09/06/2026 07:39:48 AM","09/06/2026 07:39:00 AM",,"220","1","Crime Against Property","Burglary/Breaking and Entering","BURGLARY - NO FORCED ENTRY-NONRESIDENTIAL","BETHESDA","4700 BLK  ROSEDALE AVE","BETHESDA","MD","20814","MCPD","Other/Unknown","D","2D2","044","4700",,"ROSEDALE",,"AVE","38.99275","-77.094","2D","    (38.9928, -77.094)"
"201589725","5707","260039058","09/06/2026 07:07:09 AM","09/06/2026 07:07:00 AM","09/06/2026 12:00:00 AM","90J","1","Crime Against Society","Trespass of Real Property","TRESPASSING","SILVER SPRING","1300 BLK  FENWICK LA","SILVER SPRING","MD","20910","MCPD","Residence - Apartment/Condo","G","3G1","095","1300",,"FENWICK",,"LA","38.99829","-77.0306","3D","    (38.9983, -77.0306)"
"201589719","2305","260039056","09/06/2026 06:28:00 AM","09/06/2026 05:40:00 AM","09/06/2026 06:02:00 AM","23F","1","Crime Against Property","Theft From Motor Vehicle","LARCENY - FROM AUTO","SILVER SPRING","2700 BLK  FAIRDALE TER","SILVER SPRING","MD","20905","MCPD","Street - In vehicle","I","3I2","384","2700",,"FAIRDALE",,"TER","39.09188","-76.956","3D","    (39.0919, -76.956)"
"201589715","9107","260039055","09/06/2026 05:05:55 AM","09/06/2026 05:05:00 AM",,"90Z","1","Crime Against Society","All Other Offenses","MISSING PERSON","WHEATON","11500 BLK  ELKIN ST","SILVER SPRING","MD","20902","MCPD","Residence - Apartment/Condo","L","4L1","358","11500",,"ELKIN",,"ST","0.0","0.0","4D","    (0.0, 0.0)"
"201589803","9199","260039054","09/06/2026 05:05:34 AM","09/06/2026 05:05:00 AM",,"90Z","1","Crime Against Society","All Other Offenses","POLICE INFORMATION","SILVER SPRING","900 BLK  BONIFANT ST","SILVER SPRING","MD","20910","MCPD","Bar/Night Club","G","3G1","670","900",,"BONIFANT",,"ST","38.99437","-77.0241","3D","    (38.9944, -77.0241)"
"201589933","5404","260039052","09/06/2026 04:47:30 AM","09/06/2026 04:40:00 AM",,"90D","1","Crime Against Society","Driving Under the Influence","DRIVING UNDER THE INFLUENCE LIQUOR","SILVER SPRING",,"BURTONSVILLE","MD","20866","MCPD","Street - In vehicle","I","3I2","383",,,"COLUMBIA",,"PIK","38.9762","-77.0072","3D","    (38.9762, -77.0072)"
"201589720","1103","260039053","09/06/2026 04:14:13 AM","09/06/2026 04:14:00 AM",,"11A","1","Crime Against Person","Forcible Rape","RAPE - STRONG-ARM","GERMANTOWN","19100 BLK  WILLOW SPRING DR","GERMANTOWN","MD","20874","MCPD","Residence -Townhouse/Duplex","N","5N1","447","19100",,"WILLOW SPRING",,"DR","39.16806","-77.2577","5D","    (39.1681, -77.2577)"
"201589771","2305","260039133","09/06/2026 07:09:25 PM","09/06/2026 03:55:00 AM",,"23F","1","Crime Against Property","Theft From Motor Vehicle","LARCENY - FROM AUTO","MONTGOMERY VILLAGE","900 BLK  CLOPPER RD","GAITHERSBURG","MD","20878","MCPD","Parking Lot - Residential","P","6P2","593","900",,"CLOPPER",,"RD","39.14601","-77.2282","6D","    (39.146, -77.2282)"
"201589867","2304","260039219","09/07/2026 03:15:56 PM","09/06/2026 03:54:00 AM","09/06/2026 01:00:00 PM","23G","1","Crime Against Property","Theft of Motor Vehicle Parts or Accessories","LARCENY - AUTO PARTS","BETHESDA","9700 BLK  WINDFLOWER WAY","BETHESDA","MD","20817","MCPD","Residence - Driveway","E","2E1","195","9700",,"WINDFLOWER",,"WAY","39.0144","-77.1433","2D","    (39.0144, -77.1433)"
"201589723","2304","260039063","09/06/2026 08:48:51 AM","09/06/2026 03:45:00 AM","09/06/2026 03:55:00 AM","23G","1","Crime Against Property","Theft of Motor Vehicle Parts or Accessories","LARCENY - AUTO PARTS","BETHESDA","6900 BLK  RENITA LA","BETHESDA","MD","20817","MCPD","Street - Residential","E","2E1","195","6900",,"RENITA",,"LA","39.0141","-77.1387","2D","    (39.0141, -77.1387)"
"201589717","7399","260039048","09/06/2026 03:05:49 AM","09/06/2026 03:00:00 AM","09/06/2026 03:05:00 AM","90Z","1","Crime Against Society","All Other Offenses","PUBLIC ORDER CRIMES","BETHESDA","4900 BLK  ST ELMO AVE","BETHESDA","MD","20814","MCPD","Parking Garage - County","D","2D2","048","4900",,"ST ELMO",,"AVE","0.0","0.0","2D","    (0.0, 0.0)"
"201589736","2999","260039072","09/06/2026 10:02:07 AM","09/06/2026 03:00:00 AM",,"290","1","Crime Against Property","Destruction/Damage/Vandalism of Property","DAMAGE PROPERTY (DESCRIBE OFFENSE)","GERMANTOWN","25200 BLK  TRALEE CT","DAMASCUS","MD","20872","MCPD","Street - Residential","M","5M2","481","25200",,"TRALEE",,"CT","0.0","0.0","5D","    (0.0, 0.0)"
"201589896","5404","260039049","09/06/2026 02:49:52 AM","09/06/2026 02:49:00 AM",,"90D","1","Crime Against Society","Driving Under the Influence","DRIVING UNDER THE INFLUENCE LIQUOR","MONTGOMERY VILLAGE","1000 BLK  TRAVIS LA","GAITHERSBURG","MD","20879","GPD","Street - In vehicle","R","6R2","545","1000",,"TRAVIS",,"LA","39.16074","-77.2157","6D","    (39.1607, -77.2157)"
"201589839","2304","260039128","09/06/2026 06:46:44 PM","09/06/2026 02:00:00 AM","09/06/2026 05:00:00 AM","23G","1","Crime Against Property","Theft of Motor Vehicle Parts or Accessories","LARCENY - AUTO PARTS","BETHESDA","10300 BLK  ST ALBANS DR","BETHESDA","MD","20814","MCPD","Street - Residential","E","2E1","191","10300",,"ST ALBANS",,"DR","39.02585","-77.1162","2D","    (39.0258, -77.1162)"
"201590683","9199","260039051",,"09/06/2026 02:00:00 AM",,"90Z","1","Crime Against Society","All Other Offenses","POLICE INFORMATION","WHEATON",,"SILVER SPRING","MD","20905","MCPD","Street - Residential","K","4K2","386",,,"SPOTSWOOD",,"DR","39.11807","-76.987","4D","    (39.1181, -76.987)"
"201589706","1399","260039046","09/06/2026 01:40:49 AM","09/06/2026 01:40:00 AM",,"13B","2","Crime Against Person","Simple Assault","ASSAULT - 2ND DEGREE","MONTGOMERY VILLAGE","18300 BLK  STREAMSIDE DR","GAITHERSBURG","MD","20879","MCPD","Residence - Apartment/Condo","R","6R3","420","18300",,"STREAMSIDE",,"DR","39.15484","-77.1691","6D","    (39.1548, -77.1691)"
"201589794","4802","260039047","09/06/2026 01:38:18 AM","09/06/2026 01:38:00 AM","09/06/2026 01:38:00 AM","90Z","1","Crime Against Society","All Other Offenses","OBSTRUCT POLICE - OBSTRUCT CRIMINAL INVEST","SILVER SPRING","11200 BLK  NEW HAMPSHIRE AVE","SILVER SPRING","MD","20904","MCPD","Street - Commercial","I","3I1","518","11200",,"NEW HAMPSHIRE",,"AVE","39.03978","-76.9906","3D","    (39.0398, -76.9906)"
"201589806","5404","260039045","09/06/2026 01:22:43 AM","09/06/2026 01:22:00 AM",,"90D","1","Crime Against Society","Driving Under the Influence","DRIVING UNDER THE INFLUENCE LIQUOR","MONTGOMERY VILLAGE","100 BLK N SUMMIT AVE","GAITHERSBURG","MD","20877","GPD","Street - In vehicle","P","6P3","419","100","N","SUMMIT",,"AVE","39.13915","-77.1939","6D","    (39.1392, -77.1939)"
"201589793","3562","260039042",,"09/06/2026 12:34:00 AM",,"35A","1","Crime Against Society","Drug/Narcotic Violations","DRUGS - MARIJUANA - POSSESS","SILVER SPRING","4500 BLK  SANDY SPRING RD","BURTONSVILLE","MD","20866","MCPD","Street - In vehicle","I","3I2","382","4500",,"SANDY SPRING",,"RD","39.10631","-76.9187","3D","    (39.1063, -76.9187)"
"201589863","9199","260039110","09/06/2026 03:24:33 PM","09/06/2026 12:00:00 AM",,"90Z","1","Crime Against Society","All Other Offenses","POLICE INFORMATION","BETHESDA","7100 BLK  CLARENDON RD","BETHESDA","MD","20814","MCPD","Residence - Apartment/Condo","D","2D2","032","7100",,"CLARENDON",,"RD","38.98077","-77.1007","2D","    (38.9808, -77.1007)"
"201589777","2304","260039134","09/06/2026 07:21:36 PM","09/06/2026 12:00:00 AM","09/06/2026 10:00:00 AM","23G","1","Crime Against Property","Theft of Motor Vehicle Parts or Accessories","LARCENY - AUTO PARTS","BETHESDA","5800 BLK  KINGSWOOD RD","BETHESDA","MD","20814","MCPD","Street - Residential","E","2E1","192","5800",,"KINGSWOOD",,"RD","39.01857","-77.1156","2D","    (39.0186, -77.1156)"
"201589782","9199","260039147","09/06/2026 08:09:30 PM","09/06/2026 12:00:00 AM",,"90Z","1","Crime Against Society","All Other Offenses","POLICE INFORMATION","BETHESDA","4500 BLK  WILLARD AVE","CHEVY CHASE","MD","20815","MCPD","Residence - Apartment/Condo","D","2D2","516","4500",,"WILLARD",,"AVE","38.96208","-77.0889","2D","    (38.9621, -77.0889)"
"201589864","9113","260039139","09/06/2026 05:32:39 PM","09/06/2026 12:00:00 AM",,"90Z","1","Crime Against Society","All Other Offenses","MENTAL ILLNESS - EMERGENCY PETITION","BETHESDA","9500 BLK  BEMAN WOODS WAY","POTOMAC","MD","20854","MCPD","Community Center","E","2E2","211","9500",,"BEMAN WOODS",,"WAY","38.99256","-77.1945","2D","    (38.9926, -77.1945)"
"201589792","5311","260039157","09/05/2026 11:59:39 PM","09/05/2026 11:59:00 PM",,"90C","1","Crime Against Society","Disorderly Conduct","PUBLIC PEACE - DISORDERLY CONDUCT","MONTGOMERY VILLAGE","900 BLK  CLOPPER RD","GAITHERSBURG","MD","20878","GPD","Residence - Apartment/Condo","P","6P2","593","900",,"CLOPPER",,"RD","39.14601","-77.2282","6D","    (39.146, -77.2282)"
"201589701","1399","260039036","09/05/2026 11:23:08 PM","09/05/2026 11:23:00 PM",,"13B","1","Crime Against Person","Simple Assault","ASSAULT - 2ND DEGREE","SILVER SPRING","2100 BLK  DARCY GREEN PL","SILVER SPRING","MD","20910","MCPD","Residence -Townhouse/Duplex","G","3G2","175","2100",,"DARCY GREEN",,"PL","39.01716","-77.0461","3D","    (39.0172, -77.0461)"
"201589699","1399","260039037","09/05/2026 11:19:38 PM","09/05/2026 11:19:00 PM",,"13B","1","Crime Against Person","Simple Assault","ASSAULT - 2ND DEGREE","GERMANTOWN","13300 BLK  DOVEDALE WAY","GERMANTOWN","MD","20874","MCPD","Residence - Apartment/Condo","N","5N2","448","13300",,"DOVEDALE",,"WAY","39.15664","-77.2766","5D","    (39.1566, -77.2766)"
"201589712","1399","260039038","09/05/2026 11:15:22 PM","09/05/2026 11:15:00 PM",,"13B","1","Crime Against Person","Simple Assault","ASSAULT - 2ND DEGREE","GERMANTOWN","19200 BLK  CIRCLE GATE DR","GERMANTOWN","MD","20874","MCPD","Residence - Apartment/Condo","N","5N1","447","19200",,"CIRCLE GATE",,"DR","39.1692","-77.2652","5D","    (39.1692, -77.2652)"
"201589816","2902","260039062","09/06/2026 08:29:13 AM","09/05/2026 11:00:00 PM","09/06/2026 06:00:00 AM","290","1","Crime Against Property","Destruction/Damage/Vandalism of Property","DAMAGE PROPERTY - PRIVATE","SILVER SPRING","8700 BLK  1ST AVE","SILVER SPRING","MD","20910","MCPD","Parking Garage - Residential","G","3G1","095","8700",,"1ST",,"AVE","0.0","0.0","3D","    (0.0, 0.0)"
"201589739","2902","260039057","09/06/2026 05:25:45 AM","09/05/2026 11:00:00 PM","09/06/2026 05:00:00 PM","290","1","Crime Against Property","Destruction/Damage/Vandalism of Property","DAMAGE PROPERTY - PRIVATE","SILVER SPRING","3500 BLK  SHEFFIELD MANOR TER","SILVER SPRING","MD","20904","MCPD","Parking Lot - Residential","I","3I2","380","3500",,"SHEFFIELD MANOR",,"TER","39.08128","-76.9354","3D","    (39.0813, -76.9354)"
"201589697","9101","260039033","09/05/2026 10:42:50 PM","09/05/2026 10:42:00 PM",,"90Z","1","Crime Against Society","All Other Offenses","SUDDEN DEATH","BETHESDA","5600 BLK  WISCONSIN AVE","CHEVY CHASE","MD","20815","MCPD","Residence - Apartment/Condo","D","2D2","017","5600",,"WISCONSIN",,"AVE","38.96546","-77.088","2D","    (38.9655, -77.088)"
"201589809","9099","260039028","09/05/2026 10:27:19 PM","09/05/2026 10:27:00 PM",,"90Z","1","Crime Against Society","All Other Offenses","ALL OTHER OFFENSES","MONTGOMERY VILLAGE",,"GAITHERSBURG","MD","20877","GPD","Street - In vehicle","P","6P2","428",,"W","DIAMOND",,"AVE","39.14047","-77.2024","6D","    (39.1405, -77.2024)"
"201589690","9199","260039029","09/05/2026 10:15:06 PM","09/05/2026 10:15:00 PM",,"90Z","1","Crime Against Society","All Other Offenses","POLICE INFORMATION","GERMANTOWN","23600 BLK  TREGONING DR","CLARKSBURG","MD","20871","MCPD","Residence - Single Family","M","5M3","506","23600",,"TREGONING",,"DR","39.24434","-77.247","5D","    (39.2443, -77.247)"
"201589784","9199","260039026","09/05/2026 10:05:50 PM","09/05/2026 10:05:00 PM",,"90Z","1","Crime Against Society","All Other Offenses","POLICE INFORMATION","MONTGOMERY VILLAGE","200 BLK  PROFESSIONAL DR","GAITHERSBURG","MD","20879","GPD","Street - In vehicle","P","6P2","425","200",,"PROFESSIONAL",,"DR","39.16322","-77.227","6D","    (39.1632, -77.227)"
"201590391","2304","260039117","09/06/2026 04:56:10 PM","09/05/2026 10:00:00 PM","09/06/2026 10:40:00 AM","23G","1","Crime Against Property","Theft of Motor Vehicle Parts or Accessories","LARCENY - AUTO PARTS","BETHESDA","9100 BLK  KIRKDALE RD","BETHESDA","MD","20817","MCPD","Residence - Driveway","E","2E1","068","9100",,"KIRKDALE",,"RD","39.00628","-77.1308","2D","    (39.0063, -77.1308)"
"201589709","9113","260039025","09/05/2026 09:52:47 PM","09/05/2026 09:52:00 PM",,"90Z","1","Crime Against Society","All Other Offenses","MENTAL ILLNESS - EMERGENCY PETITION","GERMANTOWN","20400 BLK  APPLE HARVEST CIR","GERMANTOWN","MD","20876","MCPD","Residence - Apartment/Condo","M","5M1","468","20400",,"APPLE HARVEST",,"CIR","39.18986","-77.2426","5D","    (39.1899, -77.2426)"
"201589700","9113","260039023","09/05/2026 09:37:49 PM","09/05/2026 09:36:00 PM","09/05/2026 10:35:00 PM","90Z","1","Crime Against Society","All Other Offenses","MENTAL ILLNESS - EMERGENCY PETITION","ROCKVILLE","200 BLK  ROCKVILLE PIK","ROCKVILLE","MD","20850","RCPD","Parking Lot - Metro","A","1A1","275","200",,"ROCKVILLE",,"PIK","39.08519","-77.1482","1D","    (39.0852, -77.1482)"
"201589702","9099","260039040",,"09/05/2026 09:08:00 PM",,"90Z","1","Crime Against Society","All Other Offenses","ALL OTHER OFFENSES","MONTGOMERY VILLAGE",,"GAITHERSBURG","MD","20879","MCPD","Street - In vehicle","R","6R3","420",,,"CHERRY LAUREL",,"LA","39.16065","-77.1655","6D","    (39.1606, -77.1655)"
"201589730","2305","260039071","09/06/2026 10:40:00 AM","09/05/2026 09:00:00 PM","09/06/2026 10:30:00 AM","23F","1","Crime Against Property","Theft From Motor Vehicle","LARCENY - FROM AUTO","SILVER SPRING","3300 BLK  HAMPTON POINT DR","SILVER SPRING","MD","20904","MCPD","Parking Lot - Residential","I","3I2","380","3300",,"HAMPTON POINT",,"DR","39.07836","-76.9411","3D","    (39.0784, -76.9411)"
"201590877","2303","260040469",,"09/05/2026 08:59:00 PM",,"23C","1","Crime Against Property","Shoplifting","LARCENY - SHOPLIFTING","GERMANTOWN","21000 BLK  FREDERICK RD","GERMANTOWN","MD","20876","MCPD","Retail - Department/Discount Store","M","5M1","701","21000",,"FREDERICK",,"RD","39.20034","-77.2452","5D","    (39.2003, -77.2452)"
"201589686","5707","260039020","09/05/2026 08:27:59 PM","09/05/2026 08:27:00 PM","09/05/2026 08:52:00 PM","90J","1","Crime Against Society","Trespass of Real Property","TRESPASSING","ROCKVILLE","100 BLK  ROLLINS AVE","ROCKVILLE","MD","20852","RCPD","Convenience Store","A","1A2","269","100",,"ROLLINS",,"AVE","39.05883","-77.1213","1D","    (39.0588, -77.1213)"
"201589692","9108","260039018","09/05/2026 08:20:04 PM","09/05/2026 08:20:00 PM",,"90Z","1","Crime Against Society","All Other Offenses","RECOVERED PROPERTY - MONT CO.","SILVER SPRING","15500 BLK  OLD COLUMBIA PIKE PIK","BURTONSVILLE","MD","20866","MCPD","Parking Lot - Commercial","I","3I2","383","15500",,"OLD COLUMBIA PIKE",,"PIK","0.0","0.0","3D","    (0.0, 0.0)"
"201589679","9199","260039021","09/05/2026 08:09:17 PM","09/05/2026 08:00:00 PM","09/05/2026 12:00:00 AM","90Z","1","Crime Against Society","All Other Offenses","POLICE INFORMATION","ROCKVILLE","2100 BLK  WOOTTON PKW","ROCKVILLE","MD","20850","RCPD","Parking Lot - School","B","1B1","238","2100",,"WOOTTON",,"PKW","39.07499","-77.1822","1D","    (39.075, -77.1822)"
"201590086","2304","260039089","09/06/2026 01:37:20 PM","09/05/2026 08:00:00 PM","09/06/2026 09:30:00 AM","23G","1","Crime Against Property","Theft of Motor Vehicle Parts or Accessories","LARCENY - AUTO PARTS","BETHESDA","9700 BLK  HOLMHURST RD","BETHESDA","MD","20817","MCPD","Street - Residential","E","2E1","194","9700",,"HOLMHURST",,"RD","39.01437","-77.1309","2D","    (39.0144, -77.1309)"
"201590422","2303","260039885","09/11/2026 03:20:13 PM","09/05/2026 07:58:00 PM","09/05/2026 08:03:00 PM","23C","1","Crime Against Property","Shoplifting","LARCENY - SHOPLIFTING","SILVER SPRING","8500 BLK  FENTON ST","SILVER SPRING","MD","20910","MCPD","Retail - Beauty/Barber Shop","G","3G1","109","8500",,"FENTON",,"ST","38.9954","-77.0244","3D","    (38.9954, -77.0244)"
"201589758","1399","260039019","09/05/2026 07:55:12 PM","09/05/2026 07:55:00 PM",,"13B","1","Crime Against Person","Simple Assault","ASSAULT - 2ND DEGREE","WHEATON","4200 BLK  SUNDOWN RD","GAITHERSBURG","MD","20882","MCPD","Parking Lot - Other","K","4K3","633","4200",,"SUNDOWN",,"RD","39.22235","-77.0835","4D","    (39.2223, -77.0835)"
"201589735","2303","260039016","09/05/2026 07:23:51 PM","09/05/2026 07:23:00 PM",,"23C","1","Crime Against Property","Shoplifting","LARCENY - SHOPLIFTING","GERMANTOWN","20900 BLK  FREDERICK RD","GERMANTOWN","MD","20876","MCPD","Retail - Other","M","5M1","701","20900",,"FREDERICK",,"RD","39.19829","-77.2448","5D","    (39.1983, -77.2448)"
"201589746","2304","260039100","09/06/2026 02:47:42 PM","09/05/2026 07:00:00 PM","09/06/2026 01:00:00 PM","23G","1","Crime Against Property","Theft of Motor Vehicle Parts or Accessories","LARCENY - AUTO PARTS","SILVER SPRING","8700 BLK  CARROLL AVE","SILVER SPRING","MD","20903","MCPD","Street - Residential","G","3G3","132","8700",,"CARROLL",,"AVE","38.99718","-76.9918","3D","    (38.9972, -76.9918)"
"201589754","2304","260039118","09/06/2026 03:50:25 PM","09/05/2026 07:00:00 PM","09/06/2026 03:00:00 PM","23G","1","Crime Against Property","Theft of Motor Vehicle Parts or Accessories","LARCENY - AUTO PARTS","SILVER SPRING","1700 BLK  ELTON RD","SILVER SPRING","MD","20903","MCPD","Parking Lot - Residential","I","3I3","140","1700",,"ELTON",,"RD","0.0","0.0","3D","    (0.0, 0.0)"
"201590407","2902","260039106","09/06/2026 03:19:24 PM","09/05/2026 07:00:00 PM","09/06/2026 12:30:00 PM","290","1","Crime Against Property","Destruction/Damage/Vandalism of Property","DAMAGE PROPERTY - PRIVATE","MONTGOMERY VILLAGE","9000 BLK  WARFIELD RD","MONTGOMERY VILLAGE","MD","20886","MCPD","Church/Synagogue/Temple","R","6R2","508","9000",,"WARFIELD",,"RD","39.19476","-77.1848","6D","    (39.1948, -77.1848)"
"201589753","2399","260039013","09/05/2026 06:50:00 PM","09/05/2026 06:50:00 PM",,"23H","1","Crime Against Property","All other Larceny","LARCENY (DESCRIBE OFFENSE)","ROCKVILLE","5700 BLK  BOU AVE","ROCKVILLE","MD","20852","MCPD","Retail - Department/Discount Store","A","1A2","735","5700",,"BOU",,"AVE","0.0","0.0","1D","    (0.0, 0.0)"
"201589670","1399","260039012","09/05/2026 06:22:26 PM","09/05/2026 06:22:00 PM",,"13B","1","Crime Against Person","Simple Assault","ASSAULT - 2ND DEGREE","BETHESDA","5200 BLK  NICHOLSON LA","KENSINGTON","MD","20895","MCPD","Parking Lot - Commercial","D","2D1","186","5200",,"NICHOLSON",,"LA","39.04543","-77.1049","2D","    (39.0454, -77.1049)"
"201589763","2411","260039008","09/05/2026 06:19:33 PM","09/05/2026 06:19:00 PM",,"90Z","1","Crime Against Society","All Other Offenses","UNAUTHORIZED USE OF VEHICLE (INCLUDES JOY RIDING)","MONTGOMERY VILLAGE","700 BLK  QUINCE ORCHARD RD","GAITHERSBURG","MD","20878","MCPD","Street - In vehicle","P","6P2","554","700",,"QUINCE ORCHARD",,"RD","39.13631","-77.2231","6D","    (39.1363, -77.2231)"
"201589703","9113","260039010","09/05/2026 06:18:40 PM","09/05/2026 06:10:00 PM","09/05/2026 06:20:00 PM","90Z","1","Crime Against Society","All Other Offenses","MENTAL ILLNESS - EMERGENCY PETITION","ROCKVILLE","300 BLK  MARTINS LA","ROCKVILLE","MD","20850","RCPD","Pool","A","1A1","251","300",,"MARTINS",,"LA","39.09268","-77.1594","1D","    (39.0927, -77.1594)"
"201589663","9199","260039003","09/05/2026 05:40:44 PM","09/05/2026 05:40:00 PM",,"90Z","1","Crime Against Society","All Other Offenses","POLICE INFORMATION","GERMANTOWN","12900 BLK  FALLING WATER CIR","GERMANTOWN","MD","20874","MCPD","Residence - Apartment/Condo","N","5N1","702","12900",,"FALLING WATER",,"CIR","39.18591","-77.2658","5D","    (39.1859, -77.2658)"
"201589668","9106","260039005","09/05/2026 05:36:44 PM","09/05/2026 05:36:00 PM",,"90Z","1","Crime Against Society","All Other Offenses","MENTAL ILLNESS","ROCKVILLE","8400 BLK  TUCKERMAN LA","POTOMAC","MD","20854","MCPD","Residence - Single Family","B","1B1","222","8400",,"TUCKERMAN",,"LA","39.04098","-77.1727","1D","    (39.041, -77.1727)"
"201589705","2303","260039002","09/05/2026 05:25:38 PM","09/05/2026 05:25:00 PM",,"23C","1","Crime Against Property","Shoplifting","LARCENY - SHOPLIFTING","MONTGOMERY VILLAGE","1  BLK  GRAND CORNER AVE","GAITHERSBURG","MD","20878","GPD","Retail - Sporting Goods","P","6P1","549","1",,"GRAND CORNER",,"AVE","39.11801","-77.2004","6D","    (39.118, -77.2004)"
"201589705","4801","260039002","09/05/2026 05:25:38 PM","09/05/2026 05:25:00 PM",,"90Z","1","Crime Against Society","All Other Offenses","OBSTRUCT POLICE - RESISTING OFFICER","MONTGOMERY VILLAGE","1  BLK  GRAND CORNER AVE","GAITHERSBURG","MD","20878","GPD","Retail - Sporting Goods","P","6P1","549","1",,"GRAND CORNER",,"AVE","39.11801","-77.2004","6D","    (39.118, -77.2004)"
"201589671","2303","260039004","09/05/2026 05:52:56 PM","09/05/2026 05:25:00 PM","09/05/2026 05:40:00 PM","23C","1","Crime Against Property","Shoplifting","LARCENY - SHOPLIFTING","WHEATON","11100 BLK  VEIRS MILL RD","SILVER SPRING","MD","20902","MCPD","Retail - Department/Discount Store","L","4L2","321","11100",,"VEIRS MILL",,"RD","39.03756","-77.0519","4D","    (39.0376, -77.0519)"
"201589705","4802","260039002","09/05/2026 05:25:38 PM","09/05/2026 05:25:00 PM",,"90Z","1","Crime Against Society","All Other Offenses","OBSTRUCT POLICE - OBSTRUCT CRIMINAL INVEST","MONTGOMERY VILLAGE","1  BLK  GRAND CORNER AVE","GAITHERSBURG","MD","20878","GPD","Retail - Sporting Goods","P","6P1","549","1",,"GRAND CORNER",,"AVE","39.11801","-77.2004","6D","    (39.118, -77.2004)"
"201589761","2999","260039006","09/05/2026 05:23:38 PM","09/05/2026 05:23:00 PM",,"290","1","Crime Against Property","Destruction/Damage/Vandalism of Property","DAMAGE PROPERTY (DESCRIBE OFFENSE)","WHEATON","15400 BLK  NEW HAMPSHIRE AVE","SILVER SPRING","MD","20905","MCPD","Grocery/Supermarket","K","4K2","386","15400",,"NEW HAMPSHIRE",,"AVE","39.10862","-76.998","4D","    (39.1086, -76.998)"
"201589761","1399","260039006","09/05/2026 05:23:38 PM","09/05/2026 05:23:00 PM",,"13B","1","Crime Against Person","Simple Assault","ASSAULT - 2ND DEGREE","WHEATON","15400 BLK  NEW HAMPSHIRE AVE","SILVER SPRING","MD","20905","MCPD","Grocery/Supermarket","K","4K2","386","15400",,"NEW HAMPSHIRE",,"AVE","39.10862","-76.998","4D","    (39.1086, -76.998)"
"201589675","5404","260039017","09/05/2026 05:10:36 PM","09/05/2026 05:08:00 PM",,"90D","1","Crime Against Society","Driving Under the Influence","DRIVING UNDER THE INFLUENCE LIQUOR","SILVER SPRING",,"BURTONSVILLE","MD","20866","MCPD","Street - In vehicle","I","3I2","384",,,"GREENCASTLE",,"RD","39.09331","-76.9321","3D","    (39.0933, -76.9321)"
"201589776","2399","260039131","09/06/2026 07:04:34 PM","09/05/2026 05:00:00 PM","09/05/2026 06:00:00 PM","23H","1","Crime Against Property","All other Larceny","LARCENY (DESCRIBE OFFENSE)","ROCKVILLE","900 BLK  NELSON ST","ROCKVILLE","MD","20850","RCPD","Park","A","1A1","246","900",,"NELSON",,"ST","39.09381","-77.1722","1D","    (39.0938, -77.1722)"
"201589961","2399","260039310","09/08/2026 09:52:09 AM","09/05/2026 04:58:00 PM",,"23H","1","Crime Against Property","All other Larceny","LARCENY (DESCRIBE OFFENSE)","ROCKVILLE","16100 BLK  FREDERICK RD","DERWOOD","MD","20855","MCPD","Street - Commercial","A","1A1","439","16100",,"FREDERICK",,"RD","39.11913","-77.1718","1D","    (39.1191, -77.1718)"
"201589694","9053","260038997","09/05/2026 04:50:50 PM","09/05/2026 04:50:00 PM",,"90Z","1","Crime Against Society","All Other Offenses","LITTERING/TRASH DUMPING","SILVER SPRING","11300 BLK  LOCKWOOD DR","SILVER SPRING","MD","20904","MCPD","Street - Bus Stop","I","3I1","145","11300",,"LOCKWOOD",,"DR","39.03998","-76.9901","3D","    (39.04, -76.9901)"
"201589685","9053","260039000","09/05/2026 05:23:38 PM","09/05/2026 04:40:00 PM",,"90Z","1","Crime Against Society","All Other Offenses","LITTERING/TRASH DUMPING","MONTGOMERY VILLAGE","9600 BLK  LOST KNIFE RD","GAITHERSBURG","MD","20877","GPD","Street - Bus Stop","R","6R1","505","9600",,"LOST KNIFE",,"RD","39.15237","-77.1983","6D","    (39.1524, -77.1983)"
"201589685","5311","260039000","09/05/2026 05:23:38 PM","09/05/2026 04:40:00 PM",,"90C","1","Crime Against Society","Disorderly Conduct","PUBLIC PEACE - DISORDERLY CONDUCT","MONTGOMERY VILLAGE","9600 BLK  LOST KNIFE RD","GAITHERSBURG","MD","20877","GPD","Street - Bus Stop","R","6R1","505","9600",,"LOST KNIFE",,"RD","39.15237","-77.1983","6D","    (39.1524, -77.1983)"
"201589685","3605","260039000","09/05/2026 05:23:38 PM","09/05/2026 04:40:00 PM",,"90C","1","Crime Against Society","Disorderly Conduct","SEX OFFENSE - INDECENT EXPOSURE","MONTGOMERY VILLAGE","9600 BLK  LOST KNIFE RD","GAITHERSBURG","MD","20877","GPD","Street - Bus Stop","R","6R1","505","9600",,"LOST KNIFE",,"RD","39.15237","-77.1983","6D","    (39.1524, -77.1983)"
"201589685","1399","260039000","09/05/2026 05:23:38 PM","09/05/2026 04:40:00 PM",,"13B","1","Crime Against Person","Simple Assault","ASSAULT - 2ND DEGREE","MONTGOMERY VILLAGE","9600 BLK  LOST KNIFE RD","GAITHERSBURG","MD","20877","GPD","Street - Bus Stop","R","6R1","505","9600",,"LOST KNIFE",,"RD","39.15237","-77.1983","6D","    (39.1524, -77.1983)"
"201589666","1399","260038999","09/05/2026 04:22:05 PM","09/05/2026 04:22:00 PM",,"13B","1","Crime Against Person","Simple Assault","ASSAULT - 2ND DEGREE","ROCKVILLE","9900 BLK  ALTA SPRINGS WAY","ROCKVILLE","MD","20850","MCPD","Residence -Townhouse/Duplex","B","1B1","237","9900",,"ALTA SPRINGS",,"WAY","39.0875","-77.21","1D","    (39.0875, -77.21)"
"201589790","2303","260038990",,"09/05/2026 04:20:00 PM",,"23C","1","Crime Against Property","Shoplifting","LARCENY - SHOPLIFTING","SILVER SPRING","12000 BLK  CHERRY HILL RD","SILVER SPRING","MD","20904","MCPD","Retail - Department/Discount Store","I","3I1","146","12000",,"CHERRY HILL",,"RD","39.05259","-76.9531","3D","    (39.0526, -76.9531)"
"201589722","2404","260039059","09/06/2026 07:08:28 AM","09/05/2026 04:00:00 PM","09/06/2026 06:00:00 AM","240","1","Crime Against Property","Motor Vehicle Theft","AUTO THEFT - VEHICLE THEFT","SILVER SPRING","14800 BLK  CROSSWOOD TER","BURTONSVILLE","MD","20866","MCPD","Residence - Driveway","I","3I2","381","14800",,"CROSSWOOD",,"TER","39.09674","-76.9225","3D","    (39.0967, -76.9225)"
"201589672","2303","260038992","09/05/2026 03:54:15 PM","09/05/2026 03:54:00 PM","09/05/2026 03:54:00 PM","23C","1","Crime Against Property","Shoplifting","LARCENY - SHOPLIFTING","WHEATON","11100 BLK  VEIRS MILL RD","SILVER SPRING","MD","20902","MCPD","Retail - Department/Discount Store","L","4L2","321","11100",,"VEIRS MILL",,"RD","39.03756","-77.0519","4D","    (39.0376, -77.0519)"
"201589662","5707","260038985","09/05/2026 03:37:07 PM","09/05/2026 03:36:00 PM",,"90J","1","Crime Against Society","Trespass of Real Property","TRESPASSING","MONTGOMERY VILLAGE","200 BLK  MUDDY BRANCH RD","GAITHERSBURG","MD","20878","GPD","Retail - Other","P","6P1","550","200",,"MUDDY BRANCH",,"RD","39.12986","-77.2076","6D","    (39.1299, -77.2076)"
"201589656","1399","260038987","09/05/2026 03:33:23 PM","09/05/2026 03:33:00 PM",,"13B","1","Crime Against Person","Simple Assault","ASSAULT - 2ND DEGREE","GERMANTOWN","12500 BLK  MILESTONE CENTER DR","GERMANTOWN","MD","20876","MCPD","Hotel/Motel/Etc.","M","5M3","474","12500",,"MILESTONE CENTER",,"DR","39.20284","-77.2654","5D","    (39.2028, -77.2654)"
"201589688","2601","260038989","09/05/2026 03:19:46 PM","09/05/2026 03:19:00 PM",,"26A","1","Crime Against Property","False Pretenses/Swindle/Confidence Game","FRAUD - CONFIDENCE GAME","BETHESDA","4800 BLK  MOORLAND LA","BETHESDA","MD","20814","MCPD","Residence - Single Family","D","2D2","050","4800",,"MOORLAND",,"LA","38.98648","-77.0971","2D","    (38.9865, -77.0971)"
"201589660","2303","260038982","09/05/2026 03:14:06 PM","09/05/2026 03:14:00 PM",,"23C","1","Crime Against Property","Shoplifting","LARCENY - SHOPLIFTING","WHEATON","11100 BLK  VEIRS MILL RD","SILVER SPRING","MD","20902","MCPD","Retail - Mall","L","4L2","321","11100",,"VEIRS MILL",,"RD","39.03756","-77.0519","4D","    (39.0376, -77.0519)"
"201589664","3599","260038978","09/05/2026 03:09:35 PM","09/05/2026 03:09:00 PM",,"35A","1","Crime Against Society","Drug/Narcotic Violations","DRUGS - DANGEROUS (DESCRIBE OFFENSE)","GERMANTOWN","20900 BLK  FREDERICK RD","GERMANTOWN","MD","20876","MCPD","Retail - Department/Discount Store","M","5M1","701","20900",,"FREDERICK",,"RD","39.19829","-77.2448","5D","    (39.1983, -77.2448)"
"201589664","5707","260038978","09/05/2026 03:09:35 PM","09/05/2026 03:09:00 PM",,"90J","1","Crime Against Society","Trespass of Real Property","TRESPASSING","GERMANTOWN","20900 BLK  FREDERICK RD","GERMANTOWN","MD","20876","MCPD","Retail - Department/Discount Store","M","5M1","701","20900",,"FREDERICK",,"RD","39.19829","-77.2448","5D","    (39.1983, -77.2448)"
"201589677","2303","260038975","09/05/2026 03:02:57 PM","09/05/2026 03:02:00 PM",,"23C","1","Crime Against Property","Shoplifting","LARCENY - SHOPLIFTING","SILVER SPRING","8500 BLK  FENTON ST","SILVER SPRING","MD","20910","MCPD","Retail - Clothing","G","3G1","109","8500",,"FENTON",,"ST","38.9954","-77.0244","3D","    (38.9954, -77.0244)"
"201590403","2304","260039153","09/06/2026 10:40:45 PM","09/05/2026 03:00:00 PM","09/06/2026 01:30:00 PM","23G","1","Crime Against Property","Theft of Motor Vehicle Parts or Accessories","LARCENY - AUTO PARTS","BETHESDA","6500 BLK  WINNEPEG RD","BETHESDA","MD","20817","MCPD","Street - Residential","E","2E1","194","6500",,"WINNEPEG",,"RD","39.02222","-77.1313","2D","    (39.0222, -77.1313)"
"201590147","2304","260039548","09/09/2026 04:37:27 PM","09/05/2026 03:00:00 PM","09/06/2026 04:30:00 PM","23G","1","Crime Against Property","Theft of Motor Vehicle Parts or Accessories","LARCENY - AUTO PARTS","BETHESDA","6000 BLK  RUDYARD DR","BETHESDA","MD","20814","MCPD","Street - Residential","E","2E1","191","6000",,"RUDYARD",,"DR","39.02789","-77.1197","2D","    (39.0279, -77.1197)"
"201589655","9101","260038974","09/05/2026 02:40:07 PM","09/05/2026 02:40:00 PM",,"90Z","1","Crime Against Society","All Other Offenses","SUDDEN DEATH","WHEATON","14400 BLK  WOODCREST DR","ROCKVILLE","MD","20853","MCPD","Residence -Townhouse/Duplex","K","4K1","344","14400",,"WOODCREST",,"DR","39.09326","-77.0956","4D","    (39.0933, -77.0956)"
"201589774","2304","260039129","09/06/2026 07:01:28 PM","09/05/2026 02:30:00 PM","09/06/2026 06:30:00 PM","23G","1","Crime Against Property","Theft of Motor Vehicle Parts or Accessories","LARCENY - AUTO PARTS","BETHESDA","9100 BLK  FRIARS RD","BETHESDA","MD","20817","MCPD","Street - Residential","E","2E1","068","9100",,"FRIARS",,"RD","39.00456","-77.1318","2D","    (39.0046, -77.1318)"
"201589673","9199","260038973","09/05/2026 02:26:29 PM","09/05/2026 02:26:00 PM",,"90Z","1","Crime Against Society","All Other Offenses","POLICE INFORMATION","MONTGOMERY VILLAGE","200 BLK N FREDERICK AVE","GAITHERSBURG","MD","20877","GPD","Parking Lot - Commercial","P","6P2","428","200","N","FREDERICK",,"AVE","39.09454","-77.1506","6D","    (39.0945, -77.1506)"
"201589718","9021","260038972","09/05/2026 02:24:34 PM","09/05/2026 02:24:00 PM","09/05/2026 02:24:00 PM","90I","1","Crime Against Not a Crime","Runaway","JUVENILE - RUNAWAY","ROCKVILLE","1  BLK  GRAVENHURST CT","GAITHERSBURG","MD","20878","MCPD","Residence -Townhouse/Duplex","B","1B2","457","1",,"GRAVENHURST",,"CT","39.10474","-77.2586","1D","    (39.1047, -77.2586)"
"201589650","2303","260038979","09/05/2026 03:20:07 PM","09/05/2026 02:20:00 PM",,"23C","1","Crime Against Property","Shoplifting","LARCENY - SHOPLIFTING","BETHESDA","7100 BLK  DEMOCRACY BLV","BETHESDA","MD","20817","MCPD","Retail - Mall","E","2E2","204","7100",,"DEMOCRACY",,"BLV","39.02202","-77.1473","2D","    (39.022, -77.1473)"
"201590408","2305","260039216","09/07/2026 03:17:42 PM","09/05/2026 02:00:00 PM","09/07/2026 02:00:00 PM","23F","1","Crime Against Property","Theft From Motor Vehicle","LARCENY - FROM AUTO","SILVER SPRING","14700 BLK  CROSSWOOD TER","BURTONSVILLE","MD","20866","MCPD","Parking Lot - Residential","I","3I2","381","14700",,"CROSSWOOD",,"TER","39.09637","-76.9223","3D","    (39.0964, -76.9223)"
"201589956","1313","260038968","09/05/2026 01:56:48 PM","09/05/2026 01:56:00 PM",,"13B","1","Crime Against Person","Simple Assault","ASSAULT - SIMPLE","BETHESDA","6800 BLK  WISCONSIN AVE","CHEVY CHASE","MD","20815","MCPD","Retail - Department/Discount Store","D","2D2","014","6800",,"WISCONSIN",,"AVE","38.97781","-77.091","2D","    (38.9778, -77.091)"
"201589642","9021","260038965","09/05/2026 01:53:42 PM","09/05/2026 01:53:00 PM",,"90I","1","Crime Against Not a Crime","Runaway","JUVENILE - RUNAWAY","BETHESDA","6300 BLK  GREENTREE RD","BETHESDA","MD","20817","MCPD","Residence - Other","E","2E1","068","6300",,"GREENTREE",,"RD","39.00172","-77.1278","2D","    (39.0017, -77.1278)"
"201589644","9113","260038967","09/05/2026 01:38:16 PM","09/05/2026 01:38:00 PM",,"90Z","1","Crime Against Society","All Other Offenses","MENTAL ILLNESS - EMERGENCY PETITION","SILVER SPRING","900 BLK  SCHINDLER DR","SILVER SPRING","MD","20903","MCPD","Residence - Single Family","I","3I3","143","900",,"SCHINDLER",,"DR","39.02626","-76.9909","3D","    (39.0263, -76.9909)"
"201589780","2304","260039138","09/06/2026 06:52:51 PM","09/05/2026 01:20:00 PM","09/06/2026 08:00:00 AM","23G","1","Crime Against Property","Theft of Motor Vehicle Parts or Accessories","LARCENY - AUTO PARTS","GERMANTOWN","13400 BLK  DAVENTRY WAY","GERMANTOWN","MD","20874","MCPD","Parking Lot - Residential","N","5N2","448","13400",,"DAVENTRY",,"WAY","39.15674","-77.2786","5D","    (39.1567, -77.2786)"
"201589757","9199","260039116","09/06/2026 04:43:00 PM","09/05/2026 01:20:00 PM",,"90Z","1","Crime Against Society","All Other Offenses","POLICE INFORMATION","BETHESDA","2000 BLK  EAST WEST HWY","SILVER SPRING","MD","20910","MCPD","Hospital/Emergency Care Center","D","2D1","086","2000",,"EAST WEST",,"HWY","38.99544","-77.0423","2D","    (38.9954, -77.0423)"
"201590559","2305","260039086","09/06/2026 01:00:04 PM","09/05/2026 01:00:00 PM","09/06/2026 12:00:00 PM","23F","1","Crime Against Property","Theft From Motor Vehicle","LARCENY - FROM AUTO","MONTGOMERY VILLAGE","7900 BLK  CORIANDER DR","GAITHERSBURG","MD","20879","MCPD","Parking Lot - Residential","R","6R3","420","7900",,"CORIANDER",,"DR","39.15842","-77.1638","6D","    (39.1584, -77.1638)"
"201590054","2610","260039027",,"09/05/2026 01:00:00 PM",,"26F","1","Crime Against Property","Identity Theft","IDENTITY THEFT","SILVER SPRING","13100 BLK  OLIVE BRANCH CT","SILVER SPRING","MD","20904","MCPD","Residence - Single Family","I","3I2","378","13100",,"OLIVE BRANCH",,"CT","39.07139","-76.9397","3D","    (39.0714, -76.9397)"
"201589640","2304","260038956","09/05/2026 12:37:50 PM","09/05/2026 12:37:00 PM",,"23G","1","Crime Against Property","Theft of Motor Vehicle Parts or Accessories","LARCENY - AUTO PARTS","MONTGOMERY VILLAGE","600 BLK  QUINCE ORCHARD RD","GAITHERSBURG","MD","20878","GPD","Gas Station","P","6P2","554","600",,"QUINCE ORCHARD",,"RD","39.14263","-77.2208","6D","    (39.1426, -77.2208)"
"201589647","9107","260038961","09/05/2026 12:30:00 PM","09/05/2026 12:30:00 PM",,"90Z","1","Crime Against Society","All Other Offenses","MISSING PERSON","WHEATON","13800 BLK  BLAIR STONE LA","SILVER SPRING","MD","20906","MCPD","Residence - Single Family","K","4K1","348","13800",,"BLAIR STONE",,"LA","39.0819","-77.0558","4D","    (39.0819, -77.0558)"
"201589645","1399","260038951","09/05/2026 12:26:37 PM","09/05/2026 12:26:00 PM",,"13B","1","Crime Against Person","Simple Assault","ASSAULT - 2ND DEGREE","MONTGOMERY VILLAGE","15000 BLK  BROSCHART RD","ROCKVILLE","MD","20850","MCPD","School - Elementary/Secondary","P","6P1","721","15000",,"BROSCHART",,"RD","39.10179","-77.2003","6D","    (39.1018, -77.2003)"
"201589646","9199","260038952","09/05/2026 12:20:56 PM","09/05/2026 12:20:00 PM",,"90Z","1","Crime Against Society","All Other Offenses","POLICE INFORMATION","SILVER SPRING","1500 BLK  RED OAK DR","SILVER SPRING","MD","20910","MCPD","Residence - Single Family","G","3G2","101","1500",,"RED OAK",,"DR","39.0093","-77.0324","3D","    (39.0093, -77.0324)"
"201589641","9021","260038963","09/05/2026 01:12:11 PM","09/05/2026 12:20:00 PM",,"90I","1","Crime Against Not a Crime","Runaway","JUVENILE - RUNAWAY","MONTGOMERY VILLAGE","15000 BLK  BROSCHART RD","ROCKVILLE","MD","20850","MCPD","School - Elementary/Secondary","P","6P1","721","15000",,"BROSCHART",,"RD","39.10179","-77.2003","6D","    (39.1018, -77.2003)"
"201589987","9105","260039371","09/08/2026 02:13:22 PM","09/05/2026 12:00:00 PM","09/08/2026 02:00:00 PM","90Z","1","Crime Against Society","All Other Offenses","LOST PROPERTY","ROCKVILLE","9700 BLK  CLAGETT FARM DR","POTOMAC","MD","20854","MCPD","Other/Unknown","B","1B2","230","9700",,"CLAGETT FARM",,"DR","39.04565","-77.1967","1D","    (39.0457, -77.1967)"
"201590309","2305","260038984","09/05/2026 03:51:28 PM","09/05/2026 12:00:00 PM","09/05/2026 10:00:00 AM","23F","1","Crime Against Property","Theft From Motor Vehicle","LARCENY - FROM AUTO","BETHESDA","7400 BLK  WAVERLY ST","BETHESDA","MD","20814","MCPD","Parking Garage - County","D","2D2","034","7400",,"WAVERLY",,"ST","38.98386","-77.0924","2D","    (38.9839, -77.0924)"
"201589731","2601","260039073","09/06/2026 10:27:38 AM","09/05/2026 12:00:00 PM","09/06/2026 11:00:00 AM","26A","1","Crime Against Property","False Pretenses/Swindle/Confidence Game","FRAUD - CONFIDENCE GAME","SILVER SPRING","9700 BLK  GLEN AVE","SILVER SPRING","MD","20910","MCPD","Other/Unknown","G","3G2","175","9700",,"GLEN",,"AVE","0.0","0.0","3D","    (0.0, 0.0)"
"201589643","9199","260038964","09/05/2026 01:27:17 PM","09/05/2026 11:47:00 AM",,"90Z","1","Crime Against Society","All Other Offenses","POLICE INFORMATION","GERMANTOWN","11400 BLK  KINGSTEAD RD","DAMASCUS","MD","20872","MCPD","Residence - Single Family","M","5M3","482","11400",,"KINGSTEAD",,"RD","39.26884","-77.2355","5D","    (39.2688, -77.2355)"
"201589631","2202","260038948","09/05/2026 11:31:03 AM","09/05/2026 11:31:00 AM",,"220","1","Crime Against Property","Burglary/Breaking and Entering","BURGLARY - FORCED ENTRY-RESIDENTIAL","MONTGOMERY VILLAGE","400 BLK  STERNWHEELER CT","GAITHERSBURG","MD","20877","GPD","Residence -Townhouse/Duplex","P","6P3","419","400",,"STERNWHEELER",,"CT","39.14561","-77.1871","6D","    (39.1456, -77.1871)"
"201589635","2399","260038957","09/05/2026 12:32:56 PM","09/05/2026 11:30:00 AM","09/05/2026 12:31:00 PM","23H","1","Crime Against Property","All other Larceny","LARCENY (DESCRIBE OFFENSE)","ROCKVILLE","700 BLK  ROCKVILLE PIK","ROCKVILLE","MD","20852","RCPD","Parking Lot - Commercial","A","1A2","262","700",,"ROCKVILLE",,"PIK","39.07999","-77.1434","1D","    (39.08, -77.1434)"
"201589636","1399","260038953","09/05/2026 12:06:17 PM","09/05/2026 11:15:00 AM",,"13B","1","Crime Against Person","Simple Assault","ASSAULT - 2ND DEGREE","BETHESDA","2500 BLK  LYTTONSVILLE RD","SILVER SPRING","MD","20910","MCPD","Street - Other","D","2D1","085","2500",,"LYTTONSVILLE",,"RD","38.99885","-77.0523","2D","    (38.9988, -77.0523)"
"201589687","2399","260039007","09/05/2026 05:49:35 PM","09/05/2026 11:00:00 AM","09/05/2026 11:20:00 AM","23H","1","Crime Against Property","All other Larceny","LARCENY (DESCRIBE OFFENSE)","ROCKVILLE","400 BLK  REDLAND BLV","ROCKVILLE","MD","20850","RCPD","Grocery/Supermarket","A","1A1","439","400",,"REDLAND",,"BLV","39.11282","-77.171","1D","    (39.1128, -77.171)"
"201589627","9031","260038938",,"09/05/2026 10:39:00 AM",,"90Z","1","Crime Against Society","All Other Offenses","DRUNKENNESS","MONTGOMERY VILLAGE","100 BLK E DIAMOND AVE","GAITHERSBURG","MD","20877","GPD","Street - Bus Stop","P","6P3","427","100","E","DIAMOND",,"AVE","39.14006","-77.204","6D","    (39.1401, -77.204)"
"201589659","5707","260038941","09/05/2026 10:31:55 AM","09/05/2026 10:31:00 AM",,"90J","1","Crime Against Society","Trespass of Real Property","TRESPASSING","SILVER SPRING","7900 BLK  GEORGIA AVE","SILVER SPRING","MD","20910","MCPD","Convenience Store","G","3G1","090","7900",,"GEORGIA",,"AVE","38.98534","-77.0266","3D","    (38.9853, -77.0266)"
"201589637","9021","260038949","09/05/2026 11:24:17 AM","09/05/2026 10:30:00 AM",,"90I","1","Crime Against Not a Crime","Runaway","JUVENILE - RUNAWAY","GERMANTOWN","12400 BLK  GREAT PARK CIR","GERMANTOWN","MD","20876","MCPD","Residence - Apartment/Condo","M","5M3","474","12400",,"GREAT PARK",,"CIR","39.20327","-77.2576","5D","    (39.2033, -77.2576)"
"201590163","2999","260039582","09/09/2026 08:12:58 PM","09/05/2026 10:00:00 AM","09/07/2026 08:00:00 PM","290","1","Crime Against Property","Destruction/Damage/Vandalism of Property","DAMAGE PROPERTY (DESCRIBE OFFENSE)","GERMANTOWN","13900 BLK  CARLSON FARM DR","GERMANTOWN","MD","20874","MCPD","Residence - Single Family","N","5N2","589","13900",,"CARLSON FARM",,"DR","39.14402","-77.2878","5D","    (39.144, -77.2878)"
"201589713","5311","260038930","09/05/2026 09:21:30 AM","09/05/2026 09:21:00 AM",,"90C","1","Crime Against Society","Disorderly Conduct","PUBLIC PEACE - DISORDERLY CONDUCT","WHEATON","11700 BLK  GEORGIA AVE","SILVER SPRING","MD","20902","MCPD","Library","L","4L1","364","11700",,"GEORGIA",,"AVE","0.0","0.0","4D","    (0.0, 0.0)"
"201589713","3605","260038930","09/05/2026 09:21:30 AM","09/05/2026 09:21:00 AM",,"90C","1","Crime Against Society","Disorderly Conduct","SEX OFFENSE - INDECENT EXPOSURE","WHEATON","11700 BLK  GEORGIA AVE","SILVER SPRING","MD","20902","MCPD","Library","L","4L1","364","11700",,"GEORGIA",,"AVE","0.0","0.0","4D","    (0.0, 0.0)"
"201589713","9099","260038930","09/05/2026 09:21:30 AM","09/05/2026 09:21:00 AM",,"90Z","1","Crime Against Society","All Other Offenses","ALL OTHER OFFENSES","WHEATON","11700 BLK  GEORGIA AVE","SILVER SPRING","MD","20902","MCPD","Library","L","4L1","364","11700",,"GEORGIA",,"AVE","0.0","0.0","4D","    (0.0, 0.0)"
"201589945","9105","260039304","09/08/2026 09:40:33 AM","09/05/2026 09:15:00 AM","09/08/2026 07:30:00 AM","90Z","1","Crime Against Society","All Other Offenses","LOST PROPERTY","SILVER SPRING","4400 BLK  CAMLEY WAY","BURTONSVILLE","MD","20866","MCPD","Residence - Garage","I","3I2","381","4400",,"CAMLEY",,"WAY","0.0","0.0","3D","    (0.0, 0.0)"
"201589639","9113","260038936","09/05/2026 09:12:37 AM","09/05/2026 09:12:00 AM",,"90Z","1","Crime Against Society","All Other Offenses","MENTAL ILLNESS - EMERGENCY PETITION","MONTGOMERY VILLAGE","19500 BLK  TAVERNEY DR","GAITHERSBURG","MD","20879","MCPD","Residence -Townhouse/Duplex","R","6R2","715","19500",,"TAVERNEY",,"DR","39.17523","-77.1923","6D","    (39.1752, -77.1923)"
"201589778","2304","260039141","09/06/2026 08:09:22 PM","09/05/2026 09:00:00 AM","09/06/2026 07:00:00 PM","23G","1","Crime Against Property","Theft of Motor Vehicle Parts or Accessories","LARCENY - AUTO PARTS","BETHESDA","9800 BLK  BELHAVEN RD","BETHESDA","MD","20817","MCPD","Street - Residential","E","2E1","194","9800",,"BELHAVEN",,"RD","39.01604","-77.1237","2D","    (39.016, -77.1237)"
"201590557","2399","260039818","09/11/2026 10:33:15 AM","09/05/2026 09:00:00 AM","09/05/2026 08:30:00 AM","23H","1","Crime Against Property","All other Larceny","LARCENY (DESCRIBE OFFENSE)","WHEATON","20800 BLK  ZION RD","GAITHERSBURG","MD","20882","MCPD","Other/Unknown","K","4K3","407","20800",,"ZION",,"RD","0.0","0.0","4D","    (0.0, 0.0)"
"201589628","5707","260038935","09/05/2026 09:57:56 AM","09/05/2026 09:00:00 AM","09/05/2026 09:56:00 AM","90J","1","Crime Against Society","Trespass of Real Property","TRESPASSING","ROCKVILLE","100 BLK  HALPINE RD","ROCKVILLE","MD","20852","RCPD","Residence - Apartment/Condo","A","1A2","269","100",,"HALPINE",,"RD","39.06184","-77.124","1D","    (39.0618, -77.124)"
"201589623","2303","260038929","09/05/2026 08:57:27 AM","09/05/2026 08:21:00 AM","09/05/2026 08:22:00 AM","23C","1","Crime Against Property","Shoplifting","LARCENY - SHOPLIFTING","WHEATON","12300 BLK  GEORGIA AVE","SILVER SPRING","MD","20906","MCPD","Retail - Drug Store/Pharmacy","L","4L3","536","12300",,"GEORGIA",,"AVE","0.0","0.0","4D","    (0.0, 0.0)"
"201591231","9105","260040220",,"09/05/2026 08:00:00 AM","09/05/2026 12:00:00 PM","90Z","1","Crime Against Society","All Other Offenses","LOST PROPERTY","SILVER SPRING","8200 BLK  GEORGIA AVE","SILVER SPRING","MD","20910","MCPD","Auto Repair","G","3G1","094","8200",,"GEORGIA",,"AVE","38.99163","-77.0266","3D","    (38.9916, -77.0266)"
"201589952","2299","260039312","09/08/2026 09:45:03 AM","09/05/2026 07:26:00 AM","09/05/2026 07:32:00 AM","220","1","Crime Against Property","Burglary/Breaking and Entering","BURGLARY (DESCRIBE OFFENSE)","ROCKVILLE","1  BLK  PRESERVE PKW","ROCKVILLE","MD","20852","RCPD","Commercial - Office Building","A","1A2","264","1",,"PRESERVE",,"PKW","39.06701","-77.1501","1D","    (39.067, -77.1501)"
"201589667","2304","260039009","09/05/2026 06:00:43 PM","09/05/2026 07:00:00 AM","09/05/2026 12:00:00 PM","23G","1","Crime Against Property","Theft of Motor Vehicle Parts or Accessories","LARCENY - AUTO PARTS","SILVER SPRING","8800 BLK  GARLAND AVE","SILVER SPRING","MD","20901","MCPD","Parking Lot - Residential","G","3G3","127","8800",,"GARLAND",,"AVE","39.00052","-77.0015","3D","    (39.0005, -77.0015)"
"201589824","2399","260038925","09/05/2026 06:44:51 AM","09/05/2026 06:44:00 AM",,"23H","1","Crime Against Property","All other Larceny","LARCENY (DESCRIBE OFFENSE)","WHEATON",,"BROOKEVILLE","MD","20833","MCPD","Street - Other","K","4K3","540",,,"GEORGIA",,"AVE","39.10125","-77.0769","4D","    (39.1013, -77.0769)"
"201589710","5404","260038922","09/05/2026 05:12:03 AM","09/05/2026 05:12:00 AM","09/05/2026 05:12:00 AM","90D","1","Crime Against Society","Driving Under the Influence","DRIVING UNDER THE INFLUENCE LIQUOR","SILVER SPRING",,"SILVER SPRING","MD","20904","MCPD","Street - In vehicle","I","3I2","379",,,"COLUMBIA",,"PIK","38.9762","-77.0072","3D","    (38.9762, -77.0072)"
"201589708","1399","260038921","09/05/2026 04:40:50 AM","09/05/2026 04:40:00 AM",,"13B","2","Crime Against Person","Simple Assault","ASSAULT - 2ND DEGREE","WHEATON","14600 BLK  MELINDA LA","ROCKVILLE","MD","20853","MCPD","Residence - Single Family","K","4K1","344","14600",,"MELINDA",,"LA","39.09537","-77.0979","4D","    (39.0954, -77.0979)"
"201589615","9199","260038920","09/05/2026 04:08:41 AM","09/05/2026 04:08:00 AM",,"90Z","1","Crime Against Society","All Other Offenses","POLICE INFORMATION","GERMANTOWN","1  BLK  PICKERING CT","GERMANTOWN","MD","20874","MCPD","Residence - Apartment/Condo","N","5N1","702","1",,"PICKERING",,"CT","39.18853","-77.2717","5D","    (39.1885, -77.2717)"
"201589618","9101","260038923","09/05/2026 05:36:45 AM","09/05/2026 03:30:00 AM","09/05/2026 05:35:00 AM","90Z","1","Crime Against Society","All Other Offenses","SUDDEN DEATH","GERMANTOWN","300 BLK  BALTUSROL DR","GERMANTOWN","MD","20874","MCPD","Residence - Nursing Home","N","5N1","465","300",,"BALTUSROL",,"DR","39.19972","-77.273","5D","    (39.1997, -77.273)"
"201589765","5016","260038919","09/05/2026 03:26:09 AM","09/05/2026 03:26:00 AM",,"90Z","1","Crime Against Society","All Other Offenses","OBSTRUCT GOVT - VIOLATION OF A COURT ORDER","SILVER SPRING","2100 BLK  HILDAROSE DR","SILVER SPRING","MD","20902","MCPD","Residence - Apartment/Condo","G","3G2","175","2100",,"HILDAROSE",,"DR","39.02052","-77.0444","3D","    (39.0205, -77.0444)"
"201589611","9107","260038916","09/05/2026 01:42:15 AM","09/05/2026 01:42:00 AM",,"90Z","1","Crime Against Society","All Other Offenses","MISSING PERSON","WHEATON","19700 BLK  ZION RD","BROOKEVILLE","MD","20833","MCPD","Residence - Other","K","4K3","541","19700",,"ZION",,"RD","0.0","0.0","4D","    (0.0, 0.0)"
"201589614","1314","260038917","09/05/2026 01:33:04 AM","09/05/2026 01:33:00 AM",,"13A","6","Crime Against Person","Aggravated Assault","ASSAULT - AGGRAVATED - GUN","GERMANTOWN","19200 BLK  ESMOND TER","GERMANTOWN","MD","20874","MCPD","Residence -Townhouse/Duplex","N","5N1","447","19200",,"ESMOND",,"TER","0.0","0.0","5D","    (0.0, 0.0)"
"201589612","9101","260038911","09/05/2026 01:30:55 AM","09/05/2026 01:30:00 AM","09/05/2026 01:30:00 AM","90Z","1","Crime Against Society","All Other Offenses","SUDDEN DEATH","SILVER SPRING","13700 BLK  MODRAD WAY","SILVER SPRING","MD","20904","MCPD","Residence - Apartment/Condo","I","3I2","380","13700",,"MODRAD",,"WAY","0.0","0.0","3D","    (0.0, 0.0)"
"201589658","5404","260038910","09/05/2026 01:20:06 AM","09/05/2026 01:20:00 AM",,"90D","1","Crime Against Society","Driving Under the Influence","DRIVING UNDER THE INFLUENCE LIQUOR","MONTGOMERY VILLAGE",,"GAITHERSBURG","MD","20879","GPD","Street - In vehicle","R","6R1","426",,"N","FREDERICK",,"AVE","39.05909","-77.1152","6D","    (39.0591, -77.1152)"
"201589613","1399","260038909","09/05/2026 01:13:19 AM","09/05/2026 01:13:00 AM",,"13B","1","Crime Against Person","Simple Assault","ASSAULT - 2ND DEGREE","GERMANTOWN","19200 BLK  CIRCLE GATE DR","GERMANTOWN","MD","20874","MCPD","Residence - Apartment/Condo","N","5N1","447","19200",,"CIRCLE GATE",,"DR","39.1692","-77.2652","5D","    (39.1692, -77.2652)"
"201589616","2404","260038914","09/05/2026 01:22:03 AM","09/05/2026 01:05:00 AM","09/05/2026 01:35:00 AM","240","1","Crime Against Property","Motor Vehicle Theft","AUTO THEFT - VEHICLE THEFT","ROCKVILLE","200 BLK  ROLLINS AVE","ROCKVILLE","MD","20852","RCPD","Parking Lot - Residential","A","1A2","267","200",,"ROLLINS",,"AVE","39.05848","-77.1264","1D","    (39.0585, -77.1264)"
"201589704","1399","260039032","09/05/2026 10:24:08 PM","09/05/2026 12:10:00 AM",,"13B","1","Crime Against Person","Simple Assault","ASSAULT - 2ND DEGREE","GERMANTOWN","18000 BLK  CLOPPERS MILL TER","GERMANTOWN","MD","20874","MCPD","Residence - Apartment/Condo","N","5N2","448","18000",,"CLOPPERS MILL",,"TER","39.14854","-77.2736","5D","    (39.1485, -77.2736)"
"201589617","9107","260038907","09/05/2026 12:00:53 AM","09/05/2026 12:00:00 AM",,"90Z","1","Crime Against Society","All Other Offenses","MISSING PERSON","GERMANTOWN","13300 BLK  WATERFORD HILLS BLV","GERMANTOWN","MD","20874","MCPD","Residence -Townhouse/Duplex","N","5N1","702","13300",,"WATERFORD HILLS",,"BLV","39.17724","-77.2743","5D","    (39.1772, -77.2743)"
"201589630","2404","260038945","09/05/2026 10:23:27 AM","09/04/2026 11:30:00 PM","09/05/2026 09:30:00 AM","240","1","Crime Against Property","Motor Vehicle Theft","AUTO THEFT - VEHICLE THEFT","BETHESDA","7400 BLK  WAVERLY ST","BETHESDA","MD","20814","MCPD","Parking Garage - Other","D","2D2","034","7400",,"WAVERLY",,"ST","38.98386","-77.0924","2D","    (38.9839, -77.0924)"
"201589621","2404","260038924","09/05/2026 07:03:20 AM","09/04/2026 11:30:00 PM","09/05/2026 06:40:00 AM","240","1","Crime Against Property","Motor Vehicle Theft","AUTO THEFT - VEHICLE THEFT","SILVER SPRING","13900 BLK  CASTLE BLV","SILVER SPRING","MD","20904","MCPD","Street - Residential","I","3I2","380","13900",,"CASTLE",,"BLV","0.0","0.0","3D","    (0.0, 0.0)"
"201589629","2404","260038947","09/05/2026 11:02:39 AM","09/04/2026 11:30:00 PM","09/05/2026 09:00:00 AM","240","1","Crime Against Property","Motor Vehicle Theft","AUTO THEFT - VEHICLE THEFT","BETHESDA","3300 BLK  WINNETT RD","CHEVY CHASE","MD","20815","MCPD","Residence - Driveway","D","2D1","010","3300",,"WINNETT",,"RD","38.98084","-77.0643","2D","    (38.9808, -77.0643)"
"201589598","9199","260038865",,"09/04/2026 11:23:00 PM",,"90Z","1","Crime Against Society","All Other Offenses","POLICE INFORMATION","SILVER SPRING",,"SILVER SPRING","MD","20904","MCPD","Street - Residential","I","3I1","147",,,"LOFT",,"LA","0.0","0.0","3D","    (0.0, 0.0)"
"201589810","2204","260038901","09/04/2026 11:09:49 PM","09/04/2026 11:09:00 PM",,"220","1","Crime Against Property","Burglary/Breaking and Entering","BURGLARY - NO FORCED ENTRY-RESIDENTIAL","GERMANTOWN","12800 BLK  KITCHEN HOUSE WAY","GERMANTOWN","MD","20874","MCPD","Residence -Townhouse/Duplex","N","5N2","448","12800",,"KITCHEN HOUSE",,"WAY","39.15098","-77.266","5D","    (39.151, -77.266)"
"201589798","2902","260039014","09/05/2026 06:58:51 PM","09/04/2026 11:00:00 PM","09/05/2026 06:00:00 PM","290","1","Crime Against Property","Destruction/Damage/Vandalism of Property","DAMAGE PROPERTY - PRIVATE","SILVER SPRING","1500 BLK  DILSTON RD","SILVER SPRING","MD","20903","MCPD","Residence - Other","I","3I3","136","1500",,"DILSTON",,"RD","39.01293","-76.9824","3D","    (39.0129, -76.9824)"
"201589716","2605","260038966","09/05/2026 02:12:43 PM","09/04/2026 10:51:00 PM",,"26B","1","Crime Against Property","Credit Card/Automatic Teller Machine Fraud","FRAUD - ILLEGAL USE CREDIT CARDS","GERMANTOWN","21000 BLK  FREDERICK RD","GERMANTOWN","MD","20876","MCPD","Restaurant","M","5M1","701","21000",,"FREDERICK",,"RD","39.20034","-77.2452","5D","    (39.2003, -77.2452)"
"201589610","5016","260038900","09/04/2026 10:47:31 PM","09/04/2026 10:47:00 PM",,"90Z","1","Crime Against Society","All Other Offenses","OBSTRUCT GOVT - VIOLATION OF A COURT ORDER","MONTGOMERY VILLAGE","200 BLK W DEER PARK RD","GAITHERSBURG","MD","20877","GPD","Residence -Townhouse/Duplex","P","6P1","434","200","W","DEER PARK",,"RD","39.13356","-77.2033","6D","    (39.1336, -77.2033)"
"201589624","2404","260038931","09/05/2026 09:10:26 AM","09/04/2026 10:30:00 PM","09/05/2026 08:00:00 AM","240","1","Crime Against Property","Motor Vehicle Theft","AUTO THEFT - VEHICLE THEFT","BETHESDA","3200 BLK  WINNETT RD","CHEVY CHASE","MD","20815","MCPD","Residence - Driveway","D","2D1","010","3200",,"WINNETT",,"RD","38.98053","-77.0633","2D","    (38.9805, -77.0633)"
"201589603","9113","260038896","09/04/2026 10:22:04 PM","09/04/2026 10:22:00 PM",,"90Z","1","Crime Against Society","All Other Offenses","MENTAL ILLNESS - EMERGENCY PETITION","GERMANTOWN","19900 BLK  AIRCRAFT DR","GERMANTOWN","MD","20874","MCPD","Parking Lot - Commercial","N","5N1","702","19900",,"AIRCRAFT",,"DR","39.18204","-77.2602","5D","    (39.182, -77.2602)"
"201589602","1399","260038894","09/04/2026 10:09:10 PM","09/04/2026 10:09:00 PM",,"13B","2","Crime Against Person","Simple Assault","ASSAULT - 2ND DEGREE","WHEATON","12100 BLK  VALLEYWOOD DR","SILVER SPRING","MD","20902","MCPD","Residence -Townhouse/Duplex","L","4L1","328","12100",,"VALLEYWOOD",,"DR","39.05433","-77.0666","4D","    (39.0543, -77.0666)"
"201589600","9107","260038898","09/04/2026 10:05:52 PM","09/04/2026 10:05:00 PM",,"90Z","1","Crime Against Society","All Other Offenses","MISSING PERSON","BETHESDA","11100 BLK S GLEN RD","POTOMAC","MD","20854","MCPD","Residence - Single Family","E","2E2","231","11100","S","GLEN",,"RD","0.0","0.0","2D","    (0.0, 0.0)"
"201589696","2404","260039034",,"09/04/2026 10:00:00 PM","09/05/2026 10:00:00 PM","240","1","Crime Against Property","Motor Vehicle Theft","AUTO THEFT - VEHICLE THEFT","SILVER SPRING","8400 BLK  PINEY BRANCH RD","SILVER SPRING","MD","20901","MCPD","Residence - Driveway","G","3G3","126","8400",,"PINEY BRANCH",,"RD","38.99607","-77.0056","3D","    (38.9961, -77.0056)"
"201589607","9021","260038897","09/04/2026 09:50:30 PM","09/04/2026 09:50:00 PM",,"90I","1","Crime Against Not a Crime","Runaway","JUVENILE - RUNAWAY","BETHESDA","8600 BLK  OLD GEORGETOWN RD","BETHESDA","MD","20817","MCPD","Hospital/Emergency Care Center","E","2E1","055","8600",,"OLD GEORGETOWN",,"RD","38.99656","-77.109","2D","    (38.9966, -77.109)"
"201590186","2305","260038905","09/05/2026 12:04:48 AM","09/04/2026 09:45:00 PM","09/04/2026 10:25:00 PM","23F","1","Crime Against Property","Theft From Motor Vehicle","LARCENY - FROM AUTO","SILVER SPRING","12000 BLK  PLUM ORCHARD DR","SILVER SPRING","MD","20904","MCPD","Parking Lot - Residential","I","3I1","146","12000",,"PLUM ORCHARD",,"DR","39.05259","-76.9531","3D","    (39.0526, -76.9531)"
"201589669","1399","260038892","09/04/2026 09:35:50 PM","09/04/2026 09:35:00 PM",,"13B","1","Crime Against Person","Simple Assault","ASSAULT - 2ND DEGREE","WHEATON","2800 BLK  HARDY AVE","SILVER SPRING","MD","20902","MCPD","Street - Residential","L","4L1","327","2800",,"HARDY",,"AVE","0.0","0.0","4D","    (0.0, 0.0)"
"201589585","4801","260038890","09/04/2026 09:24:01 PM","09/04/2026 09:24:00 PM",,"90Z","1","Crime Against Society","All Other Offenses","OBSTRUCT POLICE - RESISTING OFFICER","MONTGOMERY VILLAGE",,"MONTGOMERY VILLAGE","MD","20886","MCPD","Street - Bus Stop","R","6R2","546",,,"MONTGOMERY VILLAGE",,"AVE","39.15056","-77.2142","6D","    (39.1506, -77.2142)"
"201589585","2399","260038890","09/04/2026 09:24:01 PM","09/04/2026 09:24:00 PM",,"23H","1","Crime Against Property","All other Larceny","LARCENY (DESCRIBE OFFENSE)","MONTGOMERY VILLAGE",,"MONTGOMERY VILLAGE","MD","20886","MCPD","Street - Bus Stop","R","6R2","546",,,"MONTGOMERY VILLAGE",,"AVE","39.15056","-77.2142","6D","    (39.1506, -77.2142)"
"201589606","1399","260038891","09/04/2026 09:18:12 PM","09/04/2026 09:18:00 PM",,"13B","1","Crime Against Person","Simple Assault","ASSAULT - 2ND DEGREE","WHEATON","3000 BLK  BEL PRE RD","SILVER SPRING","MD","20906","MCPD","Residence - Apartment/Condo","K","4K1","348","3000",,"BEL PRE",,"RD","39.09096","-77.061","4D","    (39.091, -77.061)"
"201590628","2902","260038986","09/05/2026 04:00:36 PM","09/04/2026 08:30:00 PM","09/05/2026 11:00:00 AM","290","1","Crime Against Property","Destruction/Damage/Vandalism of Property","DAMAGE PROPERTY - PRIVATE","WHEATON","3500 BLK  PEAR TREE CT","SILVER SPRING","MD","20906","MCPD","Parking Lot - Residential","K","4K1","348","3500",,"PEAR TREE",,"CT","39.08923","-77.0694","4D","    (39.0892, -77.0694)"
"201589573","5707","260038877",,"09/04/2026 08:03:00 PM",,"90J","1","Crime Against Society","Trespass of Real Property","TRESPASSING","SILVER SPRING","8100 BLK  FENTON ST","SILVER SPRING","MD","20910","MCPD","Convenience Store","G","3G1","111","8100",,"FENTON",,"ST","38.99021","-77.0239","3D","    (38.9902, -77.0239)"
"201589581","1313","260038885","09/04/2026 07:37:28 PM","09/04/2026 07:37:00 PM",,"13B","1","Crime Against Person","Simple Assault","ASSAULT - SIMPLE","GERMANTOWN","20000 BLK  AIRCRAFT DR","GERMANTOWN","MD","20874","MCPD","Bar/Night Club","N","5N1","702","20000",,"AIRCRAFT",,"DR","39.18396","-77.2617","5D","    (39.184, -77.2617)"
"201589583","2404","260038882","09/04/2026 07:32:20 PM","09/04/2026 07:32:00 PM",,"240","1","Crime Against Property","Motor Vehicle Theft","AUTO THEFT - VEHICLE THEFT","SILVER SPRING","15100 BLK  RED CEDAR DR","BURTONSVILLE","MD","20866","MCPD","Residence -Townhouse/Duplex","I","3I2","381","15100",,"RED CEDAR",,"DR","39.1026","-76.9259","3D","    (39.1026, -76.9259)"
"201589580","9199","260038886","09/04/2026 07:31:11 PM","09/04/2026 07:31:00 PM",,"90Z","1","Crime Against Society","All Other Offenses","POLICE INFORMATION","SILVER SPRING","1000 BLK  MILESTONE DR","SILVER SPRING","MD","20904","MCPD","Residence - Single Family","I","3I1","148","1000",,"MILESTONE",,"DR","39.04565","-76.992","3D","    (39.0457, -76.992)"
"201590093","2305","260038932","09/05/2026 08:54:11 AM","09/04/2026 07:30:00 PM","09/05/2026 08:00:00 AM","23F","1","Crime Against Property","Theft From Motor Vehicle","LARCENY - FROM AUTO","WHEATON","300 BLK  MARVIN RD","SILVER SPRING","MD","20901","MCPD","Street - Residential","L","4L2","158","300",,"MARVIN",,"RD","39.02902","-77.0151","4D","    (39.029, -77.0151)"
"201589605","1199","260038903","09/04/2026 11:02:08 PM","09/04/2026 07:15:00 PM",,"11D","1","Crime Against Person","Forcible Fondling","SEX ASSAULT - FONDLING","ROCKVILLE","1  BLK  FEDOR AVE","GAITHERSBURG","MD","20877","MCPD","Parking Lot - Other","A","1A1","749","1",,"FEDOR",,"AVE","39.11976","-77.1786","1D","    (39.1198, -77.1786)"
"201589592","9021","260038878","09/04/2026 07:06:00 PM","09/04/2026 07:06:00 PM",,"90I","1","Crime Against Not a Crime","Runaway","JUVENILE - RUNAWAY","GERMANTOWN","11500 BLK  ALDBURG WAY","GERMANTOWN","MD","20876","MCPD","Residence -Townhouse/Duplex","M","5M1","471","11500",,"ALDBURG",,"WAY","0.0","0.0","5D","    (0.0, 0.0)"
"201589622","2404","260038926","09/05/2026 07:59:09 AM","09/04/2026 07:00:00 PM","09/05/2026 07:00:00 AM","240","1","Crime Against Property","Motor Vehicle Theft","AUTO THEFT - VEHICLE THEFT","TAKOMA PARK","100 BLK  GRANT AVE","TAKOMA PARK","MD","20912","TPPD","Street - Residential","T","8T2","804","100",,"GRANT",,"AVE","0.0","0.0","TPPD","    (0.0, 0.0)"
"201589985","3550","260038881",,"09/04/2026 07:00:00 PM",,"35B","1","Crime Against Society","Drug Equipment Violations","DRUGS - NARCOTIC EQUIP - POSSESS","SILVER SPRING","11500 BLK  LOCKWOOD DR","SILVER SPRING","MD","20904","MCPD","Street - Alley","I","3I1","145","11500",,"LOCKWOOD",,"DR","39.0412","-76.9862","3D","    (39.0412, -76.9862)"
"201589601","9107","260038876","09/04/2026 06:55:26 PM","09/04/2026 06:55:00 PM",,"90Z","1","Crime Against Society","All Other Offenses","MISSING PERSON","BETHESDA","9700 BLK  CEDAR LA","BETHESDA","MD","20814","MCPD","Residence - Single Family","D","2D1","184","9700",,"CEDAR",,"LA","0.0","0.0","2D","    (0.0, 0.0)"
"201589648","1303","260038970","09/05/2026 02:03:03 PM","09/04/2026 06:45:00 PM",,"13A","1","Crime Against Person","Aggravated Assault","ASSAULT - AGGRAVATED - FAMILY-STRONG-ARM","MONTGOMERY VILLAGE","500 BLK S FREDERICK AVE","GAITHERSBURG","MD","20877","MCPD","Residence - Apartment/Condo","P","6P3","433","500","S","FREDERICK",,"AVE","39.14889","-77.2077","6D","    (39.1489, -77.2077)"
"201589582","9101","260038869","09/04/2026 06:39:40 PM","09/04/2026 06:39:00 PM",,"90Z","1","Crime Against Society","All Other Offenses","SUDDEN DEATH","GERMANTOWN","12800 BLK  FAIRCHILD DR","GERMANTOWN","MD","20874","MCPD","Residence - Apartment/Condo","N","5N1","702","12800",,"FAIRCHILD",,"DR","39.19293","-77.2626","5D","    (39.1929, -77.2626)"
"201589577","9107","260038879","09/04/2026 06:38:21 PM","09/04/2026 06:38:00 PM","09/04/2026 06:38:00 PM","90Z","1","Crime Against Society","All Other Offenses","MISSING PERSON","MONTGOMERY VILLAGE","14900 BLK  BROSCHART RD","ROCKVILLE","MD","20850","MCPD","Hospital/Emergency Care Center","P","6P1","721","14900",,"BROSCHART",,"RD","39.10017","-77.2012","6D","    (39.1002, -77.2012)"
"201589866","2304","260039217","09/07/2026 03:27:27 PM","09/04/2026 06:30:00 PM","09/07/2026 01:00:00 PM","23G","1","Crime Against Property","Theft of Motor Vehicle Parts or Accessories","LARCENY - AUTO PARTS","BETHESDA","9900 BLK  EDWARD AVE","BETHESDA","MD","20814","MCPD","Street - Residential","E","2E1","192","9900",,"EDWARD",,"AVE","0.0","0.0","2D","    (0.0, 0.0)"
"201589657","2305","260038996",,"09/04/2026 06:30:00 PM","09/05/2026 02:00:00 PM","23F","1","Crime Against Property","Theft From Motor Vehicle","LARCENY - FROM AUTO","WHEATON","1700 BLK  LADD ST","SILVER SPRING","MD","20902","MCPD","Street - Residential","L","4L2","357","1700",,"LADD",,"ST","0.0","0.0","4D","    (0.0, 0.0)"
"201589595","2303","260038875","09/04/2026 06:21:27 PM","09/04/2026 06:21:00 PM",,"23C","1","Crime Against Property","Shoplifting","LARCENY - SHOPLIFTING","BETHESDA","7100 BLK  DEMOCRACY BLV","BETHESDA","MD","20817","MCPD","Retail - Mall","E","2E2","204","7100",,"DEMOCRACY",,"BLV","39.02202","-77.1473","2D","    (39.022, -77.1473)"
"201589596","9105","260038862","09/04/2026 06:15:30 PM","09/04/2026 06:13:00 PM","09/04/2026 06:37:00 PM","90Z","1","Crime Against Society","All Other Offenses","LOST PROPERTY","ROCKVILLE","300 BLK  HUNGERFORD DR","ROCKVILLE","MD","20850","RCPD","Parking Lot - Commercial","A","1A1","277","300",,"HUNGERFORD",,"DR","39.08657","-77.1494","1D","    (39.0866, -77.1494)"
"201590008","2303","260039372","09/04/2026 06:12:02 PM","09/04/2026 06:12:00 PM",,"23C","1","Crime Against Property","Shoplifting","LARCENY - SHOPLIFTING","MONTGOMERY VILLAGE","18200 BLK  FLOWER HILL WAY","GAITHERSBURG","MD","20879","MCPD","Grocery/Supermarket","R","6R3","420","18200",,"FLOWER HILL",,"WAY","39.15466","-77.1637","6D","    (39.1547, -77.1637)"
"201591372","9105","260041118",,"09/04/2026 06:00:00 PM","09/05/2026 01:00:00 PM","90Z","1","Crime Against Society","All Other Offenses","LOST PROPERTY","SILVER SPRING","13000 BLK  CONDUCTOR WAY","SILVER SPRING","MD","20904","MCPD","Street - Residential","I","3I2","378","13000",,"CONDUCTOR",,"WAY","39.07054","-76.9474","3D","    (39.0705, -76.9474)"
"201589651","2999","260038976","09/05/2026 03:16:41 PM","09/04/2026 06:00:00 PM","09/05/2026 03:30:00 PM","290","1","Crime Against Property","Destruction/Damage/Vandalism of Property","DAMAGE PROPERTY (DESCRIBE OFFENSE)","TAKOMA PARK","6300 BLK  EASTERN AVE","TAKOMA PARK","DC","20912","TPPD","Street - Residential","T","8T1","802","6300",,"EASTERN",,"AVE","38.96655","-77.0035","TPPD","    (38.9665, -77.0035)"
"201589651","2305","260038976","09/05/2026 03:16:41 PM","09/04/2026 06:00:00 PM","09/05/2026 03:30:00 PM","23F","1","Crime Against Property","Theft From Motor Vehicle","LARCENY - FROM AUTO","TAKOMA PARK","6300 BLK  EASTERN AVE","TAKOMA PARK","DC","20912","TPPD","Street - Residential","T","8T1","802","6300",,"EASTERN",,"AVE","38.96655","-77.0035","TPPD","    (38.9665, -77.0035)"
"201589966","2901","260038874","09/04/2026 05:53:27 PM","09/04/2026 05:53:00 PM",,"290","1","Crime Against Property","Destruction/Damage/Vandalism of Property","DAMAGE PROPERTY - BUSINESS","WHEATON","11100 BLK  VEIRS MILL RD","SILVER SPRING","MD","20902","MCPD","Retail - Mall","L","4L2","321","11100",,"VEIRS MILL",,"RD","39.03756","-77.0519","4D","    (39.0376, -77.0519)"
"201589589","9105","260038867","09/04/2026 06:38:16 PM","09/04/2026 05:45:00 PM","09/04/2026 06:30:00 PM","90Z","1","Crime Against Society","All Other Offenses","LOST PROPERTY","BETHESDA","7400 BLK  DEMOCRACY BLV","BETHESDA","MD","20817","MCPD","Other/Unknown","E","2E2","520","7400",,"DEMOCRACY",,"BLV","39.02268","-77.151","2D","    (39.0227, -77.151)"
"201589567","2999","260038856","09/04/2026 05:26:25 PM","09/04/2026 05:26:00 PM",,"290","1","Crime Against Property","Destruction/Damage/Vandalism of Property","DAMAGE PROPERTY (DESCRIBE OFFENSE)","TAKOMA PARK","900 BLK  JACKSON AVE","TAKOMA PARK","MD","20912","TPPD","Street - Residential","T","8T2","805","900",,"JACKSON",,"AVE","38.98407","-76.9954","TPPD","    (38.9841, -76.9954)"
"201589567","2404","260038856","09/04/2026 05:26:25 PM","09/04/2026 05:26:00 PM",,"240","1","Crime Against Property","Motor Vehicle Theft","AUTO THEFT - VEHICLE THEFT","TAKOMA PARK","900 BLK  JACKSON AVE","TAKOMA PARK","MD","20912","TPPD","Street - Residential","T","8T2","805","900",,"JACKSON",,"AVE","38.98407","-76.9954","TPPD","    (38.9841, -76.9954)"
"201589597","9199","260038855","09/04/2026 05:25:14 PM","09/04/2026 05:25:00 PM",,"90Z","1","Crime Against Society","All Other Offenses","POLICE INFORMATION","BETHESDA","6300 BLK  LONE OAK DR","BETHESDA","MD","20817","MCPD","School - Elementary/Secondary","E","2E1","194","6300",,"LONE OAK",,"DR","39.0202","-77.1265","2D","    (39.0202, -77.1265)"
"201590306","2404","260038980","09/05/2026 03:17:13 PM","09/04/2026 05:00:00 PM","09/04/2026 08:00:00 PM","240","1","Crime Against Property","Motor Vehicle Theft","AUTO THEFT - VEHICLE THEFT","ROCKVILLE","5600 BLK  FISHERS LA","ROCKVILLE","MD","20852","MCPD","Parking Lot - Other","A","1A2","302","5600",,"FISHERS",,"LA","39.06277","-77.1153","1D","    (39.0628, -77.1153)"
"201589608","2404","260038899","09/04/2026 11:18:43 PM","09/04/2026 05:00:00 PM","09/04/2026 11:00:00 PM","240","1","Crime Against Property","Motor Vehicle Theft","AUTO THEFT - VEHICLE THEFT","ROCKVILLE","200 BLK  ROLLINS AVE","ROCKVILLE","MD","20852","RCPD","Parking Lot - Residential","A","1A2","267","200",,"ROLLINS",,"AVE","39.05848","-77.1264","1D","    (39.0585, -77.1264)"
"201589559","2303","260038848","09/04/2026 04:56:49 PM","09/04/2026 04:56:00 PM",,"23C","1","Crime Against Property","Shoplifting","LARCENY - SHOPLIFTING","GERMANTOWN","20900 BLK  FREDERICK RD","GERMANTOWN","MD","20876","MCPD","Retail - Other","M","5M1","701","20900",,"FREDERICK",,"RD","39.19829","-77.2448","5D","    (39.1983, -77.2448)"
"201589555","2399","260038850","09/04/2026 04:46:43 PM","09/04/2026 04:46:00 PM",,"23H","1","Crime Against Property","All other Larceny","LARCENY (DESCRIBE OFFENSE)","BETHESDA","8500 BLK  CHEVY CHASE LAKE TER","CHEVY CHASE","MD","20815","MCPD","Street - Commercial","D","2D1","039","8500",,"CHEVY CHASE LAKE",,"TER","38.995","-77.0757","2D","    (38.995, -77.0757)"
"201589570","2610","260038851","09/04/2026 04:41:59 PM","09/04/2026 04:41:00 PM",,"26F","1","Crime Against Property","Identity Theft","IDENTITY THEFT","MONTGOMERY VILLAGE","500 BLK N FREDERICK AVE","GAITHERSBURG","MD","20877","GPD","Bank/S&L/Credit Union","R","6R1","548","500","N","FREDERICK",,"AVE","39.14889","-77.2077","6D","    (39.1489, -77.2077)"
"201589681","9113","260038857","09/04/2026 04:35:57 PM","09/04/2026 04:35:00 PM",,"90Z","1","Crime Against Society","All Other Offenses","MENTAL ILLNESS - EMERGENCY PETITION","MONTGOMERY VILLAGE","400 BLK  GIRARD ST","GAITHERSBURG","MD","20877","GPD","Residence - Apartment/Condo","P","6P3","419","400",,"GIRARD",,"ST","39.14648","-77.1849","6D","    (39.1465, -77.1849)"
"201589560","2205","260038849","09/04/2026 04:10:36 PM","09/04/2026 04:10:00 PM",,"220","1","Crime Against Property","Burglary/Breaking and Entering","BURGLARY - NO FORCED ENTRY-NONRESIDENTIAL","BETHESDA","2100 BLK E JEFFERSON ST","ROCKVILLE","MD","20852","MCPD","Abandoned/Condemned Structures","E","2E1","200","2100","E","JEFFERSON",,"ST","39.05083","-77.1261","2D","    (39.0508, -77.1261)"
"201589874","2902","260038845","09/04/2026 04:01:13 PM","09/04/2026 04:01:00 PM",,"290","1","Crime Against Property","Destruction/Damage/Vandalism of Property","DAMAGE PROPERTY - PRIVATE","MONTGOMERY VILLAGE","700 BLK  CLOPPER RD","GAITHERSBURG","MD","20878","GPD","Parking Lot - Residential","P","6P2","555","700",,"CLOPPER",,"RD","39.14368","-77.2237","6D","    (39.1437, -77.2237)"
"201589558","2308","260038859","09/04/2026 05:52:03 PM","09/04/2026 04:00:00 PM","09/04/2026 04:45:00 PM","23D","1","Crime Against Property","Theft from Building","LARCENY - FROM BLDG","MONTGOMERY VILLAGE","20000 BLK  GOSHEN RD","GAITHERSBURG","MD","20879","MCPD","Grocery/Supermarket","R","6R2","504","20000",,"GOSHEN",,"RD","0.0","0.0","6D","    (0.0, 0.0)"
"201589568","2999","260038864","09/04/2026 06:33:46 PM","09/04/2026 04:00:00 PM","09/04/2026 05:15:00 PM","290","1","Crime Against Property","Destruction/Damage/Vandalism of Property","DAMAGE PROPERTY (DESCRIBE OFFENSE)","TAKOMA PARK","7200 BLK  CENTRAL AVE","TAKOMA PARK","MD","20912","TPPD","Street - Residential","T","8T2","805","7200",,"CENTRAL",,"AVE","38.98219","-76.9933","TPPD","    (38.9822, -76.9933)"
"201590386","2902","260038998","09/05/2026 04:39:41 PM","09/04/2026 04:00:00 PM","09/05/2026 11:00:00 AM","290","1","Crime Against Property","Destruction/Damage/Vandalism of Property","DAMAGE PROPERTY - PRIVATE","SILVER SPRING","400 BLK  UNIVERSITY BLV E","SILVER SPRING","MD","20901","MCPD","Parking Lot - Residential","G","3G3","134","400",,"UNIVERSITY","E","BLV","39.00978","-76.9998","3D","    (39.0098, -76.9998)"
"201589997","2610","260039379","09/08/2026 02:39:07 PM","09/04/2026 04:00:00 PM","09/04/2026 04:00:00 PM","26F","1","Crime Against Property","Identity Theft","IDENTITY THEFT","WHEATON","1  BLK  REDGATE CT","SILVER SPRING","MD","20905","MCPD","Other/Unknown","K","4K2","372","1",,"REDGATE",,"CT","39.10602","-77.0154","4D","    (39.106, -77.0154)"
"201589551","1206","260038844","09/04/2026 03:54:36 PM","09/04/2026 03:54:00 PM",,"120","1","Crime Against Property","Robbery","ROBBERY - STREET-STRONG-ARM","WHEATON",,"SILVER SPRING","MD","20906","MCPD","Street - Bus Stop","K","4K1","348",,,"PEAR TREE",,"LA","39.0898","-77.0691","4D","    (39.0898, -77.0691)"
"201589591","9108","260038871","09/04/2026 03:48:43 PM","09/04/2026 03:48:00 PM",,"90Z","1","Crime Against Society","All Other Offenses","RECOVERED PROPERTY - MONT CO.","BETHESDA","1  BLK  BETHESDA METRO CTR","BETHESDA","MD","20814","MCPD","Commercial - Office Building","D","2D2","033","1",,"BETHESDA METRO",,"CTR","38.98413","-77.0941","2D","    (38.9841, -77.0941)"
"201590044","9105","260039415","09/08/2026 05:25:13 PM","09/04/2026 03:30:00 PM","09/05/2026 10:00:00 AM","90Z","1","Crime Against Society","All Other Offenses","LOST PROPERTY","BETHESDA","5800 BLK  WYNGATE DR","BETHESDA","MD","20817","MCPD","Other/Unknown","E","2E1","070","5800",,"WYNGATE",,"DR","39.01114","-77.1191","2D","    (39.0111, -77.1191)"
"201589653","2305","260038991",,"09/04/2026 03:30:00 PM","09/05/2026 02:00:00 PM","23F","1","Crime Against Property","Theft From Motor Vehicle","LARCENY - FROM AUTO","MONTGOMERY VILLAGE","9500 BLK  DUFFER WAY","MONTGOMERY VILLAGE","MD","20886","MCPD","Parking Lot - Residential","R","6R2","504","9500",,"DUFFER",,"WAY","0.0","0.0","6D","    (0.0, 0.0)"
"201589552","5309","260038841","09/04/2026 03:18:25 PM","09/04/2026 03:18:00 PM",,"90Z","1","Crime Against Society","All Other Offenses","PUBLIC PEACE - HARASSING COMMUNICATION","MONTGOMERY VILLAGE","17700 BLK  LARCHMONT TER","GAITHERSBURG","MD","20877","MCPD","Residence -Townhouse/Duplex","P","6P3","767","17700",,"LARCHMONT",,"TER","39.14686","-77.1724","6D","    (39.1469, -77.1724)"
"201589599","2605","260038839","09/04/2026 03:06:40 PM","09/04/2026 03:06:00 PM",,"26B","1","Crime Against Property","Credit Card/Automatic Teller Machine Fraud","FRAUD - ILLEGAL USE CREDIT CARDS","MONTGOMERY VILLAGE","1  BLK  MARKET ST","GAITHERSBURG","MD","20878","GPD","Retail - Hardware","P","6P2","450","1",,"MARKET",,"ST","39.12411","-77.235","6D","    (39.1241, -77.235)"
"201589531","3700","260038647",,"09/04/2026 03:05:00 PM",,"370","1","Crime Against Society","Pornography/Obscene Material","OBSCENE MATERIAL","GERMANTOWN","200 BLK  RED OAK RIDGE PL","BOYDS","MD","20841","MCPD","Residence - Single Family","M","5M3","598","200",,"RED OAK RIDGE",,"PL","39.21539","-77.2551","5D","    (39.2154, -77.2551)"
"201589550","1399","260038828","09/04/2026 02:47:09 PM","09/04/2026 02:47:00 PM",,"13B","1","Crime Against Person","Simple Assault","ASSAULT - 2ND DEGREE","SILVER SPRING","100 BLK  UNIVERSITY BLV W","SILVER SPRING","MD","20901","MCPD","Street - Other","I","3I3","160","100",,"UNIVERSITY","W","BLV","39.02006","-77.0136","3D","    (39.0201, -77.0136)"
"201589528","3562","260038802",,"09/04/2026 02:47:00 PM",,"35A","1","Crime Against Society","Drug/Narcotic Violations","DRUGS - MARIJUANA - POSSESS","WHEATON",,"SILVER SPRING","MD","20906","MCPD","Street - In vehicle","L","4L3","350",,,"GEORGIA",,"AVE","39.10125","-77.0769","4D","    (39.1013, -77.0769)"
"201590076","9099","260038819","09/04/2026 02:32:47 PM","09/04/2026 02:32:00 PM",,"90Z","1","Crime Against Society","All Other Offenses","ALL OTHER OFFENSES","GERMANTOWN","20300 BLK  BRANDERMILL DR","GERMANTOWN","MD","20876","MCPD","School - Elementary/Secondary","M","5M1","471","20300",,"BRANDERMILL",,"DR","39.1905","-77.2339","5D","    (39.1905, -77.2339)"
"201589554","9101","260038825","09/04/2026 02:16:23 PM","09/04/2026 02:16:00 PM",,"90Z","1","Crime Against Society","All Other Offenses","SUDDEN DEATH","TAKOMA PARK","7400 BLK  CARROLL AVE","TAKOMA PARK","MD","20912","TPPD","Auto Dealership","T","8T2","804","7400",,"CARROLL",,"AVE","38.97972","-77.0047","TPPD","    (38.9797, -77.0047)"
"201589940","2305","260038944","09/05/2026 10:55:40 AM","09/04/2026 02:00:00 PM","09/05/2026 08:50:00 AM","23F","1","Crime Against Property","Theft From Motor Vehicle","LARCENY - FROM AUTO","WHEATON","1100 BLK  CADDINGTON AVE","SILVER SPRING","MD","20901","MCPD","Street - Residential","L","4L2","158","1100",,"CADDINGTON",,"AVE","39.03573","-77.0174","4D","    (39.0357, -77.0174)"
"201589525","9113","260038815","09/04/2026 01:43:03 PM","09/04/2026 01:43:00 PM",,"90Z","1","Crime Against Society","All Other Offenses","MENTAL ILLNESS - EMERGENCY PETITION","MONTGOMERY VILLAGE","600 BLK  PERRY PKW","GAITHERSBURG","MD","20877","MCPD","Hotel/Motel/Etc.","P","6P2","428","600",,"PERRY",,"PKW","0.0","0.0","6D","    (0.0, 0.0)"
"201589533","9199","260038813","09/04/2026 01:14:05 PM","09/04/2026 01:14:00 PM",,"90Z","1","Crime Against Society","All Other Offenses","POLICE INFORMATION","WHEATON","4100 BLK  POSTGATE TER","SILVER SPRING","MD","20906","MCPD","Residence - Apartment/Condo","K","4K1","534","4100",,"POSTGATE",,"TER","39.0881","-77.0792","4D","    (39.0881, -77.0792)"
"201589522","9199","260038807","09/04/2026 01:14:13 PM","09/04/2026 01:14:00 PM",,"90Z","1","Crime Against Society","All Other Offenses","POLICE INFORMATION","GERMANTOWN","20000 BLK  AIRCRAFT DR","GERMANTOWN","MD","20874","MCPD","Industrial Site","N","5N1","702","20000",,"AIRCRAFT",,"DR","39.18396","-77.2617","5D","    (39.184, -77.2617)"
"201589539","3532","260038809","09/04/2026 12:56:08 PM","09/04/2026 12:56:00 PM",,"35A","1","Crime Against Society","Drug/Narcotic Violations","DRUGS - COCAINE - POSSESS","TAKOMA PARK","6400 BLK  NEW HAMPSHIRE AVE","TAKOMA PARK","MD","20912","TPPD","Commercial - Office Building","T","8T1","802","6400",,"NEW HAMPSHIRE",,"AVE","38.96733","-77.0012","TPPD","    (38.9673, -77.0012)"
"201589539","3550","260038809","09/04/2026 12:56:08 PM","09/04/2026 12:56:00 PM",,"35B","1","Crime Against Society","Drug Equipment Violations","DRUGS - NARCOTIC EQUIP - POSSESS","TAKOMA PARK","6400 BLK  NEW HAMPSHIRE AVE","TAKOMA PARK","MD","20912","TPPD","Commercial - Office Building","T","8T1","802","6400",,"NEW HAMPSHIRE",,"AVE","38.96733","-77.0012","TPPD","    (38.9673, -77.0012)"
"201589714","2305","260038800","09/04/2026 12:42:28 PM","09/04/2026 12:42:00 PM",,"23F","1","Crime Against Property","Theft From Motor Vehicle","LARCENY - FROM AUTO","MONTGOMERY VILLAGE","100 BLK  KENDRICK PL","GAITHERSBURG","MD","20878","GPD","Parking Lot - Residential","P","6P2","450","100",,"KENDRICK",,"PL","39.12445","-77.2437","6D","    (39.1245, -77.2437)"
"201589714","2902","260038800","09/04/2026 12:42:28 PM","09/04/2026 12:42:00 PM",,"290","1","Crime Against Property","Destruction/Damage/Vandalism of Property","DAMAGE PROPERTY - PRIVATE","MONTGOMERY VILLAGE","100 BLK  KENDRICK PL","GAITHERSBURG","MD","20878","GPD","Parking Lot - Residential","P","6P2","450","100",,"KENDRICK",,"PL","39.12445","-77.2437","6D","    (39.1245, -77.2437)"
"201589532","9199","260038824","09/04/2026 02:23:16 PM","09/04/2026 12:30:00 PM",,"90Z","1","Crime Against Society","All Other Offenses","POLICE INFORMATION","ROCKVILLE","2100 BLK  BALTIMORE RD","ROCKVILLE","MD","20851","RCPD","School - Elementary/Secondary","A","1A2","290","2100",,"BALTIMORE",,"RD","39.08472","-77.1183","1D","    (39.0847, -77.1183)"
"201589536","9113","260038817","09/04/2026 12:24:43 PM","09/04/2026 12:24:00 PM","09/04/2026 12:00:00 AM","90Z","1","Crime Against Society","All Other Offenses","MENTAL ILLNESS - EMERGENCY PETITION","SILVER SPRING","8400 BLK  COLESVILLE RD","SILVER SPRING","MD","20910","MCPD","Park","G","3G1","094","8400",,"COLESVILLE",,"RD","38.99394","-77.0315","3D","    (38.9939, -77.0315)"
"201589571","2399","260038821","09/04/2026 02:24:39 PM","09/04/2026 12:15:00 PM",,"23H","1","Crime Against Property","All other Larceny","LARCENY (DESCRIBE OFFENSE)","ROCKVILLE","8800 BLK  SLEEPY HOLLOW LA","POTOMAC","MD","20854","MCPD","Street - Residential","B","1B1","222","8800",,"SLEEPY HOLLOW",,"LA","39.03603","-77.1809","1D","    (39.036, -77.1809)"
"201589544","2902","260038833","09/04/2026 03:18:00 PM","09/04/2026 12:05:00 PM","09/04/2026 02:33:00 PM","290","1","Crime Against Property","Destruction/Damage/Vandalism of Property","DAMAGE PROPERTY - PRIVATE","BETHESDA","10400 BLK  CONNECTICUT AVE","KENSINGTON","MD","20895","MCPD","Parking Lot - Commercial","D","2D1","179","10400",,"CONNECTICUT",,"AVE","39.02637","-77.0768","2D","    (39.0264, -77.0768)"
"201589512","9113","260038805","09/04/2026 12:03:18 PM","09/04/2026 12:03:00 PM",,"90Z","1","Crime Against Society","All Other Offenses","MENTAL ILLNESS - EMERGENCY PETITION","WHEATON",,"SILVER SPRING","MD","20902","MCPD","Street - Residential","L","4L2","167",,,"GRIDLEY",,"LA","39.05599","-77.0868","4D","    (39.056, -77.0868)"
"201589506","9108","260038780","09/04/2026 11:29:33 AM","09/04/2026 11:29:00 AM","09/04/2026 11:30:00 AM","90Z","1","Crime Against Society","All Other Offenses","RECOVERED PROPERTY - MONT CO.","ROCKVILLE","1  BLK N WASHINGTON ST","ROCKVILLE","MD","20850","RCPD","Parking Lot - Commercial","A","1A1","255","1","N","WASHINGTON",,"ST","39.08502","-77.1529","1D","    (39.085, -77.1529)"
"201589515","9021","260038795","09/04/2026 11:38:38 AM","09/04/2026 11:26:00 AM",,"90I","1","Crime Against Not a Crime","Runaway","JUVENILE - RUNAWAY","ROCKVILLE","2100 BLK  WOOTTON PKW","ROCKVILLE","MD","20850","RCPD","School - Elementary/Secondary","B","1B1","238","2100",,"WOOTTON",,"PKW","39.07499","-77.1822","1D","    (39.075, -77.1822)"
"201589542","5016","260038788","09/04/2026 11:23:20 AM","09/04/2026 11:23:00 AM","09/04/2026 03:00:00 PM","90Z","1","Crime Against Society","All Other Offenses","OBSTRUCT GOVT - VIOLATION OF A COURT ORDER","BETHESDA","7500 BLK  SPRING LAKE DR","BETHESDA","MD","20817","MCPD","Residence - Apartment/Condo","E","2E2","520","7500",,"SPRING LAKE",,"DR","39.02639","-77.1522","2D","    (39.0264, -77.1522)"
"201589542","1399","260038788","09/04/2026 11:23:20 AM","09/04/2026 11:23:00 AM","09/04/2026 03:00:00 PM","13B","1","Crime Against Person","Simple Assault","ASSAULT - 2ND DEGREE","BETHESDA","7500 BLK  SPRING LAKE DR","BETHESDA","MD","20817","MCPD","Residence - Apartment/Condo","E","2E2","520","7500",,"SPRING LAKE",,"DR","39.02639","-77.1522","2D","    (39.0264, -77.1522)"
"201589584","4199","260038778",,"09/04/2026 11:19:00 AM",,"90G","1","Crime Against Society","Liquor Law Violations","LIQUOR (DESCRIBE OFFENSE)","WHEATON","3800 BLK  INTERNATIONAL DR","SILVER SPRING","MD","20906","MCPD","Grocery/Supermarket","K","4K1","346","3800",,"INTERNATIONAL",,"DR","39.10367","-77.0752","4D","    (39.1037, -77.0752)"
"201589523","2308","260038814","09/04/2026 02:00:39 PM","09/04/2026 11:17:00 AM","09/04/2026 12:03:00 PM","23D","1","Crime Against Property","Theft from Building","LARCENY - FROM BLDG","WHEATON","12200 BLK  VEIRS MILL RD","SILVER SPRING","MD","20906","MCPD","Retail - Department/Discount Store","L","4L3","525","12200",,"VEIRS MILL",,"RD","39.05614","-77.0826","4D","    (39.0561, -77.0826)"
"201590263","2399","260039705","09/10/2026 05:43:11 PM","09/04/2026 11:00:00 AM","09/10/2026 05:00:00 PM","23H","1","Crime Against Property","All other Larceny","LARCENY (DESCRIBE OFFENSE)","ROCKVILLE","1700 BLK E JEFFERSON ST","ROCKVILLE","MD","20852","MCPD","Other/Unknown","A","1A2","270","1700","E","JEFFERSON",,"ST","39.05848","-77.1264","1D","    (39.0585, -77.1264)"
"201589812","2316","260039030","09/05/2026 09:47:49 PM","09/04/2026 11:00:00 AM","09/05/2026 01:00:00 PM","23H","1","Crime Against Property","All other Larceny","LARCENY - POSTAL","ROCKVILLE","7900 BLK  RAPHAEL CT","POTOMAC","MD","20854","MCPD","Residence - Other","B","1B1","203","7900",,"RAPHAEL",,"CT","39.05147","-77.1612","1D","    (39.0515, -77.1612)"
"201589947","9113","260038808","09/04/2026 10:58:10 AM","09/04/2026 10:58:00 AM",,"90Z","1","Crime Against Society","All Other Offenses","MENTAL ILLNESS - EMERGENCY PETITION","MONTGOMERY VILLAGE","5900 BLK  MUNCASTER MILL RD","DERWOOD","MD","20855","MCSO","School - Elementary/Secondary","R","6R3","397","5900",,"MUNCASTER MILL",,"RD","39.12941","-77.1183","6D","    (39.1294, -77.1183)"
"201589594","9021","260038783","09/04/2026 10:55:17 AM","09/04/2026 10:55:00 AM",,"90I","1","Crime Against Not a Crime","Runaway","JUVENILE - RUNAWAY","SILVER SPRING","11700 BLK  OLD COLUMBIA PIKE PIK","SILVER SPRING","MD","20904","MCPD","Residence - Apartment/Condo","I","3I1","145","11700",,"OLD COLUMBIA PIKE",,"PIK","0.0","0.0","3D","    (0.0, 0.0)"
"201590082","9199","260038804","09/04/2026 10:51:00 AM","09/04/2026 10:51:00 AM",,"90Z","1","Crime Against Society","All Other Offenses","POLICE INFORMATION","MONTGOMERY VILLAGE","100 BLK  EDUCATION BLV","GAITHERSBURG","MD","20877","GPD","School - Elementary/Secondary","P","6P3","433","100",,"EDUCATION",,"BLV","39.13589","-77.1921","6D","    (39.1359, -77.1921)"
"201589620","9199","260038779","09/04/2026 10:49:14 AM","09/04/2026 10:49:00 AM",,"90Z","1","Crime Against Society","All Other Offenses","POLICE INFORMATION","WHEATON","1100 BLK  GOOD HOPE DR","SILVER SPRING","MD","20905","MCPD","Residence -Townhouse/Duplex","K","4K2","904","1100",,"GOOD HOPE",,"DR","39.09254","-76.9893","4D","    (39.0925, -76.9893)"
"201589535","2902","260038784","09/04/2026 10:49:20 AM","09/04/2026 10:49:00 AM","09/04/2026 12:00:00 AM","290","1","Crime Against Property","Destruction/Damage/Vandalism of Property","DAMAGE PROPERTY - PRIVATE","SILVER SPRING",,"SILVER SPRING","MD","20910","MCPD","Street - Commercial","G","3G1","094",,,"GEORGIA",,"AVE","39.10125","-77.0769","3D","    (39.1013, -77.0769)"
"201589518","9101","260038782","09/04/2026 10:38:50 AM","09/04/2026 10:38:00 AM",,"90Z","1","Crime Against Society","All Other Offenses","SUDDEN DEATH","WHEATON","18600 BLK  MINK HOLLOW RD","HIGHLAND","MD","20777","MCPD","Residence - Single Family","K","4K3","403","18600",,"MINK HOLLOW",,"RD","39.16172","-77.0","4D","    (39.1617, -77.0)"
"201589829","5707","260038781","09/04/2026 10:34:10 AM","09/04/2026 10:34:00 AM",,"90J","1","Crime Against Society","Trespass of Real Property","TRESPASSING","SILVER SPRING","1  BLK  UNIVERSITY BLV W","SILVER SPRING","MD","20901","MCPD","Convenience Store","I","3I3","160","1",,"UNIVERSITY","W","BLV","39.02037","-77.0127","3D","    (39.0204, -77.0127)"
"201589549","9113","260038798","09/04/2026 10:14:38 AM","09/04/2026 10:14:00 AM","09/04/2026 12:00:00 PM","90Z","1","Crime Against Society","All Other Offenses","MENTAL ILLNESS - EMERGENCY PETITION","ROCKVILLE","2000 BLK  BALTIMORE RD","ROCKVILLE","MD","20851","RCPD","Residence - Apartment/Condo","A","1A2","290","2000",,"BALTIMORE",,"RD","39.08424","-77.119","1D","    (39.0842, -77.119)"
"201589740","2304","260039090","09/06/2026 01:47:19 PM","09/04/2026 10:00:00 AM","09/06/2026 09:00:00 AM","23G","1","Crime Against Property","Theft of Motor Vehicle Parts or Accessories","LARCENY - AUTO PARTS","BETHESDA","9100 BLK  KIRKDALE RD","BETHESDA","MD","20817","MCPD","Street - Residential","E","2E1","068","9100",,"KIRKDALE",,"RD","39.00628","-77.1308","2D","    (39.0063, -77.1308)"
"201589510","9201","260038775","09/04/2026 10:29:46 AM","09/04/2026 10:00:00 AM",,"90Z","1","Crime Against Society","All Other Offenses","OVERDOSE","ROCKVILLE","1000 BLK  1ST ST","ROCKVILLE","MD","20850","RCPD","School - Elementary/Secondary","A","1A1","287","1000",,"1ST",,"ST","0.0","0.0","1D","    (0.0, 0.0)"
"201590881","2304","260040476","09/15/2026 04:21:05 PM","09/04/2026 10:00:00 AM","09/11/2026 10:00:00 AM","23G","1","Crime Against Property","Theft of Motor Vehicle Parts or Accessories","LARCENY - AUTO PARTS","MONTGOMERY VILLAGE","8500 BLK  SNOUFFER SCHOOL RD","GAITHERSBURG","MD","20879","MCPD","Parking Lot - Residential","R","6R3","421","8500",,"SNOUFFER SCHOOL",,"RD","39.16819","-77.175","6D","    (39.1682, -77.175)"
"201589922","2308","260039270","09/07/2026 08:47:52 PM","09/04/2026 10:00:00 AM","09/07/2026 08:00:00 PM","23D","1","Crime Against Property","Theft from Building","LARCENY - FROM BLDG","SILVER SPRING","11200 BLK  LOCKWOOD DR","SILVER SPRING","MD","20901","MCPD","Residence - Apt Ofc/Storage","I","3I1","518","11200",,"LOCKWOOD",,"DR","39.03877","-76.9925","3D","    (39.0388, -76.9925)"
"201589537","5311","260038831","09/04/2026 09:20:14 AM","09/04/2026 09:20:00 AM","09/04/2026 12:00:00 AM","90C","1","Crime Against Society","Disorderly Conduct","PUBLIC PEACE - DISORDERLY CONDUCT","SILVER SPRING","8100 BLK  FENTON ST","SILVER SPRING","MD","20910","MCPD","Convenience Store","G","3G1","111","8100",,"FENTON",,"ST","38.99021","-77.0239","3D","    (38.9902, -77.0239)"
"201589513","2610","260038769","09/04/2026 09:17:50 AM","09/04/2026 09:17:00 AM",,"26F","1","Crime Against Property","Identity Theft","IDENTITY THEFT","WHEATON","2300 BLK  RANDOLPH RD","SILVER SPRING","MD","20902","MCPD","Residence - Single Family","L","4L1","366","2300",,"RANDOLPH",,"RD","39.05861","-77.0485","4D","    (39.0586, -77.0485)"
"201589516","2404","260038811","09/04/2026 01:04:34 PM","09/04/2026 08:30:00 AM","09/04/2026 12:59:00 PM","240","1","Crime Against Property","Motor Vehicle Theft","AUTO THEFT - VEHICLE THEFT","MONTGOMERY VILLAGE","9300 BLK  CORPORATE BLV","ROCKVILLE","MD","20850","MCPD","Parking Garage - Residential","P","6P1","721","9300",,"CORPORATE",,"BLV","39.10806","-77.1911","6D","    (39.1081, -77.1911)"
"201589496","1199","260038759","09/04/2026 08:26:41 AM","09/04/2026 08:26:00 AM",,"11D","1","Crime Against Person","Forcible Fondling","SEX ASSAULT - FONDLING","GERMANTOWN","22500 BLK  WIMS RD","CLARKSBURG","MD","20871","MCPD","School - Elementary/Secondary","M","5M3","598","22500",,"WIMS",,"RD","0.0","0.0","5D","    (0.0, 0.0)"
"201589989","9105","260039373","09/08/2026 02:17:57 PM","09/04/2026 08:00:00 AM","09/04/2026 03:00:00 PM","90Z","1","Crime Against Society","All Other Offenses","LOST PROPERTY","WHEATON","15000 BLK  RED CLOVER DR","ROCKVILLE","MD","20853","MCPD","Other/Unknown","K","4K1","394","15000",,"RED CLOVER",,"DR","39.101","-77.0982","4D","    (39.101, -77.0982)"
"201589504","2999","260038758","09/04/2026 07:51:27 AM","09/04/2026 07:51:00 AM",,"290","1","Crime Against Property","Destruction/Damage/Vandalism of Property","DAMAGE PROPERTY (DESCRIBE OFFENSE)","TAKOMA PARK","900 BLK  HEATHER AVE","TAKOMA PARK","MD","20912","TPPD","Street - Residential","T","8T3","808","900",,"HEATHER",,"AVE","38.97997","-76.9945","TPPD","    (38.98, -76.9945)"
"201589826","2303","260038757","09/04/2026 07:43:28 AM","09/04/2026 07:43:00 AM",,"23C","1","Crime Against Property","Shoplifting","LARCENY - SHOPLIFTING","SILVER SPRING","900 BLK  THAYER AVE","SILVER SPRING","MD","20910","MCPD","Grocery/Supermarket","G","3G1","670","900",,"THAYER",,"AVE","38.99304","-77.024","3D","    (38.993, -77.024)"
"201589825","9113","260038766","09/04/2026 07:30:50 AM","09/04/2026 07:30:00 AM",,"90Z","1","Crime Against Society","All Other Offenses","MENTAL ILLNESS - EMERGENCY PETITION","SILVER SPRING","8700 BLK  FLOWER AVE","SILVER SPRING","MD","20901","MCPD","Street - Bus Stop","G","3G3","126","8700",,"FLOWER",,"AVE","0.0","0.0","3D","    (0.0, 0.0)"
"201589482","2999","260038752","09/04/2026 07:18:34 AM","09/04/2026 07:18:00 AM",,"290","1","Crime Against Property","Destruction/Damage/Vandalism of Property","DAMAGE PROPERTY (DESCRIBE OFFENSE)","TAKOMA PARK","400 BLK  BOYD AVE","TAKOMA PARK","MD","20912","TPPD","Street - Residential","T","8T3","808","400",,"BOYD",,"AVE","0.0","0.0","TPPD","    (0.0, 0.0)"
"201589487","2699","260038754","09/04/2026 07:07:04 AM","09/04/2026 07:07:00 AM",,"26A","1","Crime Against Property","False Pretenses/Swindle/Confidence Game","FRAUD (DESCRIBE OFFENSE)","MONTGOMERY VILLAGE","1  BLK  RUSSELL AVE","GAITHERSBURG","MD","20877","GPD","Bank/S&L/Credit Union","P","6P3","427","1",,"RUSSELL",,"AVE","39.14184","-77.1964","6D","    (39.1418, -77.1964)"
"201589733","9199","260039067","09/06/2026 09:11:31 AM","09/04/2026 07:00:00 AM",,"90Z","1","Crime Against Society","All Other Offenses","POLICE INFORMATION","GERMANTOWN","11800 BLK  COLLINS DR","GERMANTOWN","MD","20876","MCPD","Residence - Single Family","M","5M1","468","11800",,"COLLINS",,"DR","39.19404","-77.2435","5D","    (39.194, -77.2435)"
"201589524","9021","260038751","09/04/2026 06:17:22 AM","09/04/2026 06:17:00 AM",,"90I","1","Crime Against Not a Crime","Runaway","JUVENILE - RUNAWAY","MONTGOMERY VILLAGE","7400 BLK  KILCREGGAN TER","GAITHERSBURG","MD","20879","MCPD","Residence - Single Family","R","6R3","421","7400",,"KILCREGGAN",,"TER","39.17801","-77.1538","6D","    (39.178, -77.1538)"
"201589485","2399","260038750","09/04/2026 06:23:28 AM","09/04/2026 05:11:00 AM","09/04/2026 05:11:00 AM","23H","1","Crime Against Property","All other Larceny","LARCENY (DESCRIBE OFFENSE)","ROCKVILLE","1  BLK  HELEN HENEGHAN WAY","ROCKVILLE","MD","20850","RCPD","Residence - Apartment/Condo","A","1A1","276","1",,"HELEN HENEGHAN",,"WAY","39.0851","-77.15","1D","    (39.0851, -77.15)"
"201589477","1216","260038748","09/04/2026 03:30:23 AM","09/04/2026 03:30:00 AM",,"120","1","Crime Against Property","Robbery","ROBBERY - STRONG ARM","SILVER SPRING","8300 BLK  FENTON ST","SILVER SPRING","MD","20910","MCPD","Gas Station","G","3G1","110","8300",,"FENTON",,"ST","38.99304","-77.024","3D","    (38.993, -77.024)"
"201589745","2305","260039095","09/06/2026 02:25:03 PM","09/04/2026 03:00:00 AM","09/06/2026 01:30:00 PM","23F","1","Crime Against Property","Theft From Motor Vehicle","LARCENY - FROM AUTO","SILVER SPRING","4300 BLK  REGALWOOD TER","BURTONSVILLE","MD","20866","MCPD","Parking Lot - Residential","I","3I2","381","4300",,"REGALWOOD",,"TER","39.09892","-76.9208","3D","    (39.0989, -76.9208)"
"201589502","1313","260038765","09/04/2026 09:03:38 AM","09/04/2026 02:00:00 AM","09/04/2026 09:02:00 AM","13B","1","Crime Against Person","Simple Assault","ASSAULT - SIMPLE","ROCKVILLE","200 BLK N WASHINGTON ST","ROCKVILLE","MD","20850","RCPD","Residence - Apartment/Condo","A","1A1","277","200","N","WASHINGTON",,"ST","39.08583","-77.1529","1D","    (39.0858, -77.1529)"
"201589530","2308","260038820","09/04/2026 02:36:41 PM","09/04/2026 01:30:00 AM","09/04/2026 02:15:00 PM","23D","1","Crime Against Property","Theft from Building","LARCENY - FROM BLDG","SILVER SPRING","13500 BLK  ASTON MANOR DR","SILVER SPRING","MD","20904","MCPD","Parking Lot - Residential","I","3I2","380","13500",,"ASTON MANOR",,"DR","39.07588","-76.9411","3D","    (39.0759, -76.9411)"
"201589466","9199","260038740",,"09/04/2026 01:21:00 AM",,"90Z","1","Crime Against Society","All Other Offenses","POLICE INFORMATION","SILVER SPRING","10000 BLK  COLESVILLE RD","SILVER SPRING","MD","20901","MCPD","Street - Other","I","3I3","160","10000",,"COLESVILLE",,"RD","39.01861","-77.0144","3D","    (39.0186, -77.0144)"
"201589469","9199","260038741","09/04/2026 12:02:28 AM","09/04/2026 12:02:00 AM",,"90Z","1","Crime Against Society","All Other Offenses","POLICE INFORMATION","GERMANTOWN","19400 BLK  ST JOHNSBURY LA","GERMANTOWN","MD","20876","MCPD","Street - Residential","M","5M1","469","19400",,"ST JOHNSBURY",,"LA","39.17396","-77.238","5D","    (39.174, -77.238)"
"201589674","9105","260038983","09/05/2026 03:52:26 PM","09/04/2026 12:00:00 AM","09/05/2026 01:00:00 PM","90Z","1","Crime Against Society","All Other Offenses","LOST PROPERTY","BETHESDA","4200 BLK  HOWARD AVE","KENSINGTON","MD","20895","MCPD","Street - Residential","D","2D1","181","4200",,"HOWARD",,"AVE","0.0","0.0","2D","    (0.0, 0.0)"
"201590100","2308","260039488",,"09/04/2026 12:00:00 AM","09/04/2026 12:00:00 AM","23D","1","Crime Against Property","Theft from Building","LARCENY - FROM BLDG","GERMANTOWN","12400 BLK  GREAT PARK CIR","GERMANTOWN","MD","20876","MCPD","Residence - Apartment/Condo","M","5M3","474","12400",,"GREAT PARK",,"CIR","39.20327","-77.2576","5D","    (39.2033, -77.2576)"
"201589486","2404","260038753","09/04/2026 07:01:58 AM","09/04/2026 12:00:00 AM","09/04/2026 06:30:00 AM","240","1","Crime Against Property","Motor Vehicle Theft","AUTO THEFT - VEHICLE THEFT","SILVER SPRING","1500 BLK  NOVEMBER CIR","SILVER SPRING","MD","20904","MCPD","Street - Residential","I","3I1","145","1500",,"NOVEMBER",,"CIR","39.04498","-76.981","3D","    (39.045, -76.981)"
"201589471","9113","260038739","09/03/2026 11:43:59 PM","09/03/2026 11:43:00 PM",,"90Z","1","Crime Against Society","All Other Offenses","MENTAL ILLNESS - EMERGENCY PETITION","GERMANTOWN","18200 BLK  SWISS CIR","GERMANTOWN","MD","20874","MCPD","Residence - Apartment/Condo","N","5N2","448","18200",,"SWISS",,"CIR","0.0","0.0","5D","    (0.0, 0.0)"
"201589468","1315","260038737","09/03/2026 11:30:02 PM","09/03/2026 11:30:00 PM",,"13A","1","Crime Against Person","Aggravated Assault","ASSAULT - AGGRAVATED - OTHER","SILVER SPRING","8600 BLK  FLOWER AVE","TAKOMA PARK","MD","20912","TPPD","Street - Other","G","3G3","129","8600",,"FLOWER",,"AVE","0.0","0.0","3D","    (0.0, 0.0)"
"201589457","4104","260038515",,"09/03/2026 11:23:00 PM",,"90G","1","Crime Against Society","Liquor Law Violations","LIQUOR - POSSESS","WHEATON","3800 BLK  INTERNATIONAL DR","SILVER SPRING","MD","20906","MCPD","Parking Lot - Commercial","K","4K1","346","3800",,"INTERNATIONAL",,"DR","39.10367","-77.0752","4D","    (39.1037, -77.0752)"
"201589458","9199","260038734","09/03/2026 10:31:42 PM","09/03/2026 10:31:00 PM",,"90Z","1","Crime Against Society","All Other Offenses","POLICE INFORMATION","TAKOMA PARK",,"TAKOMA PARK","MD","20912","TPPD","Street - Other","T","8T3","806",,,"NEW HAMPSHIRE",,"AVE","38.98246","-76.9887","TPPD","    (38.9825, -76.9887)"
"201589476","2404","260038732","09/03/2026 10:23:58 PM","09/03/2026 10:23:00 PM",,"240","1","Crime Against Property","Motor Vehicle Theft","AUTO THEFT - VEHICLE THEFT","MONTGOMERY VILLAGE","300 BLK  KENTLANDS BLV","GAITHERSBURG","MD","20878","GPD","Parking Lot - Commercial","P","6P2","450","300",,"KENTLANDS",,"BLV","39.12324","-77.238","6D","    (39.1232, -77.238)"
"201589548","3522","260038729","09/03/2026 10:09:18 PM","09/03/2026 10:09:00 PM",,"35A","1","Crime Against Society","Drug/Narcotic Violations","DRUGS - OPIUM OR DERIVATIVE - POSSESS","SILVER SPRING","11500 BLK  LOCKWOOD DR","SILVER SPRING","MD","20904","MCPD","Residence - Other","I","3I1","145","11500",,"LOCKWOOD",,"DR","39.0412","-76.9862","3D","    (39.0412, -76.9862)"
"201589548","3550","260038729","09/03/2026 10:09:18 PM","09/03/2026 10:09:00 PM",,"35B","1","Crime Against Society","Drug Equipment Violations","DRUGS - NARCOTIC EQUIP - POSSESS","SILVER SPRING","11500 BLK  LOCKWOOD DR","SILVER SPRING","MD","20904","MCPD","Residence - Other","I","3I1","145","11500",,"LOCKWOOD",,"DR","39.0412","-76.9862","3D","    (39.0412, -76.9862)"
"201589461","5311","260038731","09/03/2026 09:58:00 PM","09/03/2026 09:58:00 PM",,"90C","1","Crime Against Society","Disorderly Conduct","PUBLIC PEACE - DISORDERLY CONDUCT","ROCKVILLE","2000 BLK  BALTIMORE RD","ROCKVILLE","MD","20851","RCPD","Parking Lot - Residential","A","1A2","290","2000",,"BALTIMORE",,"RD","39.08424","-77.119","1D","    (39.0842, -77.119)"
"201589461","1399","260038731","09/03/2026 09:58:00 PM","09/03/2026 09:58:00 PM",,"13B","3","Crime Against Person","Simple Assault","ASSAULT - 2ND DEGREE","ROCKVILLE","2000 BLK  BALTIMORE RD","ROCKVILLE","MD","20851","RCPD","Parking Lot - Residential","A","1A2","290","2000",,"BALTIMORE",,"RD","39.08424","-77.119","1D","    (39.0842, -77.119)"
"201589462","9113","260038730","09/03/2026 09:53:08 PM","09/03/2026 09:53:00 PM",,"90Z","1","Crime Against Society","All Other Offenses","MENTAL ILLNESS - EMERGENCY PETITION","WHEATON","1100 BLK  UNIVERSITY BLV W","SILVER SPRING","MD","20902","MCPD","Residence - Apt Ofc/Storage","L","4L1","360","1100",,"UNIVERSITY","W","BLV","39.03585","-77.0268","4D","    (39.0359, -77.0268)"
"201589459","1313","260038728","09/03/2026 09:35:14 PM","09/03/2026 09:35:00 PM",,"13B","1","Crime Against Person","Simple Assault","ASSAULT - SIMPLE","ROCKVILLE","10000 BLK  DARNESTOWN RD","ROCKVILLE","MD","20850","MCPD","Restaurant","B","1B1","237","10000",,"DARNESTOWN",,"RD","39.09689","-77.2062","1D","    (39.0969, -77.2062)"
"201589661","2605","260038893","09/04/2026 09:57:51 PM","09/03/2026 09:30:00 PM","09/04/2026 12:30:00 AM","26B","1","Crime Against Property","Credit Card/Automatic Teller Machine Fraud","FRAUD - ILLEGAL USE CREDIT CARDS","ROCKVILLE","200 BLK N WASHINGTON ST","ROCKVILLE","MD","20850","MCPD","Other/Unknown","A","1A1","277","200","N","WASHINGTON",,"ST","39.08583","-77.1529","1D","    (39.0858, -77.1529)"
"201589661","2399","260038893","09/04/2026 09:57:51 PM","09/03/2026 09:30:00 PM","09/04/2026 12:30:00 AM","23H","1","Crime Against Property","All other Larceny","LARCENY (DESCRIBE OFFENSE)","ROCKVILLE","200 BLK N WASHINGTON ST","ROCKVILLE","MD","20850","MCPD","Other/Unknown","A","1A1","277","200","N","WASHINGTON",,"ST","39.08583","-77.1529","1D","    (39.0858, -77.1529)"
"201589556","9113","260038736","09/03/2026 09:26:43 PM","09/03/2026 09:26:00 PM",,"90Z","1","Crime Against Society","All Other Offenses","MENTAL ILLNESS - EMERGENCY PETITION","SILVER SPRING",,"SILVER SPRING","MD","20904","MCPD","Residence -Townhouse/Duplex","I","3I1","147",,,"INDUSTRIAL",,"PKW","39.0541","-76.9692","3D","    (39.0541, -76.9692)"
"201590049","2303","260038723","09/03/2026 09:14:41 PM","09/03/2026 09:14:00 PM",,"23C","1","Crime Against Property","Shoplifting","LARCENY - SHOPLIFTING","SILVER SPRING","12000 BLK  CHERRY HILL RD","SILVER SPRING","MD","20904","MCPD","Retail - Department/Discount Store","I","3I1","146","12000",,"CHERRY HILL",,"RD","39.05259","-76.9531","3D","    (39.0526, -76.9531)"
"201589968","3550","260038724","09/03/2026 08:57:40 PM","09/03/2026 08:56:00 PM","09/03/2026 08:56:00 PM","35B","1","Crime Against Society","Drug Equipment Violations","DRUGS - NARCOTIC EQUIP - POSSESS","ROCKVILLE","2100 BLK  VEIRS MILL RD","ROCKVILLE","MD","20851","RCPD","Wooded Area","A","1A2","522","2100",,"VEIRS MILL",,"RD","39.07529","-77.1163","1D","    (39.0753, -77.1163)"
"201589450","2902","260038720","09/03/2026 08:33:20 PM","09/03/2026 08:33:00 PM",,"290","1","Crime Against Property","Destruction/Damage/Vandalism of Property","DAMAGE PROPERTY - PRIVATE","MONTGOMERY VILLAGE","10300 BLK  ROYAL WOODS CT","MONTGOMERY VILLAGE","MD","20886","MCPD","Residence - Driveway","R","6R2","547","10300",,"ROYAL WOODS",,"CT","39.1789","-77.2132","6D","    (39.1789, -77.2132)"
"201589678","9105","260038995","09/05/2026 04:37:13 PM","09/03/2026 08:30:00 PM","09/04/2026 07:30:00 AM","90Z","1","Crime Against Society","All Other Offenses","LOST PROPERTY","SILVER SPRING","12200 BLK  TECH RD","SILVER SPRING","MD","20904","MCPD","Convenience Store","I","3I1","146","12200",,"TECH",,"RD","0.0","0.0","3D","    (0.0, 0.0)"
"201589514","9109","260038721","09/03/2026 08:21:19 PM","09/03/2026 08:21:00 PM",,"90Z","1","Crime Against Society","All Other Offenses","RECOVERED PROPERTY - OTHER","SILVER SPRING",,"SILVER SPRING","MD","20993","MCPD","Street - Commercial","I","3I1","146",,,"FDA",,"BLV","39.04463","-76.9595","3D","    (39.0446, -76.9595)"
"201589435","4199","260038668",,"09/03/2026 08:06:00 PM",,"90G","1","Crime Against Society","Liquor Law Violations","LIQUOR (DESCRIBE OFFENSE)","SILVER SPRING","11300 BLK  LOCKWOOD DR","SILVER SPRING","MD","20904","MCPD","Street - Bus Stop","I","3I1","518","11300",,"LOCKWOOD",,"DR","39.03998","-76.9901","3D","    (39.04, -76.9901)"
"201589445","1315","260038717","09/03/2026 08:00:54 PM","09/03/2026 08:00:00 PM",,"13A","1","Crime Against Person","Aggravated Assault","ASSAULT - AGGRAVATED - OTHER","SILVER SPRING","8800 BLK  GARLAND AVE","SILVER SPRING","MD","20901","MCPD","Residence - Apartment/Condo","G","3G3","127","8800",,"GARLAND",,"AVE","39.00052","-77.0015","3D","    (39.0005, -77.0015)"
"201589434","3522","260038710",,"09/03/2026 07:57:00 PM",,"35A","1","Crime Against Society","Drug/Narcotic Violations","DRUGS - OPIUM OR DERIVATIVE - POSSESS","WHEATON","14000 BLK  GEORGIA AVE","SILVER SPRING","MD","20906","MCPD","Street - Bus Stop","K","4K1","534","14000",,"GEORGIA",,"AVE","0.0","0.0","4D","    (0.0, 0.0)"
"201589434","3550","260038710",,"09/03/2026 07:57:00 PM",,"35B","1","Crime Against Society","Drug Equipment Violations","DRUGS - NARCOTIC EQUIP - POSSESS","WHEATON","14000 BLK  GEORGIA AVE","SILVER SPRING","MD","20906","MCPD","Street - Bus Stop","K","4K1","534","14000",,"GEORGIA",,"AVE","0.0","0.0","4D","    (0.0, 0.0)"
"201589470","9101","260038745","09/04/2026 01:19:40 AM","09/03/2026 07:55:00 PM","09/04/2026 01:32:00 AM","90Z","1","Crime Against Society","All Other Offenses","SUDDEN DEATH","ROCKVILLE","10700 BLK  TULIP LA","POTOMAC","MD","20854","MCPD","Residence - Single Family","B","1B2","232","10700",,"TULIP",,"LA","0.0","0.0","1D","    (0.0, 0.0)"
"201589453","9113","260038718","09/03/2026 07:44:34 PM","09/03/2026 07:44:00 PM",,"90Z","1","Crime Against Society","All Other Offenses","MENTAL ILLNESS - EMERGENCY PETITION","SILVER SPRING","14200 BLK  BALLINGER TER","BURTONSVILLE","MD","20866","MCPD","Residence -Townhouse/Duplex","I","3I2","380","14200",,"BALLINGER",,"TER","39.08908","-76.9368","3D","    (39.0891, -76.9368)"
"201589437","9108","260038712","09/03/2026 07:37:16 PM","09/03/2026 07:37:00 PM",,"90Z","1","Crime Against Society","All Other Offenses","RECOVERED PROPERTY - MONT CO.","TAKOMA PARK","7500 BLK  MAPLE AVE","TAKOMA PARK","MD","20912","TPPD","Government Building","T","8T2","804","7500",,"MAPLE",,"AVE","0.0","0.0","TPPD","    (0.0, 0.0)"
"201589575","1399","260038852","09/04/2026 04:55:58 PM","09/03/2026 07:30:00 PM",,"13B","1","Crime Against Person","Simple Assault","ASSAULT - 2ND DEGREE","GERMANTOWN","19500 BLK  FREDERICK RD","GERMANTOWN","MD","20876","MCPD","Residence - Mobile Home","M","5M1","470","19500",,"FREDERICK",,"RD","39.17546","-77.2381","5D","    (39.1755, -77.2381)"
"201589547","2902","260038842","09/04/2026 04:03:40 PM","09/03/2026 07:20:00 PM","09/04/2026 08:20:00 AM","290","1","Crime Against Property","Destruction/Damage/Vandalism of Property","DAMAGE PROPERTY - PRIVATE","SILVER SPRING","3300 BLK  PARKFORD MANOR TER","SILVER SPRING","MD","20904","MCPD","Parking Lot - Residential","I","3I2","380","3300",,"PARKFORD MANOR",,"TER","39.07901","-76.9399","3D","    (39.079, -76.9399)"
"201589497","2305","260038764","09/04/2026 09:01:57 AM","09/03/2026 07:00:00 PM","09/04/2026 04:00:00 AM","23F","1","Crime Against Property","Theft From Motor Vehicle","LARCENY - FROM AUTO","TAKOMA PARK","7100 BLK  SYCAMORE AVE","TAKOMA PARK","MD","20912","TPPD","Residence - Driveway","T","8T1","802","7100",,"SYCAMORE",,"AVE","38.9771","-77.0051","TPPD","    (38.9771, -77.0051)"
"201589433","1399","260038707","09/03/2026 06:44:08 PM","09/03/2026 06:44:00 PM",,"13B","1","Crime Against Person","Simple Assault","ASSAULT - 2ND DEGREE","MONTGOMERY VILLAGE","9900 BLK  SHELBURNE TER","GAITHERSBURG","MD","20878","MCPD","Residence - Apartment/Condo","P","6P1","752","9900",,"SHELBURNE",,"TER","39.1164","-77.2023","6D","    (39.1164, -77.2023)"
"201589456","9105","260038706","09/03/2026 06:44:02 PM","09/03/2026 06:44:00 PM",,"90Z","1","Crime Against Society","All Other Offenses","LOST PROPERTY","GERMANTOWN","18800 BLK  PINE RIDGE LA","GERMANTOWN","MD","20874","MCPD","Street - In vehicle","N","5N2","594","18800",,"PINE RIDGE",,"LA","39.16363","-77.2712","5D","    (39.1636, -77.2712)"
"201589444","2999","260038704","09/03/2026 06:41:25 PM","09/03/2026 06:41:00 PM",,"290","1","Crime Against Property","Destruction/Damage/Vandalism of Property","DAMAGE PROPERTY (DESCRIBE OFFENSE)","SILVER SPRING","900 BLK  SELIM RD","SILVER SPRING","MD","20910","MCPD","Construction Site","G","3G1","092","900",,"SELIM",,"RD","38.98764","-77.0248","3D","    (38.9876, -77.0248)"
"201589609","9106","260038726","09/03/2026 06:30:50 PM","09/03/2026 06:30:00 PM",,"90Z","1","Crime Against Society","All Other Offenses","MENTAL ILLNESS","WHEATON","3500 BLK  TAVENNER CT","OLNEY","MD","20832","MCPD","Residence - Single Family","K","4K3","399","3500",,"TAVENNER",,"CT","39.12884","-77.0718","4D","    (39.1288, -77.0718)"
"201589472","9061","260038747","09/03/2026 06:27:01 PM","09/03/2026 06:27:00 PM",,"90Z","1","Crime Against Society","All Other Offenses","FUGITIVE FROM MD JURISDICTION","ROCKVILLE","1  BLK W MONTGOMERY AVE","ROCKVILLE","MD","20850","RCPD","Jail/Prison","A","1A1","255","1","W","MONTGOMERY",,"AVE","39.1457","-77.2037","1D","    (39.1457, -77.2037)"
"201589438","2303","260038701",,"09/03/2026 06:20:00 PM","09/03/2026 06:30:00 PM","23C","1","Crime Against Property","Shoplifting","LARCENY - SHOPLIFTING","BETHESDA","7100 BLK  DEMOCRACY BLV","BETHESDA","MD","20817","MCPD","Retail - Mall","E","2E2","204","7100",,"DEMOCRACY",,"BLV","39.02202","-77.1473","2D","    (39.022, -77.1473)"
"201589503","2404","260038762","09/04/2026 07:45:16 AM","09/03/2026 06:00:00 PM","09/04/2026 07:20:00 AM","240","1","Crime Against Property","Motor Vehicle Theft","AUTO THEFT - VEHICLE THEFT","MONTGOMERY VILLAGE","9300 BLK  CORPORATE BLV","ROCKVILLE","MD","20850","MCPD","Parking Garage - Residential","P","6P1","721","9300",,"CORPORATE",,"BLV","39.10806","-77.1911","6D","    (39.1081, -77.1911)"
"201589503","2305","260038762","09/04/2026 07:45:16 AM","09/03/2026 06:00:00 PM","09/04/2026 07:20:00 AM","23F","1","Crime Against Property","Theft From Motor Vehicle","LARCENY - FROM AUTO","MONTGOMERY VILLAGE","9300 BLK  CORPORATE BLV","ROCKVILLE","MD","20850","MCPD","Parking Garage - Residential","P","6P1","721","9300",,"CORPORATE",,"BLV","39.10806","-77.1911","6D","    (39.1081, -77.1911)"
"201589527","2303","260038692","09/03/2026 05:44:49 PM","09/03/2026 05:44:00 PM",,"23C","1","Crime Against Property","Shoplifting","LARCENY - SHOPLIFTING","SILVER SPRING","12000 BLK  CHERRY HILL RD","SILVER SPRING","MD","20904","MCPD","Retail - Department/Discount Store","I","3I1","146","12000",,"CHERRY HILL",,"RD","39.05259","-76.9531","3D","    (39.0526, -76.9531)"
"201589443","1399","260038693","09/03/2026 05:43:48 PM","09/03/2026 05:43:00 PM",,"13B","1","Crime Against Person","Simple Assault","ASSAULT - 2ND DEGREE","SILVER SPRING","8200 BLK  FENTON ST","SILVER SPRING","MD","20910","MCPD","Residence - Apartment/Condo","G","3G1","093","8200",,"FENTON",,"ST","38.99169","-77.024","3D","    (38.9917, -77.024)"
"201589432","9062","260038685","09/03/2026 04:01:20 PM","09/03/2026 05:20:00 PM","09/03/2026 05:20:00 PM","90Z","1","Crime Against Society","All Other Offenses","FUGITIVE FROM JUSTICE (OUT OF STATE)","ROCKVILLE","600 BLK  EDMONSTON DR","ROCKVILLE","MD","20851","RCPD","Street - Residential","A","1A2","288","600",,"EDMONSTON",,"DR","39.08385","-77.1303","1D","    (39.0838, -77.1303)"
"201589483","2999","260038756","09/04/2026 07:39:54 AM","09/03/2026 05:15:00 PM","09/04/2026 07:39:00 AM","290","1","Crime Against Property","Destruction/Damage/Vandalism of Property","DAMAGE PROPERTY (DESCRIBE OFFENSE)","TAKOMA PARK",,"TAKOMA PARK","MD","20912","TPPD","Street - Residential","T","8T3","808",,,"ELM",,"AVE","38.97476","-76.9999","TPPD","    (38.9748, -76.9999)"
"201589428","3562","260038681","09/03/2026 05:26:02 PM","09/03/2026 05:15:00 PM",,"35A","1","Crime Against Society","Drug/Narcotic Violations","DRUGS - MARIJUANA - POSSESS","GERMANTOWN","19500 BLK  SCENERY DR","GERMANTOWN","MD","20876","MCPD","Government Building","M","5M1","470","19500",,"SCENERY",,"DR","39.17546","-77.2381","5D","    (39.1755, -77.2381)"
"201589448","3550","260038697","09/03/2026 05:06:40 PM","09/03/2026 05:06:00 PM",,"35B","1","Crime Against Society","Drug Equipment Violations","DRUGS - NARCOTIC EQUIP - POSSESS","WHEATON","11100 BLK  VEIRS MILL RD","SILVER SPRING","MD","20902","MCPD","Retail - Mall","L","4L2","321","11100",,"VEIRS MILL",,"RD","39.03756","-77.0519","4D","    (39.0376, -77.0519)"
"201589448","2303","260038697","09/03/2026 05:06:40 PM","09/03/2026 05:06:00 PM",,"23C","1","Crime Against Property","Shoplifting","LARCENY - SHOPLIFTING","WHEATON","11100 BLK  VEIRS MILL RD","SILVER SPRING","MD","20902","MCPD","Retail - Mall","L","4L2","321","11100",,"VEIRS MILL",,"RD","39.03756","-77.0519","4D","    (39.0376, -77.0519)"
"201589451","9107","260038682","09/03/2026 05:02:08 PM","09/03/2026 05:02:00 PM",,"90Z","1","Crime Against Society","All Other Offenses","MISSING PERSON","GERMANTOWN","19400 BLK  CRYSTAL ROCK DR","GERMANTOWN","MD","20874","MCPD","Parking Lot - School","N","5N1","447","19400",,"CRYSTAL ROCK",,"DR","39.17478","-77.2664","5D","    (39.1748, -77.2664)"
"201589971","9105","260039341","09/08/2026 12:29:09 PM","09/03/2026 05:00:00 PM","09/07/2026 08:00:00 PM","90Z","1","Crime Against Society","All Other Offenses","LOST PROPERTY","SILVER SPRING","8800 BLK  GEORGIA AVE","SILVER SPRING","MD","20910","MCPD","Commercial - Office Building","G","3G2","096","8800",,"GEORGIA",,"AVE","38.99948","-77.0318","3D","    (38.9995, -77.0318)"
"201589494","9107","260038760","09/04/2026 08:00:27 AM","09/03/2026 05:00:00 PM",,"90Z","1","Crime Against Society","All Other Offenses","MISSING PERSON","GERMANTOWN","14200 BLK  JAEGER RD","CLARKSBURG","MD","20871","MCPD","Residence - Single Family","N","5N3","466","14200",,"JAEGER",,"RD","0.0","0.0","5D","    (0.0, 0.0)"
"201589447","1399","260038698","09/03/2026 04:59:08 PM","09/03/2026 04:59:00 PM",,"13B","1","Crime Against Person","Simple Assault","ASSAULT - 2ND DEGREE","SILVER SPRING","1  BLK  VETERANS PL","SILVER SPRING","MD","20910","MCPD","Commercial - Office Building","G","3G1","671","1",,"VETERANS",,"PL","38.99791","-77.0246","3D","    (38.9979, -77.0246)"
"201589454","1399","260038708","09/03/2026 04:46:46 PM","09/03/2026 04:46:00 PM",,"13B","1","Crime Against Person","Simple Assault","ASSAULT - 2ND DEGREE","GERMANTOWN","18900 BLK  QUIET OAK LA","GERMANTOWN","MD","20874","MCPD","Parking Lot - Residential","N","5N2","594","18900",,"QUIET OAK",,"LA","39.16399","-77.272","5D","    (39.164, -77.272)"
"201589431","3532","260038678",,"09/03/2026 04:28:00 PM",,"35A","1","Crime Against Society","Drug/Narcotic Violations","DRUGS - COCAINE - POSSESS","SILVER SPRING","9900 BLK  NEW HAMPSHIRE AVE","SILVER SPRING","MD","20903","MCPD","Street - Other","I","3I3","136","9900",,"NEW HAMPSHIRE",,"AVE","39.01801","-76.977","3D","    (39.018, -76.977)"
"201589440","2303","260038676","09/03/2026 04:23:57 PM","09/03/2026 04:23:00 PM",,"23C","1","Crime Against Property","Shoplifting","LARCENY - SHOPLIFTING","BETHESDA","10300 BLK  WESTLAKE DR","BETHESDA","MD","20817","MCPD","Liquor Store - Beer & Wine","E","2E2","204","10300",,"WESTLAKE",,"DR","39.02484","-77.1491","2D","    (39.0248, -77.1491)"
"201589440","1399","260038676","09/03/2026 04:23:57 PM","09/03/2026 04:23:00 PM",,"13B","1","Crime Against Person","Simple Assault","ASSAULT - 2ND DEGREE","BETHESDA","10300 BLK  WESTLAKE DR","BETHESDA","MD","20817","MCPD","Liquor Store - Beer & Wine","E","2E2","204","10300",,"WESTLAKE",,"DR","39.02484","-77.1491","2D","    (39.0248, -77.1491)"
"201589463","1399","260038680","09/03/2026 04:21:45 PM","09/03/2026 04:21:00 PM",,"13B","2","Crime Against Person","Simple Assault","ASSAULT - 2ND DEGREE","WHEATON","14200 BLK  CATAMOUNT CT","SILVER SPRING","MD","20906","MCPD","Residence -Townhouse/Duplex","K","4K1","907","14200",,"CATAMOUNT",,"CT","39.09081","-77.041","4D","    (39.0908, -77.041)"
"201589654","2305","260038993","09/05/2026 04:15:40 PM","09/03/2026 04:15:00 PM",,"23F","1","Crime Against Property","Theft From Motor Vehicle","LARCENY - FROM AUTO","MONTGOMERY VILLAGE","17700 BLK  TOPFIELD DR","GAITHERSBURG","MD","20877","MCPD","Parking Lot - Residential","P","6P3","551","17700",,"TOPFIELD",,"DR","39.1445","-77.1666","6D","    (39.1445, -77.1666)"
"201589427","5016","260038669","09/03/2026 03:53:24 PM","09/03/2026 03:53:00 PM",,"90Z","1","Crime Against Society","All Other Offenses","OBSTRUCT GOVT - VIOLATION OF A COURT ORDER","WHEATON","14200 BLK  CHELMSFORD RD","ROCKVILLE","MD","20853","MCPD","Residence - Driveway","K","4K1","343","14200",,"CHELMSFORD",,"RD","39.08972","-77.0831","4D","    (39.0897, -77.0831)"
"201589429","9101","260038670","09/03/2026 03:41:04 PM","09/03/2026 03:41:00 PM",,"90Z","1","Crime Against Society","All Other Offenses","SUDDEN DEATH","ROCKVILLE","700 BLK  MONROE ST","ROCKVILLE","MD","20850","RCPD","Residence - Apartment/Condo","A","1A2","258","700",,"MONROE",,"ST","39.07537","-77.153","1D","    (39.0754, -77.153)"
"201589436","3533","260038667","09/03/2026 03:38:06 PM","09/03/2026 03:38:00 PM",,"35A","1","Crime Against Society","Drug/Narcotic Violations","DRUGS - COCAINE (DESCRIBE OFFENSE)","GERMANTOWN","13700 BLK  WISTERIA DR","GERMANTOWN","MD","20874","MCPD","School - Elementary/Secondary","N","5N1","465","13700",,"WISTERIA",,"DR","39.18003","-77.2843","5D","    (39.18, -77.2843)"
"201589498","2308","260038774","09/04/2026 10:35:04 AM","09/03/2026 03:30:00 PM","09/03/2026 08:30:00 PM","23D","1","Crime Against Property","Theft from Building","LARCENY - FROM BLDG","WHEATON","4000 BLK  GANNON RD","SILVER SPRING","MD","20902","MCPD","Other/Unknown","L","4L1","332","4000",,"GANNON",,"RD","39.05529","-77.079","4D","    (39.0553, -77.079)"
"201589421","3899","260038673","09/03/2026 03:24:14 PM","09/03/2026 03:24:00 PM",,"90F","1","Crime Against Society","Family Offenses, NonViolent","FAMILY OFFENSE (DESCRIBE OFFENSE)","TAKOMA PARK","700 BLK  CHANEY DR","TAKOMA PARK","MD","20912","TPPD","Residence - Apartment/Condo","T","8T2","805","700",,"CHANEY",,"DR","38.98349","-76.9976","TPPD","    (38.9835, -76.9976)"
"201589449","2303","260038661","09/03/2026 03:22:52 PM","09/03/2026 03:22:00 PM",,"23C","1","Crime Against Property","Shoplifting","LARCENY - SHOPLIFTING","SILVER SPRING","8500 BLK  FENTON ST","SILVER SPRING","MD","20910","MCPD","Retail - Clothing","G","3G1","109","8500",,"FENTON",,"ST","38.9954","-77.0244","3D","    (38.9954, -77.0244)"
"201589411","9199","260038598",,"09/03/2026 03:17:00 PM",,"90Z","1","Crime Against Society","All Other Offenses","POLICE INFORMATION","MONTGOMERY VILLAGE","1  BLK S SUMMIT AVE","GAITHERSBURG","MD","20877","GPD","Residence - Apartment/Condo","P","6P3","431","1","S","SUMMIT",,"AVE","39.14219","-77.1933","6D","    (39.1422, -77.1933)"
"201589407","3701","260038652",,"09/03/2026 03:07:00 PM",,"370","1","Crime Against Society","Pornography/Obscene Material","OBSCENE MATERIAL - MANUFACTURE","GERMANTOWN","10500 BLK  TRALEE TER","DAMASCUS","MD","20872","MCPD","Residence -Townhouse/Duplex","M","5M2","481","10500",,"TRALEE",,"TER","0.0","0.0","5D","    (0.0, 0.0)"
"201589493","2305","260038768","09/04/2026 09:17:34 AM","09/03/2026 03:00:00 PM","09/04/2026 09:05:00 AM","23F","1","Crime Against Property","Theft From Motor Vehicle","LARCENY - FROM AUTO","SILVER SPRING","13500 BLK  PARKFORD MANOR DR","SILVER SPRING","MD","20904","MCPD","Parking Lot - Residential","I","3I2","380","13500",,"PARKFORD MANOR",,"DR","39.07726","-76.9384","3D","    (39.0773, -76.9384)"
"201589590","2308","260038883","09/04/2026 07:50:37 PM","09/03/2026 03:00:00 PM","09/03/2026 04:30:00 PM","23D","1","Crime Against Property","Theft from Building","LARCENY - FROM BLDG","GERMANTOWN","9300 BLK  HEATHER FIELD CT","GAITHERSBURG","MD","20882","MCPD","Retail - Other","M","5M2","479","9300",,"HEATHER FIELD",,"CT","39.27383","-77.189","5D","    (39.2738, -77.189)"
"201589545","9199","260038799","09/04/2026 12:22:10 PM","09/03/2026 03:00:00 PM","09/04/2026 12:22:00 PM","90Z","1","Crime Against Society","All Other Offenses","POLICE INFORMATION","MONTGOMERY VILLAGE","800 BLK  DIAMOND DR","GAITHERSBURG","MD","20878","MCPD","Street - Residential","P","6P2","449","800",,"DIAMOND",,"DR","39.13445","-77.2304","6D","    (39.1345, -77.2304)"
"201589467","2404","260038738","09/04/2026 12:04:58 AM","09/03/2026 03:00:00 PM","09/03/2026 11:50:00 PM","240","1","Crime Against Property","Motor Vehicle Theft","AUTO THEFT - VEHICLE THEFT","SILVER SPRING","14000 BLK  CASTLE BLV","SILVER SPRING","MD","20904","MCPD","Parking Lot - Residential","I","3I2","380","14000",,"CASTLE",,"BLV","0.0","0.0","3D","    (0.0, 0.0)"
"201589452","2999","260038663",,"09/03/2026 03:00:00 PM","09/03/2026 04:00:00 PM","290","1","Crime Against Property","Destruction/Damage/Vandalism of Property","DAMAGE PROPERTY (DESCRIBE OFFENSE)","BETHESDA","6000 BLK  WALHONDING RD","BETHESDA","MD","20816","MCPD","Street - Residential","E","2E2","021","6000",,"WALHONDING",,"RD","38.9627","-77.1213","2D","    (38.9627, -77.1213)"
"201589423","9113","260038672","09/03/2026 02:49:05 PM","09/03/2026 02:44:00 PM",,"90Z","1","Crime Against Society","All Other Offenses","MENTAL ILLNESS - EMERGENCY PETITION","ROCKVILLE","300 BLK  PRETTYMAN DR","ROCKVILLE","MD","20850","RCPD","Residence - Apartment/Condo","B","1B1","241","300",,"PRETTYMAN",,"DR","39.09418","-77.1939","1D","    (39.0942, -77.1939)"
"201589416","9199","260038665","09/03/2026 02:33:53 PM","09/03/2026 02:33:00 PM",,"90Z","1","Crime Against Society","All Other Offenses","POLICE INFORMATION","WHEATON","2400 BLK  BLUERIDGE AVE","SILVER SPRING","MD","20902","MCPD","Residence - Apartment/Condo","L","4L1","358","2400",,"BLUERIDGE",,"AVE","39.043","-77.0499","4D","    (39.043, -77.0499)"
"201590130","5202","260038777","09/03/2026 02:44:30 PM","09/03/2026 02:32:00 PM",,"520","1","Crime Against Society","Weapon Law Violations","WEAPON - CONCEALED","SILVER SPRING","200 BLK  VALLEY BROOK DR","SILVER SPRING","MD","20904","MCPD","School - Elementary/Secondary","I","3I1","150","200",,"VALLEY BROOK",,"DR","39.05925","-77.0061","3D","    (39.0592, -77.0061)"
"201589425","9199","260038654","09/03/2026 02:24:50 PM","09/03/2026 02:24:00 PM",,"90Z","1","Crime Against Society","All Other Offenses","POLICE INFORMATION","WHEATON","11300 BLK  NEWPORT MILL RD","KENSINGTON","MD","20895","MCPD","School - Elementary/Secondary","L","4L2","318","11300",,"NEWPORT MILL",,"RD","39.04168","-77.0697","4D","    (39.0417, -77.0697)"
"201589424","1102","260038679","09/03/2026 02:11:38 PM","09/03/2026 02:11:00 PM",,"11A","1","Crime Against Person","Forcible Rape","RAPE WITH WEAPON","GERMANTOWN","18900 BLK  FREDERICK RD","GAITHERSBURG","MD","20879","MCPD","Park","M","5M1","470","18900",,"FREDERICK",,"RD","39.1661","-77.2285","5D","    (39.1661, -77.2285)"
"201590718","2303","260040263","09/14/2026 01:54:59 PM","09/03/2026 01:40:00 PM","09/14/2026 01:49:00 PM","23C","1","Crime Against Property","Shoplifting","LARCENY - SHOPLIFTING","GERMANTOWN","20900 BLK  FREDERICK RD","GERMANTOWN","MD","20876","MCPD","Retail - Department/Discount Store","M","5M1","701","20900",,"FREDERICK",,"RD","39.19829","-77.2448","5D","    (39.1983, -77.2448)"
"201589412","3532","260038650","09/03/2026 01:34:09 PM","09/03/2026 01:34:00 PM",,"35A","1","Crime Against Society","Drug/Narcotic Violations","DRUGS - COCAINE - POSSESS","SILVER SPRING",,"SILVER SPRING","MD","20910","MCPD","Street - In vehicle","G","3G1","090",,,"KING",,"ST","38.98656","-77.0267","3D","    (38.9866, -77.0267)"
"201589439","9199","260038705","09/03/2026 06:19:42 PM","09/03/2026 01:30:00 PM",,"90Z","1","Crime Against Society","All Other Offenses","POLICE INFORMATION","ROCKVILLE","500 BLK  HUNGERFORD DR","ROCKVILLE","MD","20850","RCPD","Residence - Apartment/Condo","A","1A1","278","500",,"HUNGERFORD",,"DR","39.09017","-77.1523","1D","    (39.0902, -77.1523)"
"201589479","9199","260038655","09/03/2026 01:19:17 PM","09/03/2026 01:19:00 PM",,"90Z","1","Crime Against Society","All Other Offenses","POLICE INFORMATION","MONTGOMERY VILLAGE","100 BLK W DEER PARK RD","GAITHERSBURG","MD","20877","GPD","School - Elementary/Secondary","P","6P3","435","100","W","DEER PARK",,"RD","39.13478","-77.2055","6D","    (39.1348, -77.2055)"
"201589484","2303","260038644","09/03/2026 01:12:10 PM","09/03/2026 01:12:00 PM","09/03/2026 12:00:00 AM","23C","1","Crime Against Property","Shoplifting","LARCENY - SHOPLIFTING","SILVER SPRING","8600 BLK  COLESVILLE RD","SILVER SPRING","MD","20910","MCPD","Retail - Clothing","G","3G1","109","8600",,"COLESVILLE",,"RD","38.99602","-77.0281","3D","    (38.996, -77.0281)"
"201589387","9105","260038607",,"09/03/2026 01:11:00 PM",,"90Z","1","Crime Against Society","All Other Offenses","LOST PROPERTY","ROCKVILLE","7300 BLK  CALHOUN PL","DERWOOD","MD","20855","MCPD","Other/Unknown","A","1A1","281","7300",,"CALHOUN",,"PL","39.10762","-77.1466","1D","    (39.1076, -77.1466)"
"201589858","9106","260038641","09/03/2026 01:10:02 PM","09/03/2026 01:10:00 PM","09/03/2026 03:00:00 PM","90Z","1","Crime Against Society","All Other Offenses","MENTAL ILLNESS","GERMANTOWN","25900 BLK  RIDGE RD","DAMASCUS","MD","20872","MCPD","School - Elementary/Secondary","M","5M2","615","25900",,"RIDGE",,"RD","0.0","0.0","5D","    (0.0, 0.0)"
"201590221","2304","260038801","09/04/2026 11:50:06 AM","09/03/2026 01:00:00 PM","09/04/2026 10:00:00 AM","23G","1","Crime Against Property","Theft of Motor Vehicle Parts or Accessories","LARCENY - AUTO PARTS","SILVER SPRING","3300 BLK  SIR THOMAS DR","SILVER SPRING","MD","20904","MCPD","Parking Lot - Residential","I","3I2","380","3300",,"SIR THOMAS",,"DR","39.08206","-76.9393","3D","    (39.0821, -76.9393)"
"201589937","9199","260038640","09/03/2026 12:33:18 PM","09/03/2026 12:33:00 PM",,"90Z","1","Crime Against Society","All Other Offenses","POLICE INFORMATION","GERMANTOWN","13500 BLK  RICHTER FARM RD","GERMANTOWN","MD","20874","MCPD","Parking Lot - Other","N","5N2","448","13500",,"RICHTER FARM",,"RD","39.14942","-77.2801","5D","    (39.1494, -77.2801)"
"201589396","9199","260038645","09/03/2026 01:40:36 PM","09/03/2026 12:30:00 PM","09/03/2026 12:45:00 PM","90Z","1","Crime Against Society","All Other Offenses","POLICE INFORMATION","WHEATON","13700 BLK  LAMBERTON DR","SILVER SPRING","MD","20902","MCPD","Restaurant","L","4L1","360","13700",,"LAMBERTON",,"DR","0.0","0.0","4D","    (0.0, 0.0)"
"201589898","2610","260038658","09/03/2026 02:59:34 PM","09/03/2026 12:30:00 PM",,"26F","1","Crime Against Property","Identity Theft","IDENTITY THEFT","BETHESDA","3800 BLK  WILLIAMS LA","CHEVY CHASE","MD","20815","MCPD","Other/Unknown","D","2D1","037","3800",,"WILLIAMS",,"LA","38.98386","-77.075","2D","    (38.9839, -77.075)"
"201589403","9113","260038639","09/03/2026 12:24:23 PM","09/03/2026 12:24:00 PM",,"90Z","1","Crime Against Society","All Other Offenses","MENTAL ILLNESS - EMERGENCY PETITION","BETHESDA","10400 BLK  METROPOLITAN AVE","KENSINGTON","MD","20895","MCPD","Street - Commercial","D","2D1","513","10400",,"METROPOLITAN",,"AVE","39.02536","-77.0692","2D","    (39.0254, -77.0692)"
"201589395","9105","260038646","09/03/2026 01:51:03 PM","09/03/2026 12:20:00 PM","09/03/2026 12:50:00 PM","90Z","1","Crime Against Society","All Other Offenses","LOST PROPERTY","SILVER SPRING","8800 BLK  GEORGIA AVE","SILVER SPRING","MD","20910","MCPD","Government Building","G","3G2","096","8800",,"GEORGIA",,"AVE","38.99948","-77.0318","3D","    (38.9995, -77.0318)"
"201589388","4104","260038636","09/03/2026 12:10:00 PM","09/03/2026 12:10:00 PM",,"90G","1","Crime Against Society","Liquor Law Violations","LIQUOR - POSSESS","WHEATON","11400 BLK  GEORGIA AVE","SILVER SPRING","MD","20902","MCPD","Retail - Other","L","4L2","355","11400",,"GEORGIA",,"AVE","0.0","0.0","4D","    (0.0, 0.0)"
"201590219","2610","260039624","09/10/2026 09:43:36 AM","09/03/2026 12:00:00 PM","09/10/2026 09:37:00 AM","26F","1","Crime Against Property","Identity Theft","IDENTITY THEFT","MONTGOMERY VILLAGE","200 BLK  PARAMOUNT PARK DR","GAITHERSBURG","MD","20879","MCPD","Other/Unknown","P","6P2","425","200",,"PARAMOUNT PARK",,"DR","39.15876","-77.2224","6D","    (39.1588, -77.2224)"
"201589378","5707","260038633","09/03/2026 11:37:23 AM","09/03/2026 11:37:00 AM",,"90J","1","Crime Against Society","Trespass of Real Property","TRESPASSING","ROCKVILLE","15200 BLK  SHADY GROVE RD","ROCKVILLE","MD","20850","RCPD","Commercial - Office Building","B","1B1","241","15200",,"SHADY GROVE",,"RD","39.10347","-77.1907","1D","    (39.1035, -77.1907)"
"201589366","3562","260038613",,"09/03/2026 11:35:00 AM",,"35A","1","Crime Against Society","Drug/Narcotic Violations","DRUGS - MARIJUANA - POSSESS","SILVER SPRING","200 BLK  VALLEY BROOK DR","SILVER SPRING","MD","20904","MCPD","School - Elementary/Secondary","I","3I1","150","200",,"VALLEY BROOK",,"DR","39.05925","-77.0061","3D","    (39.0592, -77.0061)"
"201589814","9108","260038623",,"09/03/2026 11:30:00 AM",,"90Z","1","Crime Against Society","All Other Offenses","RECOVERED PROPERTY - MONT CO.","TAKOMA PARK",,"TAKOMA PARK","MD","20912","TPPD","Street - Other","T","8T2","804",,,"MAPLE",,"AVE","39.14445","-77.2079","TPPD","    (39.1444, -77.2079)"
"201589507","2902","260038787","09/04/2026 11:09:24 AM","09/03/2026 11:30:00 AM","09/03/2026 11:00:00 PM","290","1","Crime Against Property","Destruction/Damage/Vandalism of Property","DAMAGE PROPERTY - PRIVATE","BETHESDA","5200 BLK  KING CHARLES WAY","BETHESDA","MD","20814","MCPD","Residence -Townhouse/Duplex","E","2E1","190","5200",,"KING CHARLES",,"WAY","39.02203","-77.1052","2D","    (39.022, -77.1052)"
"201589638","9107","260038939","09/05/2026 10:01:45 AM","09/03/2026 11:00:00 AM",,"90Z","1","Crime Against Society","All Other Offenses","MISSING PERSON","GERMANTOWN","12500 BLK  PRICES DISTILLERY RD","DAMASCUS","MD","20872","MCPD","Residence - Single Family","M","5M3","483","12500",,"PRICES DISTILLERY",,"RD","39.28349","-77.2594","5D","    (39.2835, -77.2594)"
"201589410","2610","260038648","09/03/2026 01:34:08 PM","09/03/2026 11:00:00 AM","09/03/2026 01:27:00 PM","26F","1","Crime Against Property","Identity Theft","IDENTITY THEFT","TAKOMA PARK","1300 BLK  ELSON PL","TAKOMA PARK","MD","20912","TPPD","Residence - Single Family","T","8T3","807","1300",,"ELSON",,"PL","0.0","0.0","TPPD","    (0.0, 0.0)"
"201590920","2305","260040510","09/15/2026 06:36:15 PM","09/03/2026 10:57:00 AM","09/14/2026 08:00:00 AM","23F","1","Crime Against Property","Theft From Motor Vehicle","LARCENY - FROM AUTO","GERMANTOWN","20900 BLK  FREDERICK RD","GERMANTOWN","MD","20876","MCPD","Retail - Department/Discount Store","M","5M1","701","20900",,"FREDERICK",,"RD","39.19829","-77.2448","5D","    (39.1983, -77.2448)"
"201589370","2901","260038625","09/03/2026 10:11:23 AM","09/03/2026 10:11:00 AM","09/03/2026 10:11:00 AM","290","1","Crime Against Property","Destruction/Damage/Vandalism of Property","DAMAGE PROPERTY - BUSINESS","ROCKVILLE","1  BLK  PRESERVE PKW","ROCKVILLE","MD","20852","RCPD","Parking Garage - Commercial","A","1A2","264","1",,"PRESERVE",,"PKW","39.06701","-77.1501","1D","    (39.067, -77.1501)"
"201589519","9199","260038632","09/03/2026 10:01:50 AM","09/03/2026 10:01:00 AM",,"90Z","1","Crime Against Society","All Other Offenses","POLICE INFORMATION","SILVER SPRING","7700 BLK  EASTERN AVE","TAKOMA PARK","DC","20912","MCPD","Residence - Apartment/Condo","G","3G1","091","7700",,"EASTERN",,"AVE","38.98272","-77.0242","3D","    (38.9827, -77.0242)"
"201589391","3532","260038616","09/03/2026 09:44:13 AM","09/03/2026 09:44:00 AM",,"35A","1","Crime Against Society","Drug/Narcotic Violations","DRUGS - COCAINE - POSSESS","TAKOMA PARK","1000 BLK  UNIVERSITY BLV E","SILVER SPRING","MD","20903","TPPD","Parking Lot - Residential","T","8T3","806","1000",,"UNIVERSITY","E","BLV","38.99269","-76.9914","TPPD","    (38.9927, -76.9914)"
"201589391","9061","260038616","09/03/2026 09:44:13 AM","09/03/2026 09:44:00 AM",,"90Z","1","Crime Against Society","All Other Offenses","FUGITIVE FROM MD JURISDICTION","TAKOMA PARK","1000 BLK  UNIVERSITY BLV E","SILVER SPRING","MD","20903","TPPD","Parking Lot - Residential","T","8T3","806","1000",,"UNIVERSITY","E","BLV","38.99269","-76.9914","TPPD","    (38.9927, -76.9914)"
"201589358","2610","260038483",,"09/03/2026 09:41:00 AM",,"26F","1","Crime Against Property","Identity Theft","IDENTITY THEFT","MONTGOMERY VILLAGE","1  BLK S SUMMIT AVE","GAITHERSBURG","MD","20877","GPD","Commercial - Office Building","P","6P3","431","1","S","SUMMIT",,"AVE","39.14219","-77.1933","6D","    (39.1422, -77.1933)"
"201589417","2501","260038671","09/03/2026 03:56:25 PM","09/03/2026 09:30:00 AM","09/03/2026 09:30:00 AM","250","1","Crime Against Property","Counterfeiting/Forgery","FORGERY OF CHECKS","BETHESDA","4500 BLK  ROXBURY DR","BETHESDA","MD","20814","MCPD","Other/Unknown","D","2D1","183","4500",,"ROXBURY",,"DR","39.01697","-77.0885","2D","    (39.017, -77.0885)"
"201589397","1399","260038606","09/03/2026 09:23:06 AM","09/03/2026 09:23:00 AM",,"13B","1","Crime Against Person","Simple Assault","ASSAULT - 2ND DEGREE","GERMANTOWN",,"GERMANTOWN","MD","20876","MCPD","Street - Other","M","5M3","474",,,"RIDGE",,"RD","0.0","0.0","5D","    (0.0, 0.0)"
"201589364","9061","260038609","09/03/2026 08:59:20 AM","09/03/2026 08:59:00 AM",,"90Z","1","Crime Against Society","All Other Offenses","FUGITIVE FROM MD JURISDICTION","GERMANTOWN","13500 BLK  ALE HOUSE CIR","GERMANTOWN","MD","20874","MCPD","Parking Lot - Residential","N","5N2","448","13500",,"ALE HOUSE",,"CIR","39.15929","-77.282","5D","    (39.1593, -77.282)"
"201589361","5299","260038602","09/03/2026 08:49:00 AM","09/03/2026 08:49:00 AM",,"520","1","Crime Against Society","Weapon Law Violations","WEAPON OFFENSE (DESCRIBE OFFENSE)","MONTGOMERY VILLAGE","5900 BLK  MUNCASTER MILL RD","DERWOOD","MD","20855","MCPD","School - Elementary/Secondary","R","6R3","397","5900",,"MUNCASTER MILL",,"RD","39.12941","-77.1183","6D","    (39.1294, -77.1183)"
"201589361","1306","260038602","09/03/2026 08:49:00 AM","09/03/2026 08:49:00 AM",,"13A","1","Crime Against Person","Aggravated Assault","ASSAULT - AGGRAVATED - NON-FAMILY-STRONG-ARM","MONTGOMERY VILLAGE","5900 BLK  MUNCASTER MILL RD","DERWOOD","MD","20855","MCPD","School - Elementary/Secondary","R","6R3","397","5900",,"MUNCASTER MILL",,"RD","39.12941","-77.1183","6D","    (39.1294, -77.1183)"
"201589361","5202","260038602","09/03/2026 08:49:00 AM","09/03/2026 08:49:00 AM",,"520","1","Crime Against Society","Weapon Law Violations","WEAPON - CONCEALED","MONTGOMERY VILLAGE","5900 BLK  MUNCASTER MILL RD","DERWOOD","MD","20855","MCPD","School - Elementary/Secondary","R","6R3","397","5900",,"MUNCASTER MILL",,"RD","39.12941","-77.1183","6D","    (39.1294, -77.1183)"
"201590128","9109","260039385","09/03/2026 06:58:40 AM","09/03/2026 08:45:00 AM","09/03/2026 09:00:00 AM","90Z","1","Crime Against Society","All Other Offenses","RECOVERED PROPERTY - OTHER","ROCKVILLE",,"POTOMAC","MD","20854","MCPD","Residence - Yard","B","1B1","203",,,"GAINSBOROUGH",,"RD","39.04036","-77.1725","1D","    (39.0404, -77.1725)"
"201589935","5212","260038603","09/03/2026 08:36:42 AM","09/03/2026 08:36:00 AM",,"520","1","Crime Against Society","Weapon Law Violations","WEAPON - POSSESSION","MONTGOMERY VILLAGE","5900 BLK  MUNCASTER MILL RD","DERWOOD","MD","20855","MCSO","School - Elementary/Secondary","R","6R3","397","5900",,"MUNCASTER MILL",,"RD","39.12941","-77.1183","6D","    (39.1294, -77.1183)"
"201589492","9099","260038595","09/03/2026 08:36:31 AM","09/03/2026 08:36:00 AM","09/03/2026 02:00:00 PM","90Z","1","Crime Against Society","All Other Offenses","ALL OTHER OFFENSES","ROCKVILLE","200 BLK  RICHARD MONTGOMERY DR","ROCKVILLE","MD","20852","RCPD","School - Elementary/Secondary","A","1A2","262","200",,"RICHARD MONTGOMERY",,"DR","39.07946","-77.1446","1D","    (39.0795, -77.1446)"
"201589372","9199","260038601","09/03/2026 08:24:32 AM","09/03/2026 08:24:00 AM",,"90Z","1","Crime Against Society","All Other Offenses","POLICE INFORMATION","WHEATON","12400 BLK  DALEWOOD DR","SILVER SPRING","MD","20906","MCPD","School - Elementary/Secondary","L","4L3","334","12400",,"DALEWOOD",,"DR","39.0591","-77.069","4D","    (39.0591, -77.069)"
"201589390","9199","260038615","09/03/2026 10:06:38 AM","09/03/2026 08:15:00 AM",,"90Z","1","Crime Against Society","All Other Offenses","POLICE INFORMATION","WHEATON","12500 BLK  DALEWOOD DR","SILVER SPRING","MD","20906","MCPD","Street - Residential","L","4L3","334","12500",,"DALEWOOD",,"DR","39.06108","-77.0683","4D","    (39.0611, -77.0683)"
"201589383","1399","260038596","09/03/2026 08:15:50 AM","09/03/2026 08:15:00 AM","09/03/2026 12:00:00 AM","13B","1","Crime Against Person","Simple Assault","ASSAULT - 2ND DEGREE","SILVER SPRING","1500 BLK  FOREST GLEN RD","SILVER SPRING","MD","20910","MCPD","Residence - Single Family","G","3G2","169","1500",,"FOREST GLEN",,"RD","39.01613","-77.0329","3D","    (39.0161, -77.0329)"
"201589362","9101","260038599","09/03/2026 08:45:52 AM","09/03/2026 08:00:00 AM","09/03/2026 08:44:00 AM","90Z","1","Crime Against Society","All Other Offenses","SUDDEN DEATH","ROCKVILLE","13700 BLK  GLEN MILL RD","ROCKVILLE","MD","20850","MCPD","Residence - Single Family","B","1B1","236","13700",,"GLEN MILL",,"RD","39.08024","-77.2003","1D","    (39.0802, -77.2003)"
"201589354","9101","260038592","09/03/2026 07:23:30 AM","09/03/2026 07:23:00 AM","09/03/2026 08:50:00 AM","90Z","1","Crime Against Society","All Other Offenses","SUDDEN DEATH","BETHESDA","5500 BLK  FRIENDSHIP BLV","CHEVY CHASE","MD","20815","MCPD","Residence - Apartment/Condo","D","2D2","516","5500",,"FRIENDSHIP",,"BLV","38.96301","-77.089","2D","    (38.963, -77.089)"
"201589386","9108","260038629",,"09/03/2026 07:00:00 AM",,"90Z","1","Crime Against Society","All Other Offenses","RECOVERED PROPERTY - MONT CO.","WHEATON",,"SILVER SPRING","MD","20902","MCPD","Street - Residential","L","4L1","326",,,"AVENA",,"ST","39.0484","-77.0546","4D","    (39.0484, -77.0546)"
"201589464","9107","260038735","09/03/2026 11:17:12 PM","09/03/2026 07:00:00 AM",,"90Z","1","Crime Against Society","All Other Offenses","MISSING PERSON","WHEATON","1900 BLK  NARROWS LA","SILVER SPRING","MD","20906","MCPD","Residence - Single Family","K","4K3","796","1900",,"NARROWS",,"LA","39.11773","-77.0413","4D","    (39.1177, -77.0413)"
"201589351","9101","260038584","09/03/2026 05:53:28 AM","09/03/2026 06:01:00 AM","09/03/2026 06:01:00 AM","90Z","1","Crime Against Society","All Other Offenses","SUDDEN DEATH","SILVER SPRING","1100 BLK  FIDLER LA","SILVER SPRING","MD","20910","MCPD","Residence - Apartment/Condo","G","3G1","095","1100",,"FIDLER",,"LA","38.99695","-77.0292","3D","    (38.9969, -77.0292)"
"201589473","9201","260038583","09/03/2026 04:02:00 AM","09/03/2026 04:02:00 AM",,"90Z","1","Crime Against Society","All Other Offenses","OVERDOSE","MONTGOMERY VILLAGE","400 BLK  QUINCE ORCHARD RD","GAITHERSBURG","MD","20878","GPD","Hotel/Motel/Etc.","P","6P2","445","400",,"QUINCE ORCHARD",,"RD","39.14797","-77.2181","6D","    (39.148, -77.2181)"
"201589357","9101","260038588","09/03/2026 06:55:35 AM","09/03/2026 04:00:00 AM","09/03/2026 07:06:00 AM","90Z","1","Crime Against Society","All Other Offenses","SUDDEN DEATH","WHEATON","1300 BLK  WINDMILL LA","SILVER SPRING","MD","20905","MCPD","Residence - Single Family","K","4K2","904","1300",,"WINDMILL",,"LA","39.09472","-76.9809","4D","    (39.0947, -76.9809)"
"201589339","2305","260038580","09/03/2026 12:19:47 AM","09/03/2026 12:19:00 AM",,"23F","1","Crime Against Property","Theft From Motor Vehicle","LARCENY - FROM AUTO","WHEATON","2200 BLK  GREENERY LA","SILVER SPRING","MD","20906","MCPD","Parking Lot - Residential","L","4L3","536","2200",,"GREENERY",,"LA","39.06132","-77.0474","4D","    (39.0613, -77.0474)"
"201591174","2308","260040846",,"09/03/2026 12:00:00 AM","09/06/2026 11:59:00 PM","23D","1","Crime Against Property","Theft from Building","LARCENY - FROM BLDG","GERMANTOWN","13500 BLK  CARLOW POINT CIR","GERMANTOWN","MD","20874","MCPD","Community Center","N","5N1","702","13500",,"CARLOW POINT",,"CIR","39.17882","-77.2773","5D","    (39.1788, -77.2773)"
"201590966","9199","260040586",,"09/03/2026 12:00:00 AM",,"90Z","1","Crime Against Society","All Other Offenses","POLICE INFORMATION","ROCKVILLE","100 BLK  EDISON PARK DR","GAITHERSBURG","MD","20878","MCPD","Government Building","B","1B2","725","100",,"EDISON PARK",,"DR","39.11173","-77.2352","1D","    (39.1117, -77.2352)"
"201589338","1399","260038579","09/02/2026 11:55:20 PM","09/02/2026 11:55:00 PM",,"13B","1","Crime Against Person","Simple Assault","ASSAULT - 2ND DEGREE","WHEATON","18100 BLK  PRINCE PHILIP DR","OLNEY","MD","20832","MCPD","Hospital/Emergency Care Center","K","4K3","401","18100",,"PRINCE PHILIP",,"DR","39.15425","-77.0569","4D","    (39.1542, -77.0569)"
"201589332","9113","260038568",,"09/02/2026 11:24:00 PM",,"90Z","1","Crime Against Society","All Other Offenses","MENTAL ILLNESS - EMERGENCY PETITION","MONTGOMERY VILLAGE","9600 BLK  LOST KNIFE RD","GAITHERSBURG","MD","20877","GPD","Street - Bus Stop","R","6R1","505","9600",,"LOST KNIFE",,"RD","39.15237","-77.1983","6D","    (39.1524, -77.1983)"
"201589349","1399","260038576",,"09/02/2026 11:10:00 PM",,"13B","1","Crime Against Person","Simple Assault","ASSAULT - 2ND DEGREE","WHEATON","11300 BLK  ELKIN ST","SILVER SPRING","MD","20902","MCPD","Bar/Night Club","L","4L2","354","11300",,"ELKIN",,"ST","0.0","0.0","4D","    (0.0, 0.0)"
"201589248","2999","260038421","09/02/2026 12:16:14 AM","09/02/2026 11:00:00 PM",,"290","1","Crime Against Property","Destruction/Damage/Vandalism of Property","DAMAGE PROPERTY (DESCRIBE OFFENSE)","WHEATON","13600 BLK  GEORGIA AVE","SILVER SPRING","MD","20906","MCPD","Street - In vehicle","K","4K1","348","13600",,"GEORGIA",,"AVE","0.0","0.0","4D","    (0.0, 0.0)"
"201589342","5404","260038574","09/02/2026 10:53:19 PM","09/02/2026 10:53:00 PM",,"90D","1","Crime Against Society","Driving Under the Influence","DRIVING UNDER THE INFLUENCE LIQUOR","WHEATON","12600 BLK  FARNELL DR","SILVER SPRING","MD","20906","MCPD","Street - Residential","L","4L3","335","12600",,"FARNELL",,"DR","39.06149","-77.0618","4D","    (39.0615, -77.0618)"
"201589409","2305","260038573","09/02/2026 10:52:09 PM","09/02/2026 10:30:00 PM","09/03/2026 12:15:00 AM","23F","1","Crime Against Property","Theft From Motor Vehicle","LARCENY - FROM AUTO","ROCKVILLE","1700 BLK  CHAPMAN AVE","ROCKVILLE","MD","20852","RCPD","Street - Other","A","1A2","272","1700",,"CHAPMAN",,"AVE","39.0627","-77.1223","1D","    (39.0627, -77.1223)"
"201589340","1313","260038571","09/02/2026 10:23:20 PM","09/02/2026 10:23:00 PM",,"13B","1","Crime Against Person","Simple Assault","ASSAULT - SIMPLE","WHEATON","1100 BLK  UNIVERSITY BLV W","SILVER SPRING","MD","20902","MCPD","Residence - Apt Ofc/Storage","L","4L1","360","1100",,"UNIVERSITY","W","BLV","39.03585","-77.0268","4D","    (39.0359, -77.0268)"
"201589415","4801","260038565","09/02/2026 10:12:19 PM","09/02/2026 10:12:00 PM",,"90Z","1","Crime Against Society","All Other Offenses","OBSTRUCT POLICE - RESISTING OFFICER","SILVER SPRING","900 BLK  THAYER AVE","SILVER SPRING","MD","20910","MCPD","Parking Lot - Commercial","G","3G1","670","900",,"THAYER",,"AVE","38.99304","-77.024","3D","    (38.993, -77.024)"
"201589415","3550","260038565","09/02/2026 10:12:19 PM","09/02/2026 10:12:00 PM",,"35B","1","Crime Against Society","Drug Equipment Violations","DRUGS - NARCOTIC EQUIP - POSSESS","SILVER SPRING","900 BLK  THAYER AVE","SILVER SPRING","MD","20910","MCPD","Parking Lot - Commercial","G","3G1","670","900",,"THAYER",,"AVE","38.99304","-77.024","3D","    (38.993, -77.024)"
"201589415","3532","260038565","09/02/2026 10:12:19 PM","09/02/2026 10:12:00 PM",,"35A","1","Crime Against Society","Drug/Narcotic Violations","DRUGS - COCAINE - POSSESS","SILVER SPRING","900 BLK  THAYER AVE","SILVER SPRING","MD","20910","MCPD","Parking Lot - Commercial","G","3G1","670","900",,"THAYER",,"AVE","38.99304","-77.024","3D","    (38.993, -77.024)"
"201589334","5299","260038570","09/02/2026 10:26:20 PM","09/02/2026 10:04:00 PM",,"520","1","Crime Against Society","Weapon Law Violations","WEAPON OFFENSE (DESCRIBE OFFENSE)","MONTGOMERY VILLAGE",,"GAITHERSBURG","MD","20877","MCPD","Street - Commercial","R","6R1","548",,"N","FREDERICK",,"AVE","39.05909","-77.1152","6D","    (39.0591, -77.1152)"
"201589334","3572","260038570","09/02/2026 10:26:20 PM","09/02/2026 10:04:00 PM",,"35A","1","Crime Against Society","Drug/Narcotic Violations","DRUGS - AMPHETAMINE - POSSESS","MONTGOMERY VILLAGE",,"GAITHERSBURG","MD","20877","MCPD","Street - Commercial","R","6R1","548",,"N","FREDERICK",,"AVE","39.05909","-77.1152","6D","    (39.0591, -77.1152)"
"201589334","3550","260038570","09/02/2026 10:26:20 PM","09/02/2026 10:04:00 PM",,"35B","1","Crime Against Society","Drug Equipment Violations","DRUGS - NARCOTIC EQUIP - POSSESS","MONTGOMERY VILLAGE",,"GAITHERSBURG","MD","20877","MCPD","Street - Commercial","R","6R1","548",,"N","FREDERICK",,"AVE","39.05909","-77.1152","6D","    (39.0591, -77.1152)"
"201589334","3532","260038570","09/02/2026 10:26:20 PM","09/02/2026 10:04:00 PM",,"35A","1","Crime Against Society","Drug/Narcotic Violations","DRUGS - COCAINE - POSSESS","MONTGOMERY VILLAGE",,"GAITHERSBURG","MD","20877","MCPD","Street - Commercial","R","6R1","548",,"N","FREDERICK",,"AVE","39.05909","-77.1152","6D","    (39.0591, -77.1152)"
"201589334","3504","260038570","09/02/2026 10:26:20 PM","09/02/2026 10:04:00 PM",,"35A","1","Crime Against Society","Drug/Narcotic Violations","DRUGS - HALLUCINOGEN - POSSESS","MONTGOMERY VILLAGE",,"GAITHERSBURG","MD","20877","MCPD","Street - Commercial","R","6R1","548",,"N","FREDERICK",,"AVE","39.05909","-77.1152","6D","    (39.0591, -77.1152)"
"201589333","9113","260038566","09/02/2026 09:18:23 PM","09/02/2026 09:18:00 PM",,"90Z","1","Crime Against Society","All Other Offenses","MENTAL ILLNESS - EMERGENCY PETITION","SILVER SPRING","11300 BLK  LOCKWOOD DR","SILVER SPRING","MD","20904","MCPD","Street - In vehicle","I","3I1","145","11300",,"LOCKWOOD",,"DR","39.03998","-76.9901","3D","    (39.04, -76.9901)"
"201589321","2411","260038557",,"09/02/2026 08:33:00 PM",,"90Z","1","Crime Against Society","All Other Offenses","UNAUTHORIZED USE OF VEHICLE (INCLUDES JOY RIDING)","GERMANTOWN","8000 BLK  BRINK RD","GAITHERSBURG","MD","20882","MCPD","Residence - Single Family","M","5M2","631","8000",,"BRINK",,"RD","0.0","0.0","5D","    (0.0, 0.0)"
"201589335","5311","260038556","09/02/2026 08:17:09 PM","09/02/2026 08:17:00 PM",,"90C","1","Crime Against Society","Disorderly Conduct","PUBLIC PEACE - DISORDERLY CONDUCT","SILVER SPRING",,"SILVER SPRING","MD","20903","MCPD","Parking Lot - Commercial","G","3G3","128",,,"PINEY BRANCH",,"RD","38.98068","-77.0166","3D","    (38.9807, -77.0166)"
"201589331","9112","260038561","09/02/2026 08:02:23 PM","09/02/2026 08:02:00 PM",,"90Z","1","Crime Against Society","All Other Offenses","MENTAL TRANSPORT - ONLY","MONTGOMERY VILLAGE","200 BLK  OAKTON RD","GAITHERSBURG","MD","20877","GPD","Residence - Single Family","P","6P3","432","200",,"OAKTON",,"RD","39.13636","-77.1844","6D","    (39.1364, -77.1844)"
"201589344","9021","260038575","09/02/2026 07:57:02 PM","09/02/2026 07:55:00 PM",,"90I","1","Crime Against Not a Crime","Runaway","JUVENILE - RUNAWAY","SILVER SPRING","11400 BLK  STEWART LA","SILVER SPRING","MD","20904","MCPD","Residence - Apartment/Condo","I","3I1","145","11400",,"STEWART",,"LA","39.04396","-76.9802","3D","    (39.044, -76.9802)"
"201589336","9106","260038555","09/02/2026 07:49:51 PM","09/02/2026 07:49:00 PM",,"90Z","1","Crime Against Society","All Other Offenses","MENTAL ILLNESS","WHEATON","17500 BLK  COUNTRY VIEW WAY","ASHTON","MD","20861","MCPD","Residence - Single Family","K","4K2","390","17500",,"COUNTRY VIEW",,"WAY","39.14269","-77.0068","4D","    (39.1427, -77.0068)"
"201589324","3599","260038554","09/02/2026 07:35:23 PM","09/02/2026 07:35:00 PM",,"35A","1","Crime Against Society","Drug/Narcotic Violations","DRUGS - DANGEROUS (DESCRIBE OFFENSE)","GERMANTOWN","19600 BLK  CRYSTAL ROCK DR","GERMANTOWN","MD","20874","MCPD","Residence - Other","N","5N1","595","19600",,"CRYSTAL ROCK",,"DR","39.17853","-77.263","5D","    (39.1785, -77.263)"
"201589347","2304","260038582","09/03/2026 02:18:26 AM","09/02/2026 07:30:00 PM","09/03/2026 02:00:00 AM","23G","1","Crime Against Property","Theft of Motor Vehicle Parts or Accessories","LARCENY - AUTO PARTS","SILVER SPRING","9700 BLK  MT PISGAH RD","SILVER SPRING","MD","20903","MCPD","Parking Lot - Residential","I","3I3","138","9700",,"MT PISGAH",,"RD","39.01519","-76.9768","3D","    (39.0152, -76.9768)"
"201589330","2303","260038551","09/02/2026 07:13:42 PM","09/02/2026 07:04:00 PM",,"23C","1","Crime Against Property","Shoplifting","LARCENY - SHOPLIFTING","ROCKVILLE","1600 BLK  ROCKVILLE PIK","ROCKVILLE","MD","20852","RCPD","Retail - Sporting Goods","A","1A2","266","1600",,"ROCKVILLE",,"PIK","39.06289","-77.1248","1D","    (39.0629, -77.1248)"
"201589312","3550","260038546","09/02/2026 06:42:18 PM","09/02/2026 06:42:00 PM",,"35B","1","Crime Against Society","Drug Equipment Violations","DRUGS - NARCOTIC EQUIP - POSSESS","WHEATON","12100 BLK  VEIRS MILL RD","SILVER SPRING","MD","20906","MCPD","Parking Lot - Commercial","L","4L1","332","12100",,"VEIRS MILL",,"RD","39.05364","-77.0783","4D","    (39.0536, -77.0783)"
"201589312","3532","260038546","09/02/2026 06:42:18 PM","09/02/2026 06:42:00 PM",,"35A","1","Crime Against Society","Drug/Narcotic Violations","DRUGS - COCAINE - POSSESS","WHEATON","12100 BLK  VEIRS MILL RD","SILVER SPRING","MD","20906","MCPD","Parking Lot - Commercial","L","4L1","332","12100",,"VEIRS MILL",,"RD","39.05364","-77.0783","4D","    (39.0536, -77.0783)"
"201589398","1313","260038548","09/02/2026 06:38:18 PM","09/02/2026 06:38:00 PM",,"13B","1","Crime Against Person","Simple Assault","ASSAULT - SIMPLE","WHEATON","14600 BLK  TYNEWICK TER","SILVER SPRING","MD","20906","MCPD","Residence -Townhouse/Duplex","K","4K1","346","14600",,"TYNEWICK",,"TER","39.09567","-77.078","4D","    (39.0957, -77.078)"
"201589328","2303","260038547","09/02/2026 06:59:53 PM","09/02/2026 06:32:00 PM","09/02/2026 06:34:00 PM","23C","1","Crime Against Property","Shoplifting","LARCENY - SHOPLIFTING","MONTGOMERY VILLAGE","800 BLK  RUSSELL AVE","GAITHERSBURG","MD","20879","GPD","Grocery/Supermarket","R","6R1","426","800",,"RUSSELL",,"AVE","39.1547","-77.2097","6D","    (39.1547, -77.2097)"
"201589382","3522","260038544","09/02/2026 06:28:55 PM","09/02/2026 06:28:00 PM",,"35A","1","Crime Against Society","Drug/Narcotic Violations","DRUGS - OPIUM OR DERIVATIVE - POSSESS","WHEATON","2400 BLK  REEDIE DR","SILVER SPRING","MD","20902","MCPD","Restaurant","L","4L2","324","2400",,"REEDIE",,"DR","39.03866","-77.0509","4D","    (39.0387, -77.0509)"
"201589325","9113","260038553","09/02/2026 06:24:32 PM","09/02/2026 06:24:00 PM",,"90Z","1","Crime Against Society","All Other Offenses","MENTAL ILLNESS - EMERGENCY PETITION","MONTGOMERY VILLAGE","1  BLK  ARGOSY CIR","GAITHERSBURG","MD","20878","GPD","Residence - Single Family","P","6P1","552","1",,"ARGOSY",,"CIR","39.10617","-77.2203","6D","    (39.1062, -77.2203)"
"201589327","1103","260038549","09/02/2026 06:22:36 PM","09/02/2026 06:22:00 PM",,"11A","1","Crime Against Person","Forcible Rape","RAPE - STRONG-ARM","MONTGOMERY VILLAGE","300 BLK  RUSSELL AVE","GAITHERSBURG","MD","20877","GPD","Residence - Single Family","R","6R1","548","300",,"RUSSELL",,"AVE","39.14789","-77.1988","6D","    (39.1479, -77.1988)"
"201589316","2901","260038541","09/02/2026 06:15:31 PM","09/02/2026 06:15:00 PM",,"290","1","Crime Against Property","Destruction/Damage/Vandalism of Property","DAMAGE PROPERTY - BUSINESS","BETHESDA","8100 BLK  WISCONSIN AVE","BETHESDA","MD","20814","MCPD","Hotel/Motel/Etc.","D","2D2","049","8100",,"WISCONSIN",,"AVE","38.99123","-77.0956","2D","    (38.9912, -77.0956)"
"201589309","9021","260038542","09/02/2026 06:08:13 PM","09/02/2026 06:08:00 PM",,"90I","2","Crime Against Not a Crime","Runaway","JUVENILE - RUNAWAY","BETHESDA","6300 BLK  GREENTREE RD","BETHESDA","MD","20817","MCPD","School - Elementary/Secondary","E","2E1","068","6300",,"GREENTREE",,"RD","39.00172","-77.1278","2D","    (39.0017, -77.1278)"
"201589420","3562","260038538","09/02/2026 06:15:03 PM","09/02/2026 06:05:00 PM",,"35A","1","Crime Against Society","Drug/Narcotic Violations","DRUGS - MARIJUANA - POSSESS","MONTGOMERY VILLAGE","18200 BLK  CONTOUR RD","GAITHERSBURG","MD","20877","MCPD","Street - In vehicle","R","6R1","505","18200",,"CONTOUR",,"RD","39.15572","-77.1997","6D","    (39.1557, -77.1997)"
"201589406","9199","260038533","09/02/2026 05:58:29 PM","09/02/2026 05:58:00 PM",,"90Z","1","Crime Against Society","All Other Offenses","POLICE INFORMATION","GERMANTOWN","20000 BLK  AIRCRAFT DR","GERMANTOWN","MD","20874","MCPD","Residence - Apartment/Condo","N","5N1","702","20000",,"AIRCRAFT",,"DR","39.18396","-77.2617","5D","    (39.184, -77.2617)"
"201589380","2303","260038535","09/02/2026 05:49:42 PM","09/02/2026 05:49:00 PM","09/02/2026 05:49:00 PM","23C","1","Crime Against Property","Shoplifting","LARCENY - SHOPLIFTING","WHEATON","11100 BLK  VEIRS MILL RD","SILVER SPRING","MD","20902","MCPD","Retail - Mall","L","4L2","321","11100",,"VEIRS MILL",,"RD","39.03756","-77.0519","4D","    (39.0376, -77.0519)"
"201589311","2301","260038529","09/02/2026 05:43:02 PM","09/02/2026 05:43:00 PM",,"23A","1","Crime Against Property","Pocket/picking","LARCENY - POCKET PICKING","MONTGOMERY VILLAGE","100 BLK  EDUCATION BLV","GAITHERSBURG","MD","20877","MCPD","School - Elementary/Secondary","P","6P3","433","100",,"EDUCATION",,"BLV","39.13589","-77.1921","6D","    (39.1359, -77.1921)"
"201589329","2502","260038550","09/02/2026 07:05:38 PM","09/02/2026 05:30:00 PM",,"250","1","Crime Against Property","Counterfeiting/Forgery","FORGERY OF OTHER","ROCKVILLE","300 BLK  CROYDON AVE","ROCKVILLE","MD","20850","RCPD","Residence - Single Family","A","1A1","284","300",,"CROYDON",,"AVE","39.08429","-77.1424","1D","    (39.0843, -77.1424)"
"201589320","9101","260038528","09/02/2026 05:20:47 PM","09/02/2026 05:20:00 PM",,"90Z","1","Crime Against Society","All Other Offenses","SUDDEN DEATH","ROCKVILLE","14600 BLK  PINTO LA","ROCKVILLE","MD","20850","MCPD","Residence - Single Family","B","1B2","452","14600",,"PINTO",,"LA","0.0","0.0","1D","    (0.0, 0.0)"
"201589305","2305","260038514",,"09/02/2026 05:11:00 PM",,"23F","1","Crime Against Property","Theft From Motor Vehicle","LARCENY - FROM AUTO","MONTGOMERY VILLAGE",,"MONTGOMERY VILLAGE","MD","20886","MCPD","Street - Residential","R","6R2","714",,"E","VILLAGE",,"AVE","39.19151","-77.155","6D","    (39.1915, -77.155)"
"201589307","3550","260038524",,"09/02/2026 04:58:00 PM",,"35B","1","Crime Against Society","Drug Equipment Violations","DRUGS - NARCOTIC EQUIP - POSSESS","SILVER SPRING","900 BLK  SLIGO AVE","SILVER SPRING","MD","20910","MCPD","Parking Lot - Other","G","3G1","093","900",,"SLIGO",,"AVE","0.0","0.0","3D","    (0.0, 0.0)"
"201589308","9105","260038523","09/02/2026 04:54:44 PM","09/02/2026 04:54:00 PM",,"90Z","1","Crime Against Society","All Other Offenses","LOST PROPERTY","WHEATON","12300 BLK  GEORGIA AVE","SILVER SPRING","MD","20906","MCPD","Other/Unknown","L","4L3","536","12300",,"GEORGIA",,"AVE","0.0","0.0","4D","    (0.0, 0.0)"
"201589310","9113","260038525","09/02/2026 04:38:49 PM","09/02/2026 04:38:00 PM",,"90Z","1","Crime Against Society","All Other Offenses","MENTAL ILLNESS - EMERGENCY PETITION","SILVER SPRING","8100 BLK  GEORGIA AVE","SILVER SPRING","MD","20910","MCPD","Shelter-Mission/Homeless","G","3G1","094","8100",,"GEORGIA",,"AVE","38.99065","-77.0267","3D","    (38.9907, -77.0267)"
"201589422","4199","260038517","09/02/2026 04:31:11 PM","09/02/2026 04:31:00 PM",,"90G","1","Crime Against Society","Liquor Law Violations","LIQUOR (DESCRIBE OFFENSE)","MONTGOMERY VILLAGE","200 BLK N FREDERICK AVE","GAITHERSBURG","MD","20877","GPD","Street - Bus Stop","P","6P2","428","200","N","FREDERICK",,"AVE","39.09454","-77.1506","6D","    (39.0945, -77.1506)"
"201589313","1399","260038519","09/02/2026 04:30:19 PM","09/02/2026 04:30:00 PM",,"13B","1","Crime Against Person","Simple Assault","ASSAULT - 2ND DEGREE","BETHESDA","8500 BLK  16TH ST","SILVER SPRING","MD","20910","MCPD","Street - Residential","D","2D1","517","8500",,"16TH",,"ST","0.0","0.0","2D","    (0.0, 0.0)"
"201589318","1210","260038522","09/02/2026 04:28:12 PM","09/02/2026 04:28:00 PM",,"120","1","Crime Against Property","Robbery","ROBBERY - FORCIBLE PURSE SNATCHING","SILVER SPRING","11300 BLK  LOCKWOOD DR","SILVER SPRING","MD","20904","MCPD","Street - Bus Stop","I","3I1","145","11300",,"LOCKWOOD",,"DR","39.03998","-76.9901","3D","    (39.04, -76.9901)"
"201589319","5707","260038521","09/02/2026 04:21:21 PM","09/02/2026 04:21:00 PM",,"90J","1","Crime Against Society","Trespass of Real Property","TRESPASSING","SILVER SPRING","11200 BLK  OAK LEAF DR","SILVER SPRING","MD","20901","MCPD","Residence - Apartment/Condo","I","3I1","518","11200",,"OAK LEAF",,"DR","39.03844","-76.9949","3D","    (39.0384, -76.9949)"
"201589302","9199","260038518","09/02/2026 04:14:30 PM","09/02/2026 04:14:00 PM",,"90Z","1","Crime Against Society","All Other Offenses","POLICE INFORMATION","WHEATON",,"ROCKVILLE","MD","20853","MCPD","Street - In vehicle","K","4K1","394",,,"NORBECK",,"RD","39.11257","-77.0589","4D","    (39.1126, -77.0589)"
"201589304","2902","260038513","09/02/2026 04:06:05 PM","09/02/2026 04:06:00 PM",,"290","1","Crime Against Property","Destruction/Damage/Vandalism of Property","DAMAGE PROPERTY - PRIVATE","TAKOMA PARK","7500 BLK  GLENSIDE DR","TAKOMA PARK","MD","20912","TPPD","Street - Residential","T","8T3","806","7500",,"GLENSIDE",,"DR","38.98473","-76.9915","TPPD","    (38.9847, -76.9915)"
"201589296","2610","260038502","09/02/2026 03:08:04 PM","09/02/2026 03:08:00 PM",,"26F","1","Crime Against Property","Identity Theft","IDENTITY THEFT","WHEATON","3700 BLK  ASTORIA RD","KENSINGTON","MD","20895","MCPD","Other/Unknown","L","4L1","313","3700",,"ASTORIA",,"RD","39.0402","-77.0727","4D","    (39.0402, -77.0727)"
"201589389","5309","260038508","09/02/2026 02:45:58 PM","09/02/2026 02:45:00 PM",,"90Z","1","Crime Against Society","All Other Offenses","PUBLIC PEACE - HARASSING COMMUNICATION","SILVER SPRING","1000 BLK  MILESTONE DR","SILVER SPRING","MD","20904","MCPD","Street - Commercial","I","3I1","148","1000",,"MILESTONE",,"DR","39.04565","-76.992","3D","    (39.0457, -76.992)"
"201589301","2601","260038500","09/02/2026 02:44:57 PM","09/02/2026 02:44:00 PM",,"26A","1","Crime Against Property","False Pretenses/Swindle/Confidence Game","FRAUD - CONFIDENCE GAME","BETHESDA","9700 BLK  OLD GEORGETOWN RD","BETHESDA","MD","20814","MCPD","Residence - Apartment/Condo","E","2E1","071","9700",,"OLD GEORGETOWN",,"RD","39.01425","-77.1183","2D","    (39.0142, -77.1183)"
"201589295","2308","260038509","09/02/2026 03:01:12 PM","09/02/2026 02:26:00 PM","09/02/2026 02:27:00 PM","23D","1","Crime Against Property","Theft from Building","LARCENY - FROM BLDG","ROCKVILLE","1300 BLK  ROCKVILLE PIK","ROCKVILLE","MD","20852","RCPD","Retail - Salon/Spa","A","1A2","266","1300",,"ROCKVILLE",,"PIK","39.06875","-77.1298","1D","    (39.0688, -77.1298)"
"201589322","4802","260038496","09/02/2026 02:13:56 PM","09/02/2026 02:13:00 PM",,"90Z","1","Crime Against Society","All Other Offenses","OBSTRUCT POLICE - OBSTRUCT CRIMINAL INVEST","WHEATON","11200 BLK  TRIANGLE LA","SILVER SPRING","MD","20902","MCPD","Retail - Beauty/Barber Shop","L","4L2","324","11200",,"TRIANGLE",,"LA","39.03853","-77.0515","4D","    (39.0385, -77.0515)"
"201589322","2901","260038496","09/02/2026 02:13:56 PM","09/02/2026 02:13:00 PM",,"290","1","Crime Against Property","Destruction/Damage/Vandalism of Property","DAMAGE PROPERTY - BUSINESS","WHEATON","11200 BLK  TRIANGLE LA","SILVER SPRING","MD","20902","MCPD","Retail - Beauty/Barber Shop","L","4L2","324","11200",,"TRIANGLE",,"LA","39.03853","-77.0515","4D","    (39.0385, -77.0515)"
"201589322","1399","260038496","09/02/2026 02:13:56 PM","09/02/2026 02:13:00 PM",,"13B","1","Crime Against Person","Simple Assault","ASSAULT - 2ND DEGREE","WHEATON","11200 BLK  TRIANGLE LA","SILVER SPRING","MD","20902","MCPD","Retail - Beauty/Barber Shop","L","4L2","324","11200",,"TRIANGLE",,"LA","39.03853","-77.0515","4D","    (39.0385, -77.0515)"
"201589326","2399","260038558","09/02/2026 08:00:34 PM","09/02/2026 02:00:00 PM","09/02/2026 07:30:00 PM","23H","1","Crime Against Property","All other Larceny","LARCENY (DESCRIBE OFFENSE)","BETHESDA","5400 BLK  MCGRATH BLV","ROCKVILLE","MD","20852","MCPD","Parking Lot - Residential","D","2D1","187","5400",,"MCGRATH",,"BLV","39.04863","-77.1082","2D","    (39.0486, -77.1082)"
"201589375","2305","260038631","09/03/2026 12:07:02 PM","09/02/2026 02:00:00 PM","09/03/2026 12:00:00 PM","23F","1","Crime Against Property","Theft From Motor Vehicle","LARCENY - FROM AUTO","WHEATON","10800 BLK  BUCKNELL DR","SILVER SPRING","MD","20902","MCPD","Parking Lot - Residential","L","4L2","171","10800",,"BUCKNELL",,"DR","39.03267","-77.0454","4D","    (39.0327, -77.0454)"
"201589377","2303","260038487","09/02/2026 01:41:16 PM","09/02/2026 01:41:00 PM",,"23C","1","Crime Against Property","Shoplifting","LARCENY - SHOPLIFTING","WHEATON","11100 BLK  VEIRS MILL RD","SILVER SPRING","MD","20902","MCPD","Retail - Mall","L","4L2","321","11100",,"VEIRS MILL",,"RD","39.03756","-77.0519","4D","    (39.0376, -77.0519)"
"201589282","5707","260038479","09/02/2026 01:26:25 PM","09/02/2026 01:26:00 PM",,"90J","1","Crime Against Society","Trespass of Real Property","TRESPASSING","WHEATON","13300 BLK  KARA LA","SILVER SPRING","MD","20904","MCPD","Residence - Single Family","L","4L3","677","13300",,"KARA",,"LA","0.0","0.0","4D","    (0.0, 0.0)"
"201589297","9109","260038486","09/02/2026 01:22:19 PM","09/02/2026 01:22:00 PM",,"90Z","1","Crime Against Society","All Other Offenses","RECOVERED PROPERTY - OTHER","TAKOMA PARK","1200 BLK  KIRKLYNN AVE","TAKOMA PARK","MD","20912","TPPD","Street - Residential","T","8T3","806","1200",,"KIRKLYNN",,"AVE","38.98727","-76.9908","TPPD","    (38.9873, -76.9908)"
"201589385","5311","260038478","09/02/2026 01:16:48 PM","09/02/2026 01:16:00 PM",,"90C","1","Crime Against Society","Disorderly Conduct","PUBLIC PEACE - DISORDERLY CONDUCT","WHEATON","11200 BLK  GEORGIA AVE","SILVER SPRING","MD","20902","MCPD","Street - Alley","L","4L2","324","11200",,"GEORGIA",,"AVE","0.0","0.0","4D","    (0.0, 0.0)"
"201589279","3532","260038405",,"09/02/2026 01:06:00 PM",,"35A","1","Crime Against Society","Drug/Narcotic Violations","DRUGS - COCAINE - POSSESS","ROCKVILLE",,"ROCKVILLE","MD","20851","MCPD","Street - In vehicle","A","1A1","285",,,"1ST",,"ST","39.07711","-77.1394","1D","    (39.0771, -77.1394)"
"201589279","5499","260038405",,"09/02/2026 01:06:00 PM",,"90Z","1","Crime Against Society","All Other Offenses","TRAFFIC OFFENSES (DESCRIBE OFFENSE)","ROCKVILLE",,"ROCKVILLE","MD","20851","MCPD","Street - In vehicle","A","1A1","285",,,"1ST",,"ST","39.07711","-77.1394","1D","    (39.0771, -77.1394)"
"201589291","3707","260038480","09/02/2026 01:02:14 PM","09/02/2026 01:02:00 PM",,"90Z","1","Crime Against Society","All Other Offenses","OBSCENE COMMUNICATION","ROCKVILLE","11300 BLK  GAINSBOROUGH RD","POTOMAC","MD","20854","MCPD","School - College/University","B","1B1","224","11300",,"GAINSBOROUGH",,"RD","39.04376","-77.1717","1D","    (39.0438, -77.1717)"
"201589285","1399","260038492","09/02/2026 01:02:45 PM","09/02/2026 01:02:00 PM",,"13B","1","Crime Against Person","Simple Assault","ASSAULT - 2ND DEGREE","BETHESDA","4300 BLK  KNOWLES AVE","KENSINGTON","MD","20895","MCPD","Residence - Nursing Home","D","2D1","181","4300",,"KNOWLES",,"AVE","39.02972","-77.0836","2D","    (39.0297, -77.0836)"
"201589303","2303","260038498","09/02/2026 02:32:00 PM","09/02/2026 12:49:00 PM","09/02/2026 02:40:00 PM","23C","1","Crime Against Property","Shoplifting","LARCENY - SHOPLIFTING","BETHESDA","7100 BLK  DEMOCRACY BLV","BETHESDA","MD","20817","MCPD","Retail - Mall","E","2E2","204","7100",,"DEMOCRACY",,"BLV","39.02202","-77.1473","2D","    (39.022, -77.1473)"
"201589491","1116","260038471","09/02/2026 12:32:06 PM","09/02/2026 12:32:00 PM",,"36B","1","Crime Against Person","Statuory Rape","STATUTORY RAPE - NO FORCE","TAKOMA PARK","700 BLK  CHANEY DR","TAKOMA PARK","MD","20912","TPPD","Residence - Apartment/Condo","T","8T2","805","700",,"CHANEY",,"DR","38.98349","-76.9976","TPPD","    (38.9835, -76.9976)"
"201589352","9199","260038510",,"09/02/2026 12:15:00 PM","09/02/2026 12:30:00 PM","90Z","1","Crime Against Society","All Other Offenses","POLICE INFORMATION","ROCKVILLE","2100 BLK  BALTIMORE RD","ROCKVILLE","MD","20851","RCPD","School - Elementary/Secondary","A","1A2","290","2100",,"BALTIMORE",,"RD","39.08472","-77.1183","1D","    (39.0847, -77.1183)"
"201589490","9199","260038473","09/02/2026 12:06:52 PM","09/02/2026 12:06:00 PM",,"90Z","1","Crime Against Society","All Other Offenses","POLICE INFORMATION","SILVER SPRING","16000 BLK  OURSLER RD","BURTONSVILLE","MD","20866","MCPD","Residence - Single Family","I","3I2","383","16000",,"OURSLER",,"RD","39.12","-76.9517","3D","    (39.12, -76.9517)"
"201589373","9199","260038495","09/02/2026 01:12:56 PM","09/02/2026 12:00:00 PM","09/02/2026 12:30:00 PM","90Z","1","Crime Against Society","All Other Offenses","POLICE INFORMATION","WHEATON","300 BLK  OLNEY SANDY SPRING RD","SANDY SPRING","MD","20860","MCPD","School - Elementary/Secondary","K","4K2","390","300",,"OLNEY SANDY SPRING",,"RD","39.14911","-77.0175","4D","    (39.1491, -77.0175)"
"201589400","9113","260038475","09/02/2026 11:50:58 AM","09/02/2026 11:49:00 AM",,"90Z","1","Crime Against Society","All Other Offenses","MENTAL ILLNESS - EMERGENCY PETITION","BETHESDA","10400 BLK  FERNWOOD RD","BETHESDA","MD","20817","MCPD","Residence - Apartment/Condo","E","2E1","197","10400",,"FERNWOOD",,"RD","39.02533","-77.1368","2D","    (39.0253, -77.1368)"
"201589540","1399","260038469","09/02/2026 11:20:24 AM","09/02/2026 11:20:00 AM","09/02/2026 02:40:00 PM","13B","1","Crime Against Person","Simple Assault","ASSAULT - 2ND DEGREE","ROCKVILLE","5100 BLK  CROSSFIELD CT","ROCKVILLE","MD","20852","MCPD","Pool","A","1A2","303","5100",,"CROSSFIELD",,"CT","39.05716","-77.1028","1D","    (39.0572, -77.1028)"
"201589405","2303","260038467","09/02/2026 11:36:48 AM","09/02/2026 11:14:00 AM",,"23C","1","Crime Against Property","Shoplifting","LARCENY - SHOPLIFTING","SILVER SPRING","12000 BLK  CHERRY HILL RD","SILVER SPRING","MD","20904","MCPD","Retail - Department/Discount Store","I","3I1","146","12000",,"CHERRY HILL",,"RD","39.05259","-76.9531","3D","    (39.0526, -76.9531)"
"201589964","2604","260039330","09/08/2026 11:12:54 AM","09/02/2026 11:12:00 AM",,"26C","1","Crime Against Property","Impersonation","FRAUD - IMPERSONATION","BETHESDA","10000 BLK  FLOWER GATE TER","POTOMAC","MD","20854","MCPD","Residence - Single Family","E","2E2","215","10000",,"FLOWER GATE",,"TER","39.00141","-77.2018","2D","    (39.0014, -77.2018)"
"201589298","9021","260038503","09/02/2026 02:40:00 PM","09/02/2026 11:00:00 AM",,"90I","1","Crime Against Not a Crime","Runaway","JUVENILE - RUNAWAY","ROCKVILLE","300 BLK  LINCOLN AVE","ROCKVILLE","MD","20850","RCPD","Residence - Single Family","A","1A1","283","300",,"LINCOLN",,"AVE","38.9816","-77.0031","1D","    (38.9816, -77.0031)"
"201589272","9021","260038460","09/02/2026 10:34:55 AM","09/02/2026 10:34:00 AM",,"90I","1","Crime Against Not a Crime","Runaway","JUVENILE - RUNAWAY","GERMANTOWN","11400 BLK  LOCUSTDALE TER","GERMANTOWN","MD","20876","MCPD","Residence -Townhouse/Duplex","M","5M1","471","11400",,"LOCUSTDALE",,"TER","39.18663","-77.2364","5D","    (39.1866, -77.2364)"
"201589288","2999","260038458","09/02/2026 10:32:44 AM","09/02/2026 10:32:00 AM",,"290","1","Crime Against Property","Destruction/Damage/Vandalism of Property","DAMAGE PROPERTY (DESCRIBE OFFENSE)","MONTGOMERY VILLAGE","7800 BLK  GUILDBERRY CT","GAITHERSBURG","MD","20879","MCPD","Residence - Driveway","R","6R3","420","7800",,"GUILDBERRY",,"CT","39.15961","-77.1617","6D","    (39.1596, -77.1617)"
"201589270","2902","260038462","09/02/2026 10:30:56 AM","09/02/2026 10:30:00 AM",,"290","1","Crime Against Property","Destruction/Damage/Vandalism of Property","DAMAGE PROPERTY - PRIVATE","SILVER SPRING","3300 BLK  TEAGARDEN CIR","SILVER SPRING","MD","20904","MCPD","Parking Lot - Residential","I","3I2","380","3300",,"TEAGARDEN",,"CIR","39.08197","-76.9439","3D","    (39.082, -76.9439)"
"201589265","2399","260038456","09/02/2026 10:19:35 AM","09/02/2026 10:19:00 AM",,"23H","1","Crime Against Property","All other Larceny","LARCENY (DESCRIBE OFFENSE)","WHEATON","2400 BLK  BLUERIDGE AVE","SILVER SPRING","MD","20902","MCPD","Other/Unknown","L","4L1","358","2400",,"BLUERIDGE",,"AVE","39.043","-77.0499","4D","    (39.043, -77.0499)"
"201590303","2902","260038853","09/04/2026 04:42:13 PM","09/02/2026 10:00:00 AM","09/02/2026 03:00:00 PM","290","1","Crime Against Property","Destruction/Damage/Vandalism of Property","DAMAGE PROPERTY - PRIVATE","MONTGOMERY VILLAGE","300 BLK  SPECTRUM AVE","GAITHERSBURG","MD","20879","MCPD","Parking Lot - Commercial","P","6P2","425","300",,"SPECTRUM",,"AVE","39.1599","-77.2213","6D","    (39.1599, -77.2213)"
"201590729","2303","260040272",,"09/02/2026 09:53:00 AM","09/02/2026 10:00:00 AM","23C","1","Crime Against Property","Shoplifting","LARCENY - SHOPLIFTING","GERMANTOWN","20900 BLK  FREDERICK RD","GERMANTOWN","MD","20876","MCPD","Grocery/Supermarket","M","5M1","701","20900",,"FREDERICK",,"RD","39.19829","-77.2448","5D","    (39.1983, -77.2448)"
"201589353","9099","260038447","09/02/2026 09:01:53 AM","09/02/2026 09:01:00 AM",,"90Z","1","Crime Against Society","All Other Offenses","ALL OTHER OFFENSES","SILVER SPRING","900 BLK  DALEVIEW DR","SILVER SPRING","MD","20901","MCPD","Street - Other","G","3G3","133","900",,"DALEVIEW",,"DR","39.00726","-76.9934","3D","    (39.0073, -76.9934)"
"201589988","2399","260039332","09/08/2026 11:19:46 AM","09/02/2026 09:00:00 AM","09/02/2026 09:30:00 AM","23H","1","Crime Against Property","All other Larceny","LARCENY (DESCRIBE OFFENSE)","BETHESDA","11300 BLK  COMMONWEALTH DR","ROCKVILLE","MD","20852","MCPD","Residence - Apartment/Condo","E","2E1","189","11300",,"COMMONWEALTH",,"DR","39.04118","-77.1194","2D","    (39.0412, -77.1194)"
"201589350","2303","260038444","09/02/2026 08:49:25 AM","09/02/2026 08:49:00 AM",,"23C","1","Crime Against Property","Shoplifting","LARCENY - SHOPLIFTING","WHEATON","12300 BLK  GEORGIA AVE","SILVER SPRING","MD","20906","MCPD","Retail - Drug Store/Pharmacy","L","4L3","536","12300",,"GEORGIA",,"AVE","0.0","0.0","4D","    (0.0, 0.0)"
"201589268","5707","260038442","09/02/2026 08:47:54 AM","09/02/2026 08:46:00 AM","09/02/2026 12:00:00 AM","90J","1","Crime Against Society","Trespass of Real Property","TRESPASSING","ROCKVILLE","1  BLK  MARYLAND AVE","ROCKVILLE","MD","20850","RCPD","Parking Garage - Commercial","A","1A1","277","1",,"MARYLAND",,"AVE","39.14486","-77.2027","1D","    (39.1449, -77.2027)"
"201589262","1313","260038445","09/02/2026 08:44:42 AM","09/02/2026 08:44:00 AM",,"13B","1","Crime Against Person","Simple Assault","ASSAULT - SIMPLE","WHEATON","17900 BLK  GEORGIA AVE","OLNEY","MD","20832","MCPD","Gas Station","K","4K3","642","17900",,"GEORGIA",,"AVE","0.0","0.0","4D","    (0.0, 0.0)"
"201589289","9107","260038448","09/02/2026 08:11:43 AM","09/02/2026 08:11:00 AM",,"90Z","1","Crime Against Society","All Other Offenses","MISSING PERSON","WHEATON","11900 BLK  JUDSON RD","SILVER SPRING","MD","20902","MCPD","Residence - Single Family","L","4L1","327","11900",,"JUDSON",,"RD","0.0","0.0","4D","    (0.0, 0.0)"
"201589257","2304","260038435","09/02/2026 07:35:17 AM","09/02/2026 07:35:00 AM",,"23G","1","Crime Against Property","Theft of Motor Vehicle Parts or Accessories","LARCENY - AUTO PARTS","TAKOMA PARK","6600 BLK  EASTERN AVE","TAKOMA PARK","MD","20912","TPPD","Street - Residential","T","8T1","802","6600",,"EASTERN",,"AVE","38.96985","-77.0077","TPPD","    (38.9699, -77.0077)"
"201589254","9062","260038383",,"09/02/2026 07:31:00 AM",,"90Z","1","Crime Against Society","All Other Offenses","FUGITIVE FROM JUSTICE (OUT OF STATE)","ROCKVILLE","1300 BLK  SEVEN LOCKS RD","POTOMAC","MD","20854","MCPD","Jail/Prison","B","1B1","228","1300",,"SEVEN LOCKS",,"RD","39.06691","-77.1616","1D","    (39.0669, -77.1616)"
"201589256","9106","260038433","09/02/2026 06:21:57 AM","09/02/2026 06:30:00 AM","09/02/2026 07:00:00 AM","90Z","1","Crime Against Society","All Other Offenses","MENTAL ILLNESS","BETHESDA","5900 BLK  SONOMA RD","BETHESDA","MD","20817","MCPD","Residence - Single Family","E","2E1","070","5900",,"SONOMA",,"RD","39.00236","-77.1184","2D","    (39.0024, -77.1184)"
"201589253","2999","260038006",,"09/02/2026 06:07:00 AM",,"290","1","Crime Against Property","Destruction/Damage/Vandalism of Property","DAMAGE PROPERTY (DESCRIBE OFFENSE)","WHEATON","17800 BLK  GEORGIA AVE","OLNEY","MD","20832","MCPD","Residence - Single Family","K","4K3","642","17800",,"GEORGIA",,"AVE","0.0","0.0","4D","    (0.0, 0.0)"
"201589269","9113","260038432","09/02/2026 05:46:35 AM","09/02/2026 05:46:00 AM",,"90Z","1","Crime Against Society","All Other Offenses","MENTAL ILLNESS - EMERGENCY PETITION","BETHESDA","11100 BLK  POTOMAC VIEW DR","POTOMAC","MD","20854","MCPD","Residence - Single Family","E","2E2","231","11100",,"POTOMAC VIEW",,"DR","39.03401","-77.2298","2D","    (39.034, -77.2298)"
"201589260","9061","260038431","09/02/2026 05:27:40 AM","09/02/2026 05:27:00 AM","09/02/2026 06:00:00 AM","90Z","1","Crime Against Society","All Other Offenses","FUGITIVE FROM MD JURISDICTION","ROCKVILLE","1  BLK W MONTGOMERY AVE","ROCKVILLE","MD","20850","RCPD","Government Building","A","1A1","255","1","W","MONTGOMERY",,"AVE","39.1457","-77.2037","1D","    (39.1457, -77.2037)"
"201589348","1399","260038425","09/02/2026 01:53:06 AM","09/02/2026 01:53:00 AM",,"13B","1","Crime Against Person","Simple Assault","ASSAULT - 2ND DEGREE","MONTGOMERY VILLAGE","1  BLK  MAPLEWOOD CT","GAITHERSBURG","MD","20877","GPD","Residence - Apartment/Condo","P","6P3","419","1",,"MAPLEWOOD",,"CT","39.14637","-77.19","6D","    (39.1464, -77.19)"
"201589314","2902","260038504","09/02/2026 02:51:36 PM","09/02/2026 01:30:00 AM",,"290","1","Crime Against Property","Destruction/Damage/Vandalism of Property","DAMAGE PROPERTY - PRIVATE","BETHESDA","8000 BLK  OLD GEORGETOWN RD","BETHESDA","MD","20814","MCPD","Residence - Apt Ofc/Storage","D","2D2","049","8000",,"OLD GEORGETOWN",,"RD","38.98931","-77.1018","2D","    (38.9893, -77.1018)"
"201589286","2404","260038437","09/02/2026 06:42:18 AM","09/02/2026 01:30:00 AM",,"240","1","Crime Against Property","Motor Vehicle Theft","AUTO THEFT - VEHICLE THEFT","GERMANTOWN","9100 BLK  GUE RD","DAMASCUS","MD","20872","MCPD","Residence - Driveway","M","5M2","485","9100",,"GUE",,"RD","0.0","0.0","5D","    (0.0, 0.0)"
"201589251","9113","260038423","09/02/2026 01:02:09 AM","09/02/2026 01:02:00 AM",,"90Z","1","Crime Against Society","All Other Offenses","MENTAL ILLNESS - EMERGENCY PETITION","GERMANTOWN",,"GERMANTOWN","MD","20874","MCPD","Street - Other","N","5N1","702",,,"GERMANTOWN",,"RD","39.174","-77.2741","5D","    (39.174, -77.2741)"
"201590315","2304","260039767","09/11/2026 01:14:39 AM","09/02/2026 12:00:00 AM","09/03/2026 12:00:00 AM","23G","1","Crime Against Property","Theft of Motor Vehicle Parts or Accessories","LARCENY - AUTO PARTS","BETHESDA","5100 BLK  DUDLEY LA","BETHESDA","MD","20814","MCPD","Parking Lot - Residential","E","2E1","071","5100",,"DUDLEY",,"LA","39.01446","-77.1002","2D","    (39.0145, -77.1002)"
"201590246","9103","260039668",,"09/02/2026 12:00:00 AM",,"720","1","Crime Against Society","Animal Cruelty","ANIMAL CRUELTY","GERMANTOWN","19100 BLK  FREDERICK RD","GAITHERSBURG","MD","20879","MCPD","Residence - Apt Ofc/Storage","M","5M1","470","19100",,"FREDERICK",,"RD","39.16889","-77.234","5D","    (39.1689, -77.234)"
"201589356","5309","260038600",,"09/02/2026 12:00:00 AM",,"90Z","1","Crime Against Society","All Other Offenses","PUBLIC PEACE - HARASSING COMMUNICATION","ROCKVILLE","15800 BLK  QUINCE ORCHARD RD","GAITHERSBURG","MD","20878","MCPD","Residence - Single Family","B","1B2","457","15800",,"QUINCE ORCHARD",,"RD","39.11526","-77.2529","1D","    (39.1153, -77.2529)"
"201589250","2303","260038419",,"09/01/2026 11:50:00 PM",,"23C","1","Crime Against Property","Shoplifting","LARCENY - SHOPLIFTING","ROCKVILLE","1500 BLK  ROCKVILLE PIK","ROCKVILLE","MD","20852","RCPD","Grocery/Supermarket","A","1A2","273","1500",,"ROCKVILLE",,"PIK","39.06511","-77.1266","1D","    (39.0651, -77.1266)"
"201589587","2610","260038418","09/01/2026 11:34:34 PM","09/01/2026 11:00:00 PM","09/01/2026 11:29:00 PM","26F","1","Crime Against Property","Identity Theft","IDENTITY THEFT","ROCKVILLE","1  BLK W MONTGOMERY AVE","ROCKVILLE","MD","20850","RCPD","Other/Unknown","A","1A1","255","1","W","MONTGOMERY",,"AVE","39.1457","-77.2037","1D","    (39.1457, -77.2037)"
"201589249","9099","260038420","09/02/2026 12:05:58 AM","09/01/2026 10:30:00 PM","09/02/2026 12:05:00 AM","90Z","1","Crime Against Society","All Other Offenses","ALL OTHER OFFENSES","GERMANTOWN","12800 BLK  SAGE TER","GERMANTOWN","MD","20874","MCPD","Residence -Townhouse/Duplex","N","5N2","594","12800",,"SAGE",,"TER","0.0","0.0","5D","    (0.0, 0.0)"
"201589293","3532","260038414",,"09/01/2026 09:30:00 PM",,"35A","1","Crime Against Society","Drug/Narcotic Violations","DRUGS - COCAINE - POSSESS","BETHESDA",,"SILVER SPRING","MD","20910","MCPD","Street - In vehicle","D","2D1","517",,,"16TH",,"ST","38.99703","-77.0368","2D","    (38.997, -77.0368)"
"201589234","1399","260038413","09/01/2026 09:24:30 PM","09/01/2026 09:24:00 PM",,"13B","1","Crime Against Person","Simple Assault","ASSAULT - 2ND DEGREE","MONTGOMERY VILLAGE","18200 BLK  CONTOUR RD","GAITHERSBURG","MD","20877","MCPD","Liquor Store - Beer & Wine","R","6R1","505","18200",,"CONTOUR",,"RD","39.15572","-77.1997","6D","    (39.1557, -77.1997)"
"201589355","2305","260038436","09/02/2026 07:44:24 AM","09/01/2026 09:00:00 PM","09/02/2026 06:40:00 AM","23F","1","Crime Against Property","Theft From Motor Vehicle","LARCENY - FROM AUTO","SILVER SPRING","10100 BLK  GEORGIA AVE","SILVER SPRING","MD","20902","MCPD","Parking Lot - Residential","G","3G2","174","10100",,"GEORGIA",,"AVE","0.0","0.0","3D","    (0.0, 0.0)"
"201589252","1206","260038411","09/01/2026 08:56:05 PM","09/01/2026 08:56:00 PM",,"120","1","Crime Against Property","Robbery","ROBBERY - STREET-STRONG-ARM","MONTGOMERY VILLAGE",,"GAITHERSBURG","MD","20877","GPD","Street - Bus Stop","P","6P3","435",,"S","FREDERICK",,"AVE","39.05909","-77.1152","6D","    (39.0591, -77.1152)"
"201589241","1199","260038415","09/01/2026 08:46:57 PM","09/01/2026 08:46:00 PM",,"11D","1","Crime Against Person","Forcible Fondling","SEX ASSAULT - FONDLING","SILVER SPRING","8700 BLK  CARROLL AVE","SILVER SPRING","MD","20903","MCPD","Residence - Apartment/Condo","G","3G3","132","8700",,"CARROLL",,"AVE","38.99718","-76.9918","3D","    (38.9972, -76.9918)"
"201589221","1199","260038409","09/01/2026 08:03:57 PM","09/01/2026 08:03:00 PM",,"11D","1","Crime Against Person","Forcible Fondling","SEX ASSAULT - FONDLING","WHEATON",,"SILVER SPRING","MD","20902","MCPD","Street - Residential","L","4L3","525",,,"RANDOLPH",,"RD","39.05501","-77.0844","4D","    (39.055, -77.0844)"
"201589283","2699","260038485","09/02/2026 01:26:25 PM","09/01/2026 08:00:00 PM",,"26A","1","Crime Against Property","False Pretenses/Swindle/Confidence Game","FRAUD (DESCRIBE OFFENSE)","WHEATON","17500 BLK  RIDGE DR","ROCKVILLE","MD","20853","MCPD","Parking Lot - Residential","K","4K3","538","17500",,"RIDGE",,"DR","0.0","0.0","4D","    (0.0, 0.0)"
"201591426","9105","260041187",,"09/01/2026 07:21:00 PM","09/19/2026 12:00:00 AM","90Z","1","Crime Against Society","All Other Offenses","LOST PROPERTY","WHEATON","3200 BLK  SPARTAN RD","OLNEY","MD","20832","MCPD","Residence - Apartment/Condo","K","4K3","642","3200",,"SPARTAN",,"RD","39.15083","-77.0621","4D","    (39.1508, -77.0621)"
"201589235","9113","260038407","09/01/2026 07:10:19 PM","09/01/2026 07:10:00 PM",,"90Z","1","Crime Against Society","All Other Offenses","MENTAL ILLNESS - EMERGENCY PETITION","SILVER SPRING","3100 BLK  MEMORY LA","SILVER SPRING","MD","20904","MCPD","Residence - Single Family","I","3I2","378","3100",,"MEMORY",,"LA","39.06733","-76.943","3D","    (39.0673, -76.943)"
"201589240","9199","260038404","09/01/2026 07:04:45 PM","09/01/2026 07:04:00 PM",,"90Z","1","Crime Against Society","All Other Offenses","POLICE INFORMATION","WHEATON","2200 BLK  BEL PRE RD","SILVER SPRING","MD","20906","MCPD","Restaurant","K","4K1","530","2200",,"BEL PRE",,"RD","39.09053","-77.0465","4D","    (39.0905, -77.0465)"
"201589232","1399","260038398","09/01/2026 06:57:48 PM","09/01/2026 06:57:00 PM","09/01/2026 07:33:00 PM","13B","1","Crime Against Person","Simple Assault","ASSAULT - 2ND DEGREE","GERMANTOWN","20500 BLK  LOWFIELD DR","GERMANTOWN","MD","20874","MCPD","Residence -Townhouse/Duplex","N","5N1","465","20500",,"LOWFIELD",,"DR","39.19308","-77.276","5D","    (39.1931, -77.276)"
"201589227","9113","260038402","09/01/2026 06:55:38 PM","09/01/2026 06:55:00 PM",,"90Z","1","Crime Against Society","All Other Offenses","MENTAL ILLNESS - EMERGENCY PETITION","SILVER SPRING","1400 BLK  CHILTON DR","SILVER SPRING","MD","20904","MCPD","Residence - Single Family","I","3I1","149","1400",,"CHILTON",,"DR","39.06381","-76.9863","3D","    (39.0638, -76.9863)"
"201589210","2303","260038400","09/01/2026 06:53:43 PM","09/01/2026 06:53:00 PM",,"23C","1","Crime Against Property","Shoplifting","LARCENY - SHOPLIFTING","ROCKVILLE","300 BLK N WASHINGTON ST","ROCKVILLE","MD","20850","MCPD","Liquor Store - Beer & Wine","A","1A1","254","300","N","WASHINGTON",,"ST","39.08862","-77.1536","1D","    (39.0886, -77.1536)"
"201589215","3550","260038396","09/01/2026 06:43:10 PM","09/01/2026 06:35:00 PM",,"35B","1","Crime Against Society","Drug Equipment Violations","DRUGS - NARCOTIC EQUIP - POSSESS","SILVER SPRING","8200 BLK  DIXON AVE","SILVER SPRING","MD","20910","MCPD","Street - Residential","G","3G1","094","8200",,"DIXON",,"AVE","0.0","0.0","3D","    (0.0, 0.0)"
"201589215","3532","260038396","09/01/2026 06:43:10 PM","09/01/2026 06:35:00 PM",,"35A","1","Crime Against Society","Drug/Narcotic Violations","DRUGS - COCAINE - POSSESS","SILVER SPRING","8200 BLK  DIXON AVE","SILVER SPRING","MD","20910","MCPD","Street - Residential","G","3G1","094","8200",,"DIXON",,"AVE","0.0","0.0","3D","    (0.0, 0.0)"
"201589239","9021","260038416","09/01/2026 10:00:37 PM","09/01/2026 06:30:00 PM",,"90I","1","Crime Against Not a Crime","Runaway","JUVENILE - RUNAWAY","GERMANTOWN","18100 BLK  METZ DR","GERMANTOWN","MD","20874","MCPD","Residence -Townhouse/Duplex","N","5N2","448","18100",,"METZ",,"DR","0.0","0.0","5D","    (0.0, 0.0)"
"201589276","2901","260038470","09/02/2026 11:56:35 AM","09/01/2026 06:30:00 PM","09/02/2026 07:00:00 AM","290","1","Crime Against Property","Destruction/Damage/Vandalism of Property","DAMAGE PROPERTY - BUSINESS","WHEATON","17700 BLK  NEW HAMPSHIRE AVE","ASHTON","MD","20861","MCPD","Other/Unknown","K","4K2","645","17700",,"NEW HAMPSHIRE",,"AVE","39.14623","-77.0079","4D","    (39.1462, -77.0079)"
"201589225","2299","260038390","09/01/2026 06:21:21 PM","09/01/2026 06:21:00 PM",,"220","1","Crime Against Property","Burglary/Breaking and Entering","BURGLARY (DESCRIBE OFFENSE)","WHEATON","13100 BLK  RIVIERA TER","SILVER SPRING","MD","20904","MCPD","Residence - Single Family","L","4L3","373","13100",,"RIVIERA",,"TER","0.0","0.0","4D","    (0.0, 0.0)"
"201589228","2303","260038386","09/01/2026 06:28:51 PM","09/01/2026 06:20:00 PM",,"23C","1","Crime Against Property","Shoplifting","LARCENY - SHOPLIFTING","WHEATON","11100 BLK  VEIRS MILL RD","SILVER SPRING","MD","20902","MCPD","Retail - Mall","L","4L2","321","11100",,"VEIRS MILL",,"RD","39.03756","-77.0519","4D","    (39.0376, -77.0519)"
"201589228","3599","260038386","09/01/2026 06:28:51 PM","09/01/2026 06:20:00 PM",,"35A","1","Crime Against Society","Drug/Narcotic Violations","DRUGS - DANGEROUS (DESCRIBE OFFENSE)","WHEATON","11100 BLK  VEIRS MILL RD","SILVER SPRING","MD","20902","MCPD","Retail - Mall","L","4L2","321","11100",,"VEIRS MILL",,"RD","39.03756","-77.0519","4D","    (39.0376, -77.0519)"
"201589217","2202","260038406","09/01/2026 06:18:27 PM","09/01/2026 06:18:00 PM",,"220","1","Crime Against Property","Burglary/Breaking and Entering","BURGLARY - FORCED ENTRY-RESIDENTIAL","SILVER SPRING","1200 BLK  TANLEY RD","SILVER SPRING","MD","20904","MCPD","Residence - Single Family","I","3I1","148","1200",,"TANLEY",,"RD","39.05306","-76.9845","3D","    (39.0531, -76.9845)"
"201589932","2304","260038427","09/02/2026 04:48:39 AM","09/01/2026 06:00:00 PM","09/02/2026 04:30:00 AM","23G","1","Crime Against Property","Theft of Motor Vehicle Parts or Accessories","LARCENY - AUTO PARTS","MONTGOMERY VILLAGE","9700 BLK  FIELDS RD","GAITHERSBURG","MD","20878","MCPD","Parking Lot - Residential","P","6P1","441","9700",,"FIELDS",,"RD","39.11309","-77.1994","6D","    (39.1131, -77.1994)"
"201589284","5212","260038380","09/01/2026 05:55:53 PM","09/01/2026 05:55:00 PM",,"520","1","Crime Against Society","Weapon Law Violations","WEAPON - POSSESSION","SILVER SPRING",,"SILVER SPRING","MD","20904","MCPD","Street - In vehicle","I","3I1","145",,,"COLUMBIA",,"PIK","38.9762","-77.0072","3D","    (38.9762, -77.0072)"
"201589214","9113","260038379","09/01/2026 05:43:51 PM","09/01/2026 05:43:00 PM",,"90Z","1","Crime Against Society","All Other Offenses","MENTAL ILLNESS - EMERGENCY PETITION","WHEATON","11100 BLK  VEIRS MILL RD","SILVER SPRING","MD","20902","MCPD","Retail - Mall","L","4L2","321","11100",,"VEIRS MILL",,"RD","39.03756","-77.0519","4D","    (39.0376, -77.0519)"
"201589208","2902","260038377","09/01/2026 05:13:18 PM","09/01/2026 05:13:00 PM",,"290","1","Crime Against Property","Destruction/Damage/Vandalism of Property","DAMAGE PROPERTY - PRIVATE","SILVER SPRING","8000 BLK  GARLAND AVE","TAKOMA PARK","MD","20912","MCPD","Street - In vehicle","G","3G3","129","8000",,"GARLAND",,"AVE","38.98946","-76.9986","3D","    (38.9895, -76.9986)"
"201589242","5213","260038376","09/01/2026 05:02:16 PM","09/01/2026 05:02:00 PM",,"520","1","Crime Against Society","Weapon Law Violations","WEAPON - FIRING","MONTGOMERY VILLAGE","18600 BLK  GROSBEAK TER","GAITHERSBURG","MD","20879","MCPD","Residence -Townhouse/Duplex","R","6R1","503","18600",,"GROSBEAK",,"TER","39.16165","-77.1858","6D","    (39.1617, -77.1858)"
"201589231","1399","260038387","09/01/2026 05:01:16 PM","09/01/2026 05:01:00 PM",,"13B","1","Crime Against Person","Simple Assault","ASSAULT - 2ND DEGREE","GERMANTOWN","13500 BLK  KILDARE HILLS TER","GERMANTOWN","MD","20874","MCPD","Residence - Carport","N","5N1","702","13500",,"KILDARE HILLS",,"TER","39.1792","-77.2758","5D","    (39.1792, -77.2758)"
"201589341","1103","260038581","09/02/2026 11:16:29 PM","09/01/2026 05:00:00 PM","09/01/2026 11:59:00 PM","11A","1","Crime Against Person","Forcible Rape","RAPE - STRONG-ARM","GERMANTOWN","19300 BLK  FREDERICK RD","GERMANTOWN","MD","20876","MCPD","Residence - Single Family","M","5M1","470","19300",,"FREDERICK",,"RD","39.17167","-77.236","5D","    (39.1717, -77.236)"
"201589401","1399","260038481",,"09/01/2026 03:50:00 PM","09/02/2026 01:30:00 PM","13B","1","Crime Against Person","Simple Assault","ASSAULT - 2ND DEGREE","BETHESDA","6300 BLK  WILSON LA","BETHESDA","MD","20817","MCPD","Street - Bus Stop","E","2E1","059","6300",,"WILSON",,"LA","38.9883","-77.1275","2D","    (38.9883, -77.1275)"
"201589188","9109","260038290",,"09/01/2026 03:41:00 PM",,"90Z","1","Crime Against Society","All Other Offenses","RECOVERED PROPERTY - OTHER","SILVER SPRING","1000 BLK  MILESTONE DR","SILVER SPRING","MD","20904","MCPD","Government Building","I","3I1","148","1000",,"MILESTONE",,"DR","39.04565","-76.992","3D","    (39.0457, -76.992)"
"201589243","9199","260038361","09/01/2026 03:40:10 PM","09/01/2026 03:40:00 PM",,"90Z","1","Crime Against Society","All Other Offenses","POLICE INFORMATION","MONTGOMERY VILLAGE","19300 BLK  WATKINS MILL RD","MONTGOMERY VILLAGE","MD","20886","MCPD","Street - Bus Stop","R","6R2","424","19300",,"WATKINS MILL",,"RD","39.17252","-77.2083","6D","    (39.1725, -77.2083)"
"201589921","2308","260038424","09/02/2026 01:11:59 AM","09/01/2026 03:15:00 PM","09/01/2026 06:15:00 PM","23D","1","Crime Against Property","Theft from Building","LARCENY - FROM BLDG","MONTGOMERY VILLAGE","18200 BLK  FLOWER HILL WAY","GAITHERSBURG","MD","20879","MCPD","Grocery/Supermarket","R","6R3","420","18200",,"FLOWER HILL",,"WAY","39.15466","-77.1637","6D","    (39.1547, -77.1637)"
"201589223","9199","260038346","09/01/2026 03:06:37 PM","09/01/2026 03:06:00 PM",,"90Z","1","Crime Against Society","All Other Offenses","POLICE INFORMATION","GERMANTOWN","20000 BLK  AIRCRAFT DR","GERMANTOWN","MD","20874","MCPD","Government Building","N","5N1","702","20000",,"AIRCRAFT",,"DR","39.18396","-77.2617","5D","    (39.184, -77.2617)"
"201589236","2601","260038403","09/01/2026 07:15:06 PM","09/01/2026 03:00:00 PM","09/01/2026 05:00:00 PM","26A","1","Crime Against Property","False Pretenses/Swindle/Confidence Game","FRAUD - CONFIDENCE GAME","ROCKVILLE","100 BLK  MONROE ST","ROCKVILLE","MD","20850","RCPD","Other/Unknown","A","1A1","276","100",,"MONROE",,"ST","39.08284","-77.1489","1D","    (39.0828, -77.1489)"
"201589187","1399","260038341","09/01/2026 02:47:19 PM","09/01/2026 02:47:00 PM","09/01/2026 02:47:00 PM","13B","1","Crime Against Person","Simple Assault","ASSAULT - 2ND DEGREE","WHEATON","11000 BLK  VEIRS MILL RD","SILVER SPRING","MD","20902","MCPD","Air/Bus/Train/Metro Terminal","L","4L2","324","11000",,"VEIRS MILL",,"RD","39.03609","-77.05","4D","    (39.0361, -77.05)"
"201589684","2399","260038351","09/01/2026 02:40:42 PM","09/01/2026 02:40:00 PM",,"23H","1","Crime Against Property","All other Larceny","LARCENY (DESCRIBE OFFENSE)","BETHESDA","10500 BLK  CONNECTICUT AVE","KENSINGTON","MD","20895","MCPD","Convenience Store","D","2D1","179","10500",,"CONNECTICUT",,"AVE","39.02748","-77.0766","2D","    (39.0275, -77.0766)"
"201589186","2303","260038342","09/01/2026 02:41:25 PM","09/01/2026 02:22:00 PM",,"23C","1","Crime Against Property","Shoplifting","LARCENY - SHOPLIFTING","GERMANTOWN","21000 BLK  FREDERICK RD","GERMANTOWN","MD","20876","MCPD","Retail - Department/Discount Store","M","5M1","701","21000",,"FREDERICK",,"RD","39.20034","-77.2452","5D","    (39.2003, -77.2452)"
"201589255","9113","260038335","09/01/2026 02:12:41 PM","09/01/2026 01:55:00 PM","09/01/2026 02:30:00 PM","90Z","1","Crime Against Society","All Other Offenses","MENTAL ILLNESS - EMERGENCY PETITION","GERMANTOWN","12000 BLK  BIRDSEYE TER","GERMANTOWN","MD","20874","MCPD","Residence -Townhouse/Duplex","N","5N1","447","12000",,"BIRDSEYE",,"TER","39.16359","-77.2492","5D","    (39.1636, -77.2492)"
"201589489","9099","260038328","09/01/2026 01:30:32 PM","09/01/2026 01:30:00 PM",,"90Z","1","Crime Against Society","All Other Offenses","ALL OTHER OFFENSES","MONTGOMERY VILLAGE","17000 BLK  SHADY GROVE RD","DERWOOD","MD","20855","MCPD","Street - In vehicle","P","6P3","775","17000",,"SHADY GROVE",,"RD","39.13515","-77.1568","6D","    (39.1352, -77.1568)"
"201589368","9113","260038333","09/01/2026 01:11:18 PM","09/01/2026 01:10:00 PM",,"90Z","1","Crime Against Society","All Other Offenses","MENTAL ILLNESS - EMERGENCY PETITION","SILVER SPRING","13800 BLK  CASTLE BLV","SILVER SPRING","MD","20904","MCPD","Residence - Apartment/Condo","I","3I2","380","13800",,"CASTLE",,"BLV","0.0","0.0","3D","    (0.0, 0.0)"
"201589511","2399","260038327","09/01/2026 01:04:39 PM","09/01/2026 01:04:00 PM",,"23H","1","Crime Against Property","All other Larceny","LARCENY (DESCRIBE OFFENSE)","MONTGOMERY VILLAGE","19200 BLK  WOODFIELD RD","GAITHERSBURG","MD","20879","MCPD","Restaurant","R","6R3","421","19200",,"WOODFIELD",,"RD","39.1708","-77.1535","6D","    (39.1708, -77.1535)"
"201589266","5212","260038453",,"09/01/2026 01:00:00 PM",,"520","1","Crime Against Society","Weapon Law Violations","WEAPON - POSSESSION","ROCKVILLE","17500 BLK W WILLARD RD","POOLESVILLE","MD","20837","MCPD","School - Elementary/Secondary","B","1B3","499","17500","W","WILLARD",,"RD","39.14265","-77.4205","1D","    (39.1427, -77.4205)"
"201590040","2399","260039439","09/08/2026 07:16:49 PM","09/01/2026 01:00:00 PM","09/02/2026 03:03:00 PM","23H","1","Crime Against Property","All other Larceny","LARCENY (DESCRIBE OFFENSE)","GERMANTOWN","13500 BLK  STATION ST","GERMANTOWN","MD","20874","MCPD","Residence - Single Family","N","5N1","702","13500",,"STATION",,"ST","39.17695","-77.2771","5D","    (39.1769, -77.2771)"
"201589172","9108","260038324","09/01/2026 12:52:48 PM","09/01/2026 12:52:00 PM","09/01/2026 01:20:00 PM","90Z","1","Crime Against Society","All Other Offenses","RECOVERED PROPERTY - MONT CO.","WHEATON","2300 BLK  RANDOLPH RD","SILVER SPRING","MD","20902","MCPD","Residence - Single Family","L","4L1","366","2300",,"RANDOLPH",,"RD","39.05861","-77.0485","4D","    (39.0586, -77.0485)"
"201589183","9113","260038339","09/01/2026 12:51:47 PM","09/01/2026 12:51:00 PM","09/01/2026 01:20:00 PM","90Z","1","Crime Against Society","All Other Offenses","MENTAL ILLNESS - EMERGENCY PETITION","ROCKVILLE","100 BLK  TALBOTT ST","ROCKVILLE","MD","20852","RCPD","Residence - Apartment/Condo","A","1A2","265","100",,"TALBOTT",,"ST","39.07103","-77.1321","1D","    (39.071, -77.1321)"
"201589972","3562","260038329",,"09/01/2026 12:50:00 PM",,"35A","1","Crime Against Society","Drug/Narcotic Violations","DRUGS - MARIJUANA - POSSESS","WHEATON","12400 BLK  DALEWOOD DR","SILVER SPRING","MD","20906","MCPD","School - Elementary/Secondary","L","4L3","334","12400",,"DALEWOOD",,"DR","39.0591","-77.069","4D","    (39.0591, -77.069)"
"201589218","5311","260038321","09/01/2026 12:39:32 PM","09/01/2026 12:39:00 PM",,"90C","1","Crime Against Society","Disorderly Conduct","PUBLIC PEACE - DISORDERLY CONDUCT","WHEATON","10900 BLK  GEORGIA AVE","SILVER SPRING","MD","20902","MCPD","Retail - Appliances/Electronics","L","4L2","171","10900",,"GEORGIA",,"AVE","0.0","0.0","4D","    (0.0, 0.0)"
"201589218","5707","260038321","09/01/2026 12:39:32 PM","09/01/2026 12:39:00 PM",,"90J","1","Crime Against Society","Trespass of Real Property","TRESPASSING","WHEATON","10900 BLK  GEORGIA AVE","SILVER SPRING","MD","20902","MCPD","Retail - Appliances/Electronics","L","4L2","171","10900",,"GEORGIA",,"AVE","0.0","0.0","4D","    (0.0, 0.0)"
"201590205","2399","260039528","09/09/2026 02:38:01 PM","09/01/2026 12:33:00 PM","09/01/2026 04:00:00 PM","23H","1","Crime Against Property","All other Larceny","LARCENY (DESCRIBE OFFENSE)","BETHESDA","9900 BLK  BLUEGRASS RD","POTOMAC","MD","20854","MCPD","Other/Unknown","E","2E2","218","9900",,"BLUEGRASS",,"RD","39.01743","-77.2042","2D","    (39.0174, -77.2042)"
"201589173","9199","260038330","09/01/2026 01:35:55 PM","09/01/2026 12:30:00 PM",,"90Z","1","Crime Against Society","All Other Offenses","POLICE INFORMATION","MONTGOMERY VILLAGE","15000 BLK  BROSCHART RD","ROCKVILLE","MD","20850","MCPD","School/College - DO NOT USE","P","6P1","721","15000",,"BROSCHART",,"RD","39.10179","-77.2003","6D","    (39.1018, -77.2003)"
"201589990","9101","260039359","09/08/2026 12:19:51 PM","09/01/2026 12:19:00 PM","09/08/2026 01:30:00 PM","90Z","1","Crime Against Society","All Other Offenses","SUDDEN DEATH","WHEATON","5500 BLK  BURNSIDE DR","ROCKVILLE","MD","20853","MCPD","Residence - Apartment/Condo","K","4K1","529","5500",,"BURNSIDE",,"DR","39.0936","-77.109","4D","    (39.0936, -77.109)"
"201589263","2304","260038452","09/02/2026 09:53:35 AM","09/01/2026 12:00:00 PM","09/02/2026 09:30:00 AM","23G","1","Crime Against Property","Theft of Motor Vehicle Parts or Accessories","LARCENY - AUTO PARTS","SILVER SPRING","12400 BLK  MYLOTT ST","SILVER SPRING","MD","20904","MCPD","Street - Residential","I","3I1","377","12400",,"MYLOTT",,"ST","0.0","0.0","3D","    (0.0, 0.0)"
"201589166","9107","260038317","09/01/2026 11:37:18 AM","09/01/2026 11:37:00 AM",,"90Z","1","Crime Against Society","All Other Offenses","MISSING PERSON","MONTGOMERY VILLAGE","1  BLK  CINNABAR CT","GAITHERSBURG","MD","20879","MCPD","Residence - Single Family","R","6R3","421","1",,"CINNABAR",,"CT","39.18409","-77.1556","6D","    (39.1841, -77.1556)"
"201589153","9099","260038302",,"09/01/2026 11:33:00 AM",,"90Z","1","Crime Against Society","All Other Offenses","ALL OTHER OFFENSES","GERMANTOWN","19000 BLK  CHERRY BEND DR","GERMANTOWN","MD","20874","MCPD","Residence - Other","N","5N2","594","19000",,"CHERRY BEND",,"DR","39.16735","-77.2711","5D","    (39.1673, -77.2711)"
"201589174","1399","260038314","09/01/2026 12:08:45 PM","09/01/2026 11:30:00 AM","09/01/2026 11:45:00 AM","13B","2","Crime Against Person","Simple Assault","ASSAULT - 2ND DEGREE","ROCKVILLE","700 BLK  ROCKVILLE PIK","ROCKVILLE","MD","20852","RCPD","Parking Lot - Commercial","A","1A2","260","700",,"ROCKVILLE",,"PIK","39.07999","-77.1434","1D","    (39.08, -77.1434)"
"201589165","9101","260038315","09/01/2026 11:26:06 AM","09/01/2026 11:24:00 AM","09/01/2026 11:24:00 AM","90Z","1","Crime Against Society","All Other Offenses","SUDDEN DEATH","ROCKVILLE","100 BLK  ROLLINS AVE","ROCKVILLE","MD","20852","RCPD","Residence - Apartment/Condo","A","1A2","269","100",,"ROLLINS",,"AVE","39.05883","-77.1213","1D","    (39.0588, -77.1213)"
"201589264","9199","260038304","09/01/2026 10:55:30 AM","09/01/2026 10:55:00 AM",,"90Z","1","Crime Against Society","All Other Offenses","POLICE INFORMATION","MONTGOMERY VILLAGE","5900 BLK  MUNCASTER MILL RD","DERWOOD","MD","20855","MCPD","School - Elementary/Secondary","R","6R3","397","5900",,"MUNCASTER MILL",,"RD","39.12941","-77.1183","6D","    (39.1294, -77.1183)"
"201589175","9113","260038307","09/01/2026 10:53:24 AM","09/01/2026 10:53:00 AM",,"90Z","1","Crime Against Society","All Other Offenses","MENTAL ILLNESS - EMERGENCY PETITION","MONTGOMERY VILLAGE","10200 BLK  WASHINGTONIAN BLV","GAITHERSBURG","MD","20878","GPD","Residence - Apartment/Condo","P","6P1","549","10200",,"WASHINGTONIAN",,"BLV","39.1203","-77.2054","6D","    (39.1203, -77.2054)"
"201589140","3802","260035918",,"09/01/2026 10:27:00 AM",,"90F","1","Crime Against Society","Family Offenses, NonViolent","FAMILY OFFENSE - CRUELTY TOWARD CHILD","MONTGOMERY VILLAGE","7800 BLK  BRIARDALE TER","DERWOOD","MD","20855","MCPD","Residence - Single Family","P","6P3","551","7800",,"BRIARDALE",,"TER","39.13283","-77.1608","6D","    (39.1328, -77.1608)"
"201589299","9105","260038511","09/02/2026 04:10:59 PM","09/01/2026 10:00:00 AM","09/01/2026 03:00:00 PM","90Z","1","Crime Against Society","All Other Offenses","LOST PROPERTY","WHEATON","3000 BLK  HEWITT AVE","SILVER SPRING","MD","20906","MCPD","Other/Unknown","K","4K1","348","3000",,"HEWITT",,"AVE","0.0","0.0","4D","    (0.0, 0.0)"
"201590551","2304","260040025","09/12/2026 06:31:56 PM","09/01/2026 10:00:00 AM","09/12/2026 02:00:00 PM","23G","1","Crime Against Property","Theft of Motor Vehicle Parts or Accessories","LARCENY - AUTO PARTS","WHEATON","13600 BLK  PARKLAND DR","ROCKVILLE","MD","20853","MCPD","Residence - Driveway","K","4K1","341","13600",,"PARKLAND",,"DR","39.07917","-77.0871","4D","    (39.0792, -77.0871)"
"201589171","9105","260038293","09/01/2026 09:56:14 AM","09/01/2026 09:56:00 AM",,"90Z","1","Crime Against Society","All Other Offenses","LOST PROPERTY","GERMANTOWN","19200 BLK  FREDERICK RD","GERMANTOWN","MD","20876","MCPD","Gas Station","M","5M1","470","19200",,"FREDERICK",,"RD","39.16929","-77.2346","5D","    (39.1693, -77.2346)"
"201589139","3562","260038292","09/01/2026 09:54:52 AM","09/01/2026 09:35:00 AM",,"35A","1","Crime Against Society","Drug/Narcotic Violations","DRUGS - MARIJUANA - POSSESS","WHEATON","19200 BLK  OLNEY MILL RD","OLNEY","MD","20832","MCPD","School - Elementary/Secondary","K","4K3","400","19200",,"OLNEY MILL",,"RD","39.17089","-77.0809","4D","    (39.1709, -77.0809)"
"201589133","2305","260038280",,"09/01/2026 09:31:00 AM",,"23F","1","Crime Against Property","Theft From Motor Vehicle","LARCENY - FROM AUTO","WHEATON","2300 BLK  GLENALLAN AVE","SILVER SPRING","MD","20906","MCPD","Street - Other","L","4L3","368","2300",,"GLENALLAN",,"AVE","39.06236","-77.0479","4D","    (39.0624, -77.0479)"
"201589267","2304","260038457","09/02/2026 10:12:31 AM","09/01/2026 09:00:00 AM","09/02/2026 09:45:00 AM","23G","1","Crime Against Property","Theft of Motor Vehicle Parts or Accessories","LARCENY - AUTO PARTS","WHEATON","2000 BLK  UNIVERSITY BLV W","SILVER SPRING","MD","20902","MCPD","Parking Lot - Residential","L","4L2","354","2000",,"UNIVERSITY","W","BLV","39.04047","-77.0445","4D","    (39.0405, -77.0445)"
"201589132","3562","260038273",,"09/01/2026 08:43:00 AM",,"35A","1","Crime Against Society","Drug/Narcotic Violations","DRUGS - MARIJUANA - POSSESS","WHEATON","11100 BLK  NEWPORT MILL RD","KENSINGTON","MD","20895","MCPD","School - Elementary/Secondary","L","4L2","318","11100",,"NEWPORT MILL",,"RD","39.03711","-77.0724","4D","    (39.0371, -77.0724)"
"201589143","9108","260038289","09/01/2026 08:38:46 AM","09/01/2026 08:38:00 AM","09/01/2026 09:50:00 AM","90Z","1","Crime Against Society","All Other Offenses","RECOVERED PROPERTY - MONT CO.","ROCKVILLE","1  BLK  HARVARD CT","ROCKVILLE","MD","20850","RCPD","Street - Residential","A","1A1","244","1",,"HARVARD",,"CT","39.10595","-77.1642","1D","    (39.106, -77.1642)"
"201589138","2399","260038288","09/01/2026 08:23:14 AM","09/01/2026 08:23:00 AM",,"23H","1","Crime Against Property","All other Larceny","LARCENY (DESCRIBE OFFENSE)","SILVER SPRING","9100 BLK  2ND AVE","SILVER SPRING","MD","20910","MCPD","Other/Unknown","G","3G2","084","9100",,"2ND",,"AVE","0.0","0.0","3D","    (0.0, 0.0)"
"201589144","9199","260038279","09/01/2026 08:13:24 AM","09/01/2026 08:13:00 AM",,"90Z","1","Crime Against Society","All Other Offenses","POLICE INFORMATION","BETHESDA","3200 BLK  WOODBINE ST","CHEVY CHASE","MD","20815","MCPD","Parking Lot - School","D","2D1","011","3200",,"WOODBINE",,"ST","38.9878","-77.0634","2D","    (38.9878, -77.0634)"
"201591096","2308","260040734","09/17/2026 08:06:40 AM","09/01/2026 08:06:00 AM",,"23D","1","Crime Against Property","Theft from Building","LARCENY - FROM BLDG","ROCKVILLE","12000 BLK  SMOKETREE RD","POTOMAC","MD","20854","MCPD","Residence - Single Family","B","1B1","226","12000",,"SMOKETREE",,"RD","39.05361","-77.1656","1D","    (39.0536, -77.1656)"
"201589164","2305","260038311",,"09/01/2026 08:00:00 AM",,"23F","1","Crime Against Property","Theft From Motor Vehicle","LARCENY - FROM AUTO","SILVER SPRING","500 BLK  DOMER AVE","TAKOMA PARK","MD","20912","MCPD","Residence - Driveway","G","3G3","129","500",,"DOMER",,"AVE","0.0","0.0","3D","    (0.0, 0.0)"
"201589151","9099","260038272","09/01/2026 07:39:15 AM","09/01/2026 07:39:00 AM",,"90Z","1","Crime Against Society","All Other Offenses","ALL OTHER OFFENSES","GERMANTOWN","22400 BLK  BRICK HAVEN WAY","CLARKSBURG","MD","20871","MCPD","School - Elementary/Secondary","M","5M3","598","22400",,"BRICK HAVEN",,"WAY","39.22071","-77.263","5D","    (39.2207, -77.263)"
"201589160","1399","260038267","09/01/2026 07:22:50 AM","09/01/2026 07:22:00 AM",,"13B","1","Crime Against Person","Simple Assault","ASSAULT - 2ND DEGREE","SILVER SPRING","7900 BLK  GEORGIA AVE","SILVER SPRING","MD","20910","MCPD","Convenience Store","G","3G1","090","7900",,"GEORGIA",,"AVE","38.98534","-77.0266","3D","    (38.9853, -77.0266)"
"201589127","9113","260038265","09/01/2026 06:57:31 AM","09/01/2026 06:56:00 AM",,"90Z","1","Crime Against Society","All Other Offenses","MENTAL ILLNESS - EMERGENCY PETITION","GERMANTOWN","19000 BLK  HIGHSTREAM DR","GERMANTOWN","MD","20874","MCPD","Residence - Yard","N","5N2","596","19000",,"HIGHSTREAM",,"DR","39.17096","-77.2864","5D","    (39.171, -77.2864)"
"201589146","2404","260038264","09/01/2026 06:46:21 AM","09/01/2026 06:46:00 AM",,"240","1","Crime Against Property","Motor Vehicle Theft","AUTO THEFT - VEHICLE THEFT","TAKOMA PARK","700 BLK  ERIE AVE","TAKOMA PARK","MD","20912","TPPD","Residence - Apartment/Condo","T","8T2","803","700",,"ERIE",,"AVE","0.0","0.0","TPPD","    (0.0, 0.0)"
"201589177","2202","260038331","09/01/2026 01:16:32 PM","09/01/2026 06:00:00 AM","09/01/2026 12:50:00 PM","220","1","Crime Against Property","Burglary/Breaking and Entering","BURGLARY - FORCED ENTRY-RESIDENTIAL","WHEATON","13300 BLK  KARA LA","SILVER SPRING","MD","20904","MCPD","Residence - Yard","L","4L3","677","13300",,"KARA",,"LA","0.0","0.0","4D","    (0.0, 0.0)"
"201589126","5404","260038263","09/01/2026 02:39:42 AM","09/01/2026 02:39:00 AM",,"90D","1","Crime Against Society","Driving Under the Influence","DRIVING UNDER THE INFLUENCE LIQUOR","SILVER SPRING","9600 BLK  GEORGIA AVE","SILVER SPRING","MD","20910","MCPD","Street - Other","G","3G2","175","9600",,"GEORGIA",,"AVE","39.0123","-77.0416","3D","    (39.0123, -77.0416)"
"201589197","2203","260038284","09/01/2026 07:41:38 AM","09/01/2026 01:30:00 AM","09/01/2026 02:00:00 AM","220","1","Crime Against Property","Burglary/Breaking and Entering","BURGLARY - FORCED ENTRY-NONRESIDENTIAL","BETHESDA","7300 BLK  MAC ARTHUR BLV","BETHESDA","MD","20816","MCPD","Restaurant","E","2E2","025","7300",,"MAC ARTHUR",,"BLV","38.96867","-77.1391","2D","    (38.9687, -77.1391)"
"201589196","2203","260038285","09/01/2026 07:41:38 AM","09/01/2026 01:30:00 AM","09/01/2026 02:00:00 AM","220","1","Crime Against Property","Burglary/Breaking and Entering","BURGLARY - FORCED ENTRY-NONRESIDENTIAL","BETHESDA","7300 BLK  MAC ARTHUR BLV","BETHESDA","MD","20816","MCPD","Restaurant","E","2E2","025","7300",,"MAC ARTHUR",,"BLV","38.96867","-77.1391","2D","    (38.9687, -77.1391)"
"201589124","3550","260038262","09/01/2026 01:06:42 AM","09/01/2026 01:06:00 AM",,"35B","1","Crime Against Society","Drug Equipment Violations","DRUGS - NARCOTIC EQUIP - POSSESS","GERMANTOWN","13200 BLK  ASTORIA HILL CT","GERMANTOWN","MD","20874","MCPD","Residence - Other","N","5N1","465","13200",,"ASTORIA HILL",,"CT","39.19742","-77.2737","5D","    (39.1974, -77.2737)"
"201589124","2305","260038262","09/01/2026 01:06:42 AM","09/01/2026 01:06:00 AM",,"23F","1","Crime Against Property","Theft From Motor Vehicle","LARCENY - FROM AUTO","GERMANTOWN","13200 BLK  ASTORIA HILL CT","GERMANTOWN","MD","20874","MCPD","Parking Lot - Residential","N","5N1","465","13200",,"ASTORIA HILL",,"CT","39.19742","-77.2737","5D","    (39.1974, -77.2737)"
"201589123","3806","260038261","09/01/2026 12:29:53 AM","09/01/2026 12:29:00 AM",,"90F","1","Crime Against Society","Family Offenses, NonViolent","FAMILY OFFENSE - NEGLECT CHILD (INCLUDES NONSUPPOR","BETHESDA","8500 BLK  16TH ST","SILVER SPRING","MD","20910","MCPD","Residence - Apartment/Condo","D","2D1","517","8500",,"16TH",,"ST","0.0","0.0","2D","    (0.0, 0.0)"
"201590482","2304","260039983","09/12/2026 11:51:47 AM","09/01/2026 12:00:00 AM","09/11/2026 10:30:00 PM","23G","1","Crime Against Property","Theft of Motor Vehicle Parts or Accessories","LARCENY - AUTO PARTS","BETHESDA","10400 BLK  MOTOR CITY DR","BETHESDA","MD","20817","MCPD","Parking Lot - Residential","E","2E2","520","10400",,"MOTOR CITY",,"DR","39.02649","-77.1439","2D","    (39.0265, -77.1439)"
"201590867","9105","260040455","09/15/2026 02:36:16 PM","08/31/2026 11:00:00 PM","09/11/2026 09:00:00 AM","90Z","1","Crime Against Society","All Other Offenses","LOST PROPERTY","SILVER SPRING","10700 BLK  VENETIA MILL CIR","SILVER SPRING","MD","20901","MCPD","Parking Lot - Residential","I","3I3","144","10700",,"VENETIA MILL",,"CIR","39.0323","-77.002","3D","    (39.0323, -77.002)"
"201589119","4899","260038258","08/31/2026 10:25:16 PM","08/31/2026 10:25:00 PM",,"90Z","1","Crime Against Society","All Other Offenses","OBSTRUCT POLICE (DESCRIBE OFFENSE)","MONTGOMERY VILLAGE","500 BLK  QUINCE ORCHARD RD","GAITHERSBURG","MD","20878","MCPD","Street - Commercial","P","6P2","445","500",,"QUINCE ORCHARD",,"RD","39.14581","-77.2198","6D","    (39.1458, -77.2198)"
"201589119","3572","260038258","08/31/2026 10:25:16 PM","08/31/2026 10:25:00 PM",,"35A","1","Crime Against Society","Drug/Narcotic Violations","DRUGS - AMPHETAMINE - POSSESS","MONTGOMERY VILLAGE","500 BLK  QUINCE ORCHARD RD","GAITHERSBURG","MD","20878","MCPD","Street - Commercial","P","6P2","445","500",,"QUINCE ORCHARD",,"RD","39.14581","-77.2198","6D","    (39.1458, -77.2198)"
"201589112","1306","260038257",,"08/31/2026 10:10:00 PM",,"13A","1","Crime Against Person","Aggravated Assault","ASSAULT - AGGRAVATED - NON-FAMILY-STRONG-ARM","WHEATON",,"SILVER SPRING","MD","20902","MCPD","Street - In vehicle","L","4L1","359",,,"BUCKNELL",,"DR","39.03134","-77.0453","4D","    (39.0313, -77.0453)"
"201589122","5016","260038260","09/01/2026 12:05:49 AM","08/31/2026 10:00:00 PM",,"90Z","1","Crime Against Society","All Other Offenses","OBSTRUCT GOVT - VIOLATION OF A COURT ORDER","ROCKVILLE","15700 BLK  FREDERICK RD","DERWOOD","MD","20855","MCPD","Street - Commercial","A","1A1","242","15700",,"FREDERICK",,"RD","39.11327","-77.1628","1D","    (39.1133, -77.1628)"
"201589162","2404","260038316",,"08/31/2026 10:00:00 PM","09/01/2026 11:30:00 AM","240","1","Crime Against Property","Motor Vehicle Theft","AUTO THEFT - VEHICLE THEFT","SILVER SPRING","1500 BLK  DECEMBER DR","SILVER SPRING","MD","20904","MCPD","Parking Lot - Residential","I","3I1","145","1500",,"DECEMBER",,"DR","39.04165","-76.9813","3D","    (39.0416, -76.9813)"
"201589201","5707","260038368",,"08/31/2026 09:57:00 PM",,"90J","1","Crime Against Society","Trespass of Real Property","TRESPASSING","WHEATON","11200 BLK  GEORGIA AVE","SILVER SPRING","MD","20902","MCPD","Residence - Apartment/Condo","L","4L2","324","11200",,"GEORGIA",,"AVE","0.0","0.0","4D","    (0.0, 0.0)"
"201589108","4104","260038253",,"08/31/2026 09:14:00 PM",,"90G","1","Crime Against Society","Liquor Law Violations","LIQUOR - POSSESS","MONTGOMERY VILLAGE","10000 BLK  STEDWICK RD","MONTGOMERY VILLAGE","MD","20886","MCPD","Retail - Mall","R","6R2","546","10000",,"STEDWICK",,"RD","39.1699","-77.2054","6D","    (39.1699, -77.2054)"
"201589192","2308","260038358","09/01/2026 03:23:16 PM","08/31/2026 09:00:00 PM","08/31/2026 09:05:00 PM","23D","1","Crime Against Property","Theft from Building","LARCENY - FROM BLDG","SILVER SPRING","8600 BLK  COLESVILLE RD","SILVER SPRING","MD","20910","MCPD","Other/Unknown","G","3G1","108","8600",,"COLESVILLE",,"RD","38.99602","-77.0281","3D","    (38.996, -77.0281)"
"201589115","3700","260038255","08/31/2026 08:44:00 PM","08/31/2026 08:44:00 PM",,"370","1","Crime Against Society","Pornography/Obscene Material","OBSCENE MATERIAL","SILVER SPRING","500 BLK  EASLEY ST","SILVER SPRING","MD","20910","MCPD","Other/Unknown","G","3G1","114","500",,"EASLEY",,"ST","38.99531","-77.017","3D","    (38.9953, -77.017)"
"201589114","9113","260038250","08/31/2026 08:32:35 PM","08/31/2026 08:32:00 PM",,"90Z","1","Crime Against Society","All Other Offenses","MENTAL ILLNESS - EMERGENCY PETITION","SILVER SPRING","1100 BLK  EAST WEST HWY","SILVER SPRING","MD","20910","MCPD","Residence - Apartment/Condo","G","3G1","668","1100",,"EAST WEST",,"HWY","38.98824","-77.0273","3D","    (38.9882, -77.0273)"
"201589104","4104","260038249",,"08/31/2026 08:31:00 PM",,"90G","1","Crime Against Society","Liquor Law Violations","LIQUOR - POSSESS","MONTGOMERY VILLAGE","9600 BLK  LOST KNIFE RD","GAITHERSBURG","MD","20877","MCPD","Street - Bus Stop","R","6R1","505","9600",,"LOST KNIFE",,"RD","39.15237","-77.1983","6D","    (39.1524, -77.1983)"
"201589200","2404","260038373","09/01/2026 05:30:59 PM","08/31/2026 08:00:00 PM","09/01/2026 01:00:00 PM","240","1","Crime Against Property","Motor Vehicle Theft","AUTO THEFT - VEHICLE THEFT","GERMANTOWN","19200 BLK  WHEATFIELD TER","GAITHERSBURG","MD","20879","MCPD","Street - Residential","M","5M1","470","19200",,"WHEATFIELD",,"TER","39.17088","-77.2303","5D","    (39.1709, -77.2303)"
"201589118","2699","260038245","08/31/2026 07:34:59 PM","08/31/2026 07:34:00 PM",,"26A","1","Crime Against Property","False Pretenses/Swindle/Confidence Game","FRAUD (DESCRIBE OFFENSE)","WHEATON","13800 BLK  BEACON HOLLOW LA","SILVER SPRING","MD","20906","MCPD","Other/Unknown","K","4K1","348","13800",,"BEACON HOLLOW",,"LA","39.08142","-77.0615","4D","    (39.0814, -77.0615)"
"201589198","2404","260038367","09/01/2026 04:20:40 PM","08/31/2026 07:30:00 PM","09/01/2026 02:00:00 PM","240","1","Crime Against Property","Motor Vehicle Theft","AUTO THEFT - VEHICLE THEFT","SILVER SPRING","1  BLK E SCHUYLER RD","SILVER SPRING","MD","20901","MCPD","Street - Residential","G","3G2","123","1","E","SCHUYLER",,"RD","39.00384","-77.008","3D","    (39.0038, -77.008)"
"201589098","9199","260038240","08/31/2026 07:07:46 PM","08/31/2026 07:07:00 PM","08/31/2026 07:10:00 PM","90Z","1","Crime Against Society","All Other Offenses","POLICE INFORMATION","GERMANTOWN","20900 BLK  FREDERICK RD","GERMANTOWN","MD","20876","MCPD","Grocery/Supermarket","M","5M1","701","20900",,"FREDERICK",,"RD","39.19829","-77.2448","5D","    (39.1983, -77.2448)"
"201589161","2305","260038318","09/01/2026 12:27:15 PM","08/31/2026 07:00:00 PM","09/01/2026 09:00:00 AM","23F","1","Crime Against Property","Theft From Motor Vehicle","LARCENY - FROM AUTO","GERMANTOWN","18900 BLK  FOUNTAIN HILLS DR","GERMANTOWN","MD","20874","MCPD","Street - Residential","N","5N2","594","18900",,"FOUNTAIN HILLS",,"DR","39.16439","-77.2745","5D","    (39.1644, -77.2745)"
"201589101","2399","260038236","08/31/2026 06:41:24 PM","08/31/2026 06:41:00 PM",,"23H","1","Crime Against Property","All other Larceny","LARCENY (DESCRIBE OFFENSE)","WHEATON","11100 BLK  VEIRS MILL RD","SILVER SPRING","MD","20902","MCPD","Street - Commercial","L","4L2","324","11100",,"VEIRS MILL",,"RD","39.03756","-77.0519","4D","    (39.0376, -77.0519)"
"201589111","1399","260038232","08/31/2026 06:12:40 PM","08/31/2026 06:12:00 PM",,"13B","1","Crime Against Person","Simple Assault","ASSAULT - 2ND DEGREE","BETHESDA",,"POTOMAC","MD","20854","MCPD","Street - Other","E","2E2","220",,,"SEVEN LOCKS",,"RD","39.00917","-77.1598","2D","    (39.0092, -77.1598)"
"201589315","9199","260038540","09/02/2026 06:05:28 PM","08/31/2026 06:05:00 PM",,"90Z","1","Crime Against Society","All Other Offenses","POLICE INFORMATION","ROCKVILLE","1600 BLK E JEFFERSON ST","ROCKVILLE","MD","20852","RCPD","Residence - Apartment/Condo","A","1A2","266","1600","E","JEFFERSON",,"ST","39.06226","-77.129","1D","    (39.0623, -77.129)"
"201589107","9113","260038233","08/31/2026 06:02:59 PM","08/31/2026 06:02:00 PM",,"90Z","1","Crime Against Society","All Other Offenses","MENTAL ILLNESS - EMERGENCY PETITION",,,"FAIRFAX FX","VA","22032","MCPD","Residence -Townhouse/Duplex","w","own","Unknown",,,,,,"0.0","0.0","Unknown","    (0.0, 0.0)"
"201589094","1103","260038226","08/31/2026 05:40:00 PM","08/31/2026 05:40:00 PM",,"11A","1","Crime Against Person","Forcible Rape","RAPE - STRONG-ARM","GERMANTOWN","20000 BLK  AIRCRAFT DR","GERMANTOWN","MD","20874","MCPD","Residence - Single Family","N","5N1","702","20000",,"AIRCRAFT",,"DR","39.18396","-77.2617","5D","    (39.184, -77.2617)"
"201589209","2303","260038223","08/31/2026 05:30:00 PM","08/31/2026 05:30:00 PM",,"23C","1","Crime Against Property","Shoplifting","LARCENY - SHOPLIFTING","SILVER SPRING","800 BLK  WAYNE AVE","SILVER SPRING","MD","20910","MCPD","Retail - Drug Store/Pharmacy","G","3G1","671","800",,"WAYNE",,"AVE","0.0","0.0","3D","    (0.0, 0.0)"
"201589097","1399","260038221","08/31/2026 05:10:34 PM","08/31/2026 05:10:00 PM",,"13B","3","Crime Against Person","Simple Assault","ASSAULT - 2ND DEGREE","WHEATON",,"SILVER SPRING","MD","20902","MCPD","Street - Commercial","L","4L2","355",,,"UNIVERSITY",,"BLV","38.98874","-76.9875","4D","    (38.9887, -76.9875)"
"201589087","2999","260038217","08/31/2026 05:00:53 PM","08/31/2026 05:00:00 PM",,"290","1","Crime Against Property","Destruction/Damage/Vandalism of Property","DAMAGE PROPERTY (DESCRIBE OFFENSE)","GERMANTOWN","19400 BLK  CRYSTAL ROCK DR","GERMANTOWN","MD","20874","MCPD","Parking Lot - School","N","5N1","447","19400",,"CRYSTAL ROCK",,"DR","39.17478","-77.2664","5D","    (39.1748, -77.2664)"
"201589246","2902","260038234","08/31/2026 06:20:57 PM","08/31/2026 05:00:00 PM","08/31/2026 05:40:00 PM","290","1","Crime Against Property","Destruction/Damage/Vandalism of Property","DAMAGE PROPERTY - PRIVATE","GERMANTOWN","22300 BLK  ROLLING HILL LA","GAITHERSBURG","MD","20882","MCPD","Residence - Other","M","5M2","410","22300",,"ROLLING HILL",,"LA","39.22272","-77.1272","5D","    (39.2227, -77.1272)"
"201589163","2303","260038213","08/31/2026 04:46:45 PM","08/31/2026 04:46:00 PM",,"23C","1","Crime Against Property","Shoplifting","LARCENY - SHOPLIFTING","GERMANTOWN","20900 BLK  FREDERICK RD","GERMANTOWN","MD","20876","MCPD","Retail - Appliances/Electronics","M","5M1","701","20900",,"FREDERICK",,"RD","39.19829","-77.2448","5D","    (39.1983, -77.2448)"
"201589099","9113","260038229","08/31/2026 04:40:46 PM","08/31/2026 04:40:00 PM",,"90Z","1","Crime Against Society","All Other Offenses","MENTAL ILLNESS - EMERGENCY PETITION","MONTGOMERY VILLAGE","2600 BLK  RESEARCH BLV","ROCKVILLE","MD","20850","MCPD","Hotel/Motel/Etc.","P","6P1","721","2600",,"RESEARCH",,"BLV","39.10499","-77.1904","6D","    (39.105, -77.1904)"
"201591639","2303","260041459",,"08/31/2026 04:37:00 PM",,"23C","1","Crime Against Property","Shoplifting","LARCENY - SHOPLIFTING","MONTGOMERY VILLAGE","16500 BLK S FREDERICK AVE","GAITHERSBURG","MD","20877","MCPD","Liquor Store - County","P","6P3","432","16500","S","FREDERICK",,"AVE","0.0","0.0","6D","    (0.0, 0.0)"
"201589103","1399","260038211","08/31/2026 04:36:38 PM","08/31/2026 04:36:00 PM",,"13B","2","Crime Against Person","Simple Assault","ASSAULT - 2ND DEGREE","MONTGOMERY VILLAGE","400 BLK N SUMMIT AVE","GAITHERSBURG","MD","20877","GPD","Parking Lot - Residential","P","6P3","419","400","N","SUMMIT",,"AVE","39.14823","-77.1931","6D","    (39.1482, -77.1931)"
"201589103","5311","260038211","08/31/2026 04:36:38 PM","08/31/2026 04:36:00 PM",,"90C","1","Crime Against Society","Disorderly Conduct","PUBLIC PEACE - DISORDERLY CONDUCT","MONTGOMERY VILLAGE","400 BLK N SUMMIT AVE","GAITHERSBURG","MD","20877","GPD","Parking Lot - Residential","P","6P3","419","400","N","SUMMIT",,"AVE","39.14823","-77.1931","6D","    (39.1482, -77.1931)"
"201589103","4899","260038211","08/31/2026 04:36:38 PM","08/31/2026 04:36:00 PM",,"90Z","1","Crime Against Society","All Other Offenses","OBSTRUCT POLICE (DESCRIBE OFFENSE)","MONTGOMERY VILLAGE","400 BLK N SUMMIT AVE","GAITHERSBURG","MD","20877","GPD","Parking Lot - Residential","P","6P3","419","400","N","SUMMIT",,"AVE","39.14823","-77.1931","6D","    (39.1482, -77.1931)"
"201589091","2308","260038216","08/31/2026 04:35:51 PM","08/31/2026 04:35:00 PM",,"23D","1","Crime Against Property","Theft from Building","LARCENY - FROM BLDG","WHEATON","11100 BLK  VEIRS MILL RD","SILVER SPRING","MD","20902","MCPD","Retail - Department/Discount Store","L","4L2","321","11100",,"VEIRS MILL",,"RD","39.03756","-77.0519","4D","    (39.0376, -77.0519)"
"201589089","2999","260038208",,"08/31/2026 04:30:00 PM","08/31/2026 04:34:00 PM","290","1","Crime Against Property","Destruction/Damage/Vandalism of Property","DAMAGE PROPERTY (DESCRIBE OFFENSE)","TAKOMA PARK","1300 BLK  HOLTON LA","TAKOMA PARK","MD","20912","TPPD","Restaurant","T","8T3","807","1300",,"HOLTON",,"LA","38.9859","-76.9881","TPPD","    (38.9859, -76.9881)"
"201589247","2611","260038241","08/31/2026 07:04:15 PM","08/31/2026 04:30:00 PM","08/31/2026 05:10:00 PM","26G","1","Crime Against Property","Hacking/Computer Invasion","FRAUD - HACKING/COMPUTER INVASION","MONTGOMERY VILLAGE","300 BLK  RIDGE RD","WASHINGTON GROVE","MD","20880","MCPD","Other/Unknown","P","6P3","418","300",,"RIDGE",,"RD","0.0","0.0","6D","    (0.0, 0.0)"
"201589155","2902","260038309","09/01/2026 11:49:21 AM","08/31/2026 04:25:00 PM",,"290","1","Crime Against Property","Destruction/Damage/Vandalism of Property","DAMAGE PROPERTY - PRIVATE","MONTGOMERY VILLAGE","9200 BLK  WEATHERVANE PL","MONTGOMERY VILLAGE","MD","20886","MCPD","Residence -Townhouse/Duplex","R","6R2","504","9200",,"WEATHERVANE",,"PL","39.1825","-77.1906","6D","    (39.1825, -77.1906)"
"201589093","1399","260038202","08/31/2026 04:13:18 PM","08/31/2026 04:13:00 PM",,"13B","1","Crime Against Person","Simple Assault","ASSAULT - 2ND DEGREE","GERMANTOWN","13000 BLK  THUNDERHEAD DR","GERMANTOWN","MD","20874","MCPD","Residence -Townhouse/Duplex","N","5N1","702","13000",,"THUNDERHEAD",,"DR","39.18806","-77.2697","5D","    (39.1881, -77.2697)"
"201589306","9105","260038531",,"08/31/2026 04:00:00 PM","08/31/2026 09:00:00 PM","90Z","1","Crime Against Society","All Other Offenses","LOST PROPERTY","BETHESDA","10300 BLK  JACOBSEN ST","BETHESDA","MD","20817","MCPD","Other/Unknown","E","2E1","197","10300",,"JACOBSEN",,"ST","39.02656","-77.1357","2D","    (39.0266, -77.1357)"
